razonSocial,nomComuna,place,direccion,idCust,weekday,serviceTime,COD,Name,penalty
A.F.P. SANTA MARIA S.A.,Providencia,2,SUECIA  211  P. 13,1,1,90,PR,1_PR_1,28800
ACTION LINE CHILE S.A.,Santiago,1,MAC IVER 440 PISO 6,2,1,90,SA,2_SA_1,28800
ARTEL S.A.I.C.,Santiago,1,MATIAS COUSI—O 54 PISO 2,3,1,75,SA,3_SA_1,28800
BAEZA Y COMPA—IA LTDA.,Las Condes,3,APOQUINDO 3001 PISO 12 OFIC. 1203,4,1,120,LC,4_LC_1,28800
BANCO DE CHILE,Santiago,1,AGUSTINAS 733 PISO 1 BCA.ORIVADA,5,1,90,SA,5_SA_1,28800
BANCO DE CREDITO E INVERSIONES,Santiago,1,BANDERA 236 19-A PISO 3 CC.12282,6,1,30,SA,6_SA_1,28800
BANCO DEL ESTADO DE CHILE,Santiago,1,ALAMEDA 1111 P 8 SUBGCIA REGULARIZ.CRED.,7,1,290,SA,7_SA_1,28800
BANCO DEL ESTADO DE CHILE,Santiago,1,HUERFANOS 1202 P.3 OF.310,8,1,60,SA,8_SA_1,28800
BANCO SANTANDER CHILE,Santiago,1,MONEDA 975  PISO 5,9,1,360,SA,9_SA_1,28800
BANCO SANTANDER CHILE,Santiago,1,AGUSTINAS 920 P.4,10,1,60,SA,10_SA_1,28800
BANCO SANTANDER CHILE,Santiago,1,AHUMADA 170  1ER SUBTE.,11,1,120,SA,11_SA_1,28800
BANCO SANTANDER CHILE,Santiago,1,AGUSTINAS 1389 P.2,12,1,75,SA,12_SA_1,28800
BANCO SANTANDER CHILE,Santiago,1,MATIAS COUSI?O 199 P-9,13,1,60,SA,13_SA_1,28800
BANCO SANTANDER CHILE,Santiago,1,BANDERA 140 P.2,14,1,90,SA,14_SA_1,28800
BANCOESTADO CORREDORES DE SEGUROS LTDA.,Santiago,1,MONEDA 1140 PISO 2,15,1,240,SA,15_SA_1,28800
BOLSA DE C.DE STGO.BOLSA DE VAL.,Santiago,1,LA BOLSA 64 P.1,16,1,110,SA,16_SA_1,28800
CADE IDP.SERV.DE INGENIERIA LTDA,—uÒoa,5,VILLASECA 21 PISO 8,17,1,180,NU,17_NU_1,28800
CARABINEROS DE CHILE,Santiago,1,AMUNATEGUI  519 SUB DIR.TRANSITO P9,18,1,90,SA,18_SA_1,28800
CASA DE ESTUDIOS P.DE VALDIVIA,Santiago,1,AGUSTINAS 1943 PISO 1,19,1,180,SA,19_SA_1,28800
CIA. CERVECERIAS UNIDAS S.A.,Santiago,1,BANDERA 84 PISO 8  DEPTO.TESORERIA,20,1,60,SA,20_SA_1,28800
CIA.ELECTROMETALURGICA S.A.,—uÒoa,5,AV. V.MACKENNA 1570 GCIA.. GEN,21,1,90,NU,21_NU_1,28800
CITIBANK N.A.,Providencia,2,AV PROVIDENCIA 655,22,1,60,PR,22_PR_1,28800
CMPC CELULOSA S.A.,Santiago,1,AGUSTINAS 1357  P2,23,1,90,SA,23_SA_1,28800
COASIN CHILE S.A.,Providencia,2,AV. HOLANDA 1292,24,1,100,PR,24_PR_1,28800
COGAN GRUPO NORTE S.A.,Providencia,2,MARCHANT PEREIRA 1030,25,1,90,PR,25_PR_1,28800
COLEGIO CALASANZ,—uÒoa,5,MONTENEGRO 661,26,1,420,NU,26_NU_1,28800
COLEGIO DEL SAGRADO CORAZON,Las Condes,3,SANTA MAGDALENA SOFIA 277,27,1,180,LC,27_LC_1,28800
COMERCIAL CYP S.A.,Santiago,1,ESTADO 10 OF. 1701,28,1,30,SA,28_SA_1,28800
COMERCIAL ECCSA S.A.,Santiago,1,HUERFANOS 979  OF.401,29,1,60,SA,29_SA_1,28800
CONSTRA.ASOC.B Y C LTDA.,Providencia,2,LAS URBINA 53 OF 141,30,1,60,PR,30_PR_1,28800
CORPBANCA,Santiago,1,ALAMEDA 2206 PISO 1,31,1,90,SA,31_SA_1,28800
CORPBANCA,Santiago,1,HUERFANOS 1072   P8,32,1,90,SA,32_SA_1,28800
COZ Y CIA. LTDA.,Las Condes,3,AV LAS CONDES 11380 OF. 101,33,1,150,LC,33_LC_1,28800
DERCO AUTOS S.A.,Las Condes,3,AV KENNEDY 5601 1ER SUBTE,34,1,80,LC,34_LC_1,28800
DIRECCION NACIONAL GENDARMERIA DE CHILE,Santiago,1,ROSAS 1274 PISO 1 (CONTAB Y PR,35,1,105,SA,35_SA_1,28800
"ECHEVERRIA,IZQUIERDO,ING. Y CONST. S.A.",Las Condes,3,BENJAMIN 2944 PISO 2.,36,1,60,LC,36_LC_1,28800
EMBAJADA DE ITALIA,Providencia,2,CLEMENTE FABRES 1050,37,1,60,PR,37_PR_1,28800
EMBAJADA DE ITALIA,Providencia,2,CLEMENTE FABRES 1050,38,1,80,PR,38_PR_1,28800
EMBAJADA DE RUSIA,Las Condes,3,COLON 4152,39,1,90,LC,39_LC_1,28800
EMPRESAS C.M.P.C. S.A.,Santiago,1,AGUSTINAS  1343 P.9,40,1,60,SA,40_SA_1,28800
ENTEL PCS TELECOMUNICACIONES S.A.,Las Condes,3,AV. ANDRES BELLO 2711 PISO 14,41,1,120,LC,41_LC_1,28800
ENTEL PCS TELECOMUNICACIONES S.A.,Providencia,2,AV. ANDRES BELLO 2777 P11,42,1,60,PR,42_PR_1,28800
ESEDEI INGENIEROS S.A.,Santiago,1,COYANCURA 2283 P7,43,1,207,SA,43_SA_1,28800
EXAMENES DE LABORATORIOS S.A.,Providencia,2,11 DE SEPTIEMBRE 1920 P4,44,1,25,PR,44_PR_1,28800
FUNDACION EDUCACIONAL TABANCURA,Vitacura,4,LAS HUALTATAS 10030,45,1,75,VI,45_VI_1,28800
FUNDACION NACIONAL PARA LA SUPERACION DE,Santiago,1,LONDRES 69,46,1,90,SA,46_SA_1,28800
FUNDACION NACIONAL PARA LA SUPERACION DE,Santiago,1,LONDRES   69,47,1,90,SA,47_SA_1,28800
GRAFHIKA COPY CENTER LTDA.,Santiago,1,DOMEYKO 2338,48,1,60,SA,48_SA_1,28800
GRAFHIKA COPY CENTER LTDA.,Santiago,1,TENDERINI 78,49,1,60,SA,49_SA_1,28800
HOTELES DE CHILE S.A.,Las Condes,3,AVDA. KENNEDY 5741 P.1 RECEPCION,50,1,80,LC,50_LC_1,28800
I.MUNICIPALIDAD DE SANTIAGO,Santiago,1,STO DOMINGO 916 PISO 7 OF.703 CENT.FOTO,51,1,90,SA,51_SA_1,28800
ING SEGUROS DE VIDA S.A.,Providencia,2,COYANCURA 2283,52,1,30,PR,52_PR_1,28800
INGENIERIA ELECTRICA VOLTA LTDA.,—uÒoa,5,JOSE MANUEL INFANTE 2670,53,1,90,NU,53_NU_1,28800
INMOBILIARIA NORTE VERDE S.A.,Las Condes,3,ENRIQUE FOSTER SUR 20 PISO 14,54,1,60,LC,54_LC_1,28800
INMOBILIARIA NORTE VERDE S.A.,Las Condes,3,ENRIQUE FOSTER SUR 20 PISO 14,55,1,60,LC,55_LC_1,28800
INSTITUTO HEBREO S.A.,Las Condes,3,AV.LAS CONDES 13450,56,1,150,LC,56_LC_1,28800
ISAPRE CONSALUD S.A.,Santiago,1,SAN MARTIN 30 PISO 1,57,1,60,SA,57_SA_1,28800
ISAPRE CONSALUD S.A.,Santiago,1,ALAMEDA 1511 P.7,58,1,60,SA,58_SA_1,28800
ISAPRE CONSALUD S.A.,Santiago,1,ALAMEDA 1511 P.7,59,1,60,SA,59_SA_1,28800
ISE LAS AMERICAS CIA DE SEG DE VIDA S.A.,Las Condes,3,AV. EL BOSQUE NORTE 0177 OF. 602,60,1,90,LC,60_LC_1,28800
JOHNSON`S S.A.,Santiago,1,NUBLE 1034 PISO 2,61,1,30,SA,61_SA_1,28800
JOHNSON`S S.A.,Santiago,1,AHUMADA 55 PISO 2,62,1,150,SA,62_SA_1,28800
JOHNSON`S S.A.,Santiago,1,MATIAS COUSI—O  64 E P OF 1,63,1,75,SA,63_SA_1,28800
JOHNSON`S S.A.,Santiago,1,AGUSTINAS 978,64,1,10,SA,64_SA_1,28800
JOHNSON`S S.A.,Santiago,1,—UBLE 1008 REC HUMANOS,65,1,30,SA,65_SA_1,28800
LABORATORIO RECALCINE,Providencia,2,PEDRO DE VALDIVIA 428,66,1,75,PR,66_PR_1,28800
LAS AGUILAS LTDA.,Santiago,1,BANDERA 84 P2 OF 215,67,1,60,SA,67_SA_1,28800
LIBRERIA GONZALEZ Y ASPE LTDA,Santiago,1,LIRA 192 LOCAL G,68,1,120,SA,68_SA_1,28800
LOPEZ MARTINEZ MARIA EUGENIA,Vitacura,4,VITACURA 8400 LOCAL   D,69,1,60,VI,69_VI_1,28800
MAX HUBER REPROTECNICA LTDA.,Santiago,1,MIRAFLORES 109,70,1,180,SA,70_SA_1,28800
MAX HUBER REPROTECNICA LTDA.,Providencia,2,GENERAL DEL CANTO 276,71,1,520,PR,71_PR_1,28800
MINISTERIO DEL INTERIOR,Santiago,1,AGUSTINAS 1235 P.8,72,1,195,SA,72_SA_1,28800
MINISTERIO DEL INTERIOR,Providencia,2,TORRES BOONEN 511 PISO 1,73,1,120,PR,73_PR_1,28800
MONTRONE PLA S.A.,Santiago,1,SANTA R0SA 2055 P 3 RRHH,74,1,60,SA,74_SA_1,28800
MOP DIRECCION GENERAL,Santiago,1,MORANDE 59 P10  DIR.ARQUITEC.OF.1015,75,1,75,SA,75_SA_1,28800
NETCO LTDA.,Santiago,1,EJERCITO LIBERTADOR 146 SALA MULTIUSO,76,1,100,SA,76_SA_1,28800
NOTARIA PATRICIO RABY BENAVENTE,Santiago,1,MONEDA 920 P 2 OF 205,77,1,120,SA,77_SA_1,28800
PONTIFICIA UNIVERSIDAD CATOLICA,Santiago,1,EL COMENDADOR 1946 ADM.CAMPUS LO CONTADO,78,1,60,SA,78_SA_1,28800
PONTIFICIA UNIVERSIDAD CATOLICA,Santiago,1,MARCOLETA 345 P 2 B. SANGRE (320),79,1,100,SA,79_SA_1,28800
PRECISION HISPANA,Santiago,1,EJERCITO 521 PISO 2,80,1,90,SA,80_SA_1,28800
PREFECTURA CARABINEROS SANTIAGO CENTRO,Santiago,1,STO DOMINGO 714 1 COMIS STGO,81,1,60,SA,81_SA_1,28800
PROSPECTA S.A.,Vitacura,4,VITACURA 2736 P-18,82,1,30,VI,82_VI_1,28800
RUIZ RUIZ ANGEL GASPAR,Santiago,1,MIRAFLORES 211,83,1,240,SA,83_SA_1,28800
SAC  CHILE S.A.,Las Condes,3,SAN SEBASTIAN 2839,84,1,15,LC,84_LC_1,28800
SALCOBRAND S.A.,Providencia,2,COYANCURA  2283  OF. 1502,85,1,70,PR,85_PR_1,28800
SALVI HERMANOS LTDA.,Providencia,2,MANUEL MONTT 844,86,1,90,PR,86_PR_1,28800
SEC.REG.MINST.DE TRASP.Y TELECOM,Santiago,1,AMUNATEGUI 139 PISO 9,87,1,60,SA,87_SA_1,28800
SEGURIDAD Y  TELECOMUNICACIONES S.A.,Las Condes,3,LAS CONDES 7300,88,1,120,LC,88_LC_1,28800
SERVICIOS DE ADMIN. PREVISIONALES S.A.,Providencia,2,MARCHANT PEREIRA 10  P.16,89,1,70,PR,89_PR_1,28800
SERVICIOS DE CONTROL DE CREDITOS S.A.,Santiago,1,MONJITAS 550 P2 OF 7,90,1,90,SA,90_SA_1,28800
SERVICIOS GENERALES LTDA.,Providencia,2,LADISLAO ERRAZURIZ 2121,91,1,120,PR,91_PR_1,28800
SOC FORESTAL LOS ESTEROS LTDA,Santiago,1,COMPANIA 1068  OF 607,92,1,60,SA,92_SA_1,28800
SOCIEDAD CONSTRUCTORA ELECTRICA LTDA.,Santiago,1,HUERFANOS  1178 OF 509,93,1,90,SA,93_SA_1,28800
SODEXHO CHILE S.A.,—uÒoa,5,WILLIAMS REBOLLEDO 1799  P.2.EDIF NUEVO,94,1,160,NU,94_NU_1,28800
SONDA S.A.,Santiago,1,TEATINOS 500 P.8,95,1,140,SA,95_SA_1,28800
STECK Y CIA. LTDA.,Vitacura,4,BUENAVENTURA 1770 L.6,96,1,50,VI,96_VI_1,28800
STUEDEMANN S.A.,Providencia,2,CONDELL 303 STUDIOPRINT,97,1,20,PR,97_PR_1,28800
STUEDEMANN S.A.,Providencia,2,CONDELL 303 STUDIO PRINT,98,1,10,PR,98_PR_1,28800
SUPERINTENDENCIA DE ELECTRICIDAD Y COMBU,Santiago,1,AMUNATEGUI 58 P.5,99,1,75,SA,99_SA_1,28800
UNIVERSIDAD FINIS TERRAE,Providencia,2,AV. PEDRO DE VALDIVIA 1543,100,1,60,PR,100_PR_1,28800
A.F.P. PROVIDA S.A.,Providencia,2,PEDRO DE VALDIVIA 100  PISO 3,101,2,60,PR,101_PR_2,28800
ABASTIBLE SA,Santiago,1,VICU—A MACKENNA 55 OF.303,102,2,120,SA,102_SA_2,28800
ADMINISTRADORA CMR FALABELLA LTDA,Santiago,1,STA ELENA 1422,103,2,120,SA,103_SA_2,28800
AES GENER S.A.,Las Condes,3,SANCHEZ FONTECILLA 310 P 3,104,2,120,LC,104_LC_2,28800
AHK BUSINESS CENTER,Las Condes,3,BOSQUE NORTE 0440 OF.601 (1-2-5),105,2,200,LC,105_LC_2,28800
ASEA BROWN BOVERI S.A.,—uÒoa,5,VICU—A MACKENNA 1602 RECEPCION.,106,2,75,NU,106_NU_2,28800
ASESORES EN VIAJE S.A.,Providencia,2,Las Bellotas # 225,107,2,30,PR,107_PR_2,28800
ASOC.FUNC.MUNICIP.DE LAS CONDES,Las Condes,3,AV. APOQUINDO 3076 INTERIOR  SUBTE,108,2,10,LC,108_LC_2,28800
BANCO DEL ESTADO DE CHILE,Santiago,1,BANDERA 861   1P,109,2,110,SA,109_SA_2,28800
BANCO DEL ESTADO DE CHILE,Santiago,1,MORANDE 25 PISO 3,110,2,120,SA,110_SA_2,28800
BANCO DEL ESTADO DE CHILE,Santiago,1,ALAMEDA 1111 P.6 GCIA. GRAL.FINANZAS,111,2,120,SA,111_SA_2,28800
BANCO DEL ESTADO DE CHILE,Santiago,1,NUEVA YORK 33 P 17,112,2,60,SA,112_SA_2,28800
BANCO DEL ESTADO DE CHILE,Santiago,1,MORANDE 25 FISCALIA P.5 OF 503,113,2,60,SA,113_SA_2,28800
BANCO DEL ESTADO DE CHILE,Santiago,1,ALAMEDA 1111 P 3 COMERCIO EXTE,114,2,60,SA,114_SA_2,28800
BANCO IND.Y DE COMERCIO EXTERIOR,Providencia,2,ISIDORA GOYENECHEA 3132 P 1,115,2,90,PR,115_PR_2,28800
BANCO SANTANDER CHILE,Santiago,1,AGUSTINAS 1025 P 4,116,2,60,SA,116_SA_2,28800
BANCO SANTANDER CHILE,Santiago,1,Agustinas 1025 piso 5 Crillon,117,2,140,SA,117_SA_2,28800
BANCO SANTANDER CHILE,Santiago,1,ALAMEDA 1449 P.6,118,2,120,SA,118_SA_2,28800
BANCO SANTANDER CHILE,Santiago,1,AHUMADA 52 SUBTERRANEO,119,2,60,SA,119_SA_2,28800
BANCO SANTANDER CHILE,Santiago,1,HUERFANOS 1081,120,2,55,SA,120_SA_2,28800
BANCO SANTANDER CHILE,Las Condes,3,EL RODEO 12850 LOCAL 33,121,2,45,LC,121_LC_2,28800
BANCO SANTANDER CHILE,Santiago,1,AHUMADA 170 PISO 3,122,2,50,SA,122_SA_2,28800
BANCO SANTANDER CHILE,Santiago,1,BANDERA 140 P 18 ADMISION DE R,123,2,50,SA,123_SA_2,28800
BANCO SANTANDER CHILE,Santiago,1,AGUSTINAS 920 P.2,124,2,30,SA,124_SA_2,28800
"BANKBOSTON, N.A.",Santiago,1,NVA.YORK 33 ..SUCURSAL,125,2,60,SA,125_SA_2,28800
BELLSOUTH INVERSIONES S.A.,Providencia,2,MANUEL MONTT 1404 PISO 4,126,2,180,PR,126_PR_2,28800
BELLSOUTH INVERSIONES S.A.,Providencia,2,MANUEL MONTT 1404 PISO 3.,127,2,80,PR,127_PR_2,28800
C.M.P.C. PAPELES S.A.,Santiago,1,AGUSTINAS 1357 ENTREPISO,128,2,120,SA,128_SA_2,28800
CADE IDP.SERV.DE INGENIERIA LTDA,—uÒoa,5,JOSE DOMINGO CA—AS 2640,129,2,120,NU,129_NU_2,28800
CAJA DE COMPENSAC.DE LOS ANDES,Santiago,1,HUERFANOS 1133 PISO 2,130,2,90,SA,130_SA_2,28800
CAMPVS MATER S.A.,Providencia,2,AV. PROVIDENCIA 1760 P.14,131,2,215,PR,131_PR_2,28800
CARABINEROS DE CHILE,Santiago,1,AV BERNARDO OHIGGINS 1196 P 10 ADM CAJA,132,2,20,SA,132_SA_2,28800
CHILECTRA S.A.,Santiago,1,VICTORIA 612 PISO 2,133,2,90,SA,133_SA_2,28800
CHILECTRA S.A.,Santiago,1,SANTA ROSA 76 PISO 4,134,2,60,SA,134_SA_2,28800
CIA. CERVECERIAS UNIDAS S.A.,Santiago,1,BANDERA 84 P9,135,2,60,SA,135_SA_2,28800
CIA. CHILENA DE PERFORACIONES LTDA.,Las Condes,3,BENJAMIN 2935  PISO 8  OF.802,136,2,30,LC,136_LC_2,28800
CIA. MINERA DISPUTADA LAS CONDES LTDA.,Providencia,2,"AV. PEDRO DE VALDIVIA 291, 1 SUBTERRANEO",137,2,150,PR,137_PR_2,28800
CITIBANK N.A.,Vitacura,4,O BRIEN 2235,138,2,90,VI,138_VI_2,28800
CITIBANK N.A.,Providencia,2,PROVIDENCIA 2653  P 2,139,2,60,PR,139_PR_2,28800
CITIBANK N.A.,Santiago,1,HUERFANOS 770,140,2,50,SA,140_SA_2,28800
COLEGIO CALASANZ,—uÒoa,5,MONTENEGRO 661,141,2,150,NU,141_NU_2,28800
CONSEJO LOCAL DE DEPORTES LAS CONDES,Las Condes,3,CERRO COLORADO 5435,142,2,50,LC,142_LC_2,28800
CONSERVADOR DE BIENES RAICES,Santiago,1,MORANDE 440  P.2,143,2,180,SA,143_SA_2,28800
CONSORCIO ARA-INGENDESA LTDA.,Santiago,1,SAN ISIDRO 65,144,2,90,SA,144_SA_2,28800
CONSORCIO NAC.SEG.S.A.CIA.SEG.V.,Las Condes,3,CALLAO 2928 PISO 1,145,2,60,LC,145_LC_2,28800
CONSORCIO NAC.SEG.S.A.CIA.SEG.V.,Santiago,1,BANDERA 248 LC.1,146,2,165,SA,146_SA_2,28800
CONSORCIO NAC.SEG.S.A.CIA.SEG.V.,Las Condes,3,AV.EL BOSQUE SUR 180 P6 RRHH,147,2,30,LC,147_LC_2,28800
DIARIO EL SUR S.A.,Santiago,1,CATEDRAL 1009   OF 306,148,2,90,SA,148_SA_2,28800
EJERCITO DE CHILE DIRECCION DE LOGISTICA,Santiago,1,ZENTENO 45 P.8 AYUDANTIA PERS.,149,2,235,SA,149_SA_2,28800
EJERCITO DE CHILE DIRECCION DE LOGISTICA,Santiago,1,ZENTENO 45 P 8,150,2,120,SA,150_SA_2,28800
EJERCITO DE SALVACION,Santiago,1,AV.ESPA—A 46-PISO 2,151,2,120,SA,151_SA_2,28800
ENRIQUE OSIAC BROSKY,Las Condes,3,LAS CONDESAS 2436,152,2,1,LC,152_LC_2,28800
EXTRACTOS NATURALES GELYMAR S.A.,Providencia,2,AV. STA. MARIA 2050 P.3,153,2,230,PR,153_PR_2,28800
FED. INTERN. DE TRAB. DE LA IND. METALUR,Providencia,2,PROV.2019 42-B P4,154,2,170,PR,154_PR_2,28800
FED.NAC.DE TRABAJADORES DEL COBRE,Santiago,1,GENERAL BUSTAMANTE 627 PISO 2,155,2,240,SA,155_SA_2,28800
FUNDACION ALCAZAR,Providencia,2,GUARDIA VIEJA 255 OF. 704,156,2,80,PR,156_PR_2,28800
GRAFHIKA COPY CENTER LTDA.,Santiago,1,STO.  DOMINGO  1862,157,2,150,SA,157_SA_2,28800
HQI TRANSELEC CHILE S.A.,Providencia,2,APOQUINDO 3721 PISO 6,158,2,85,PR,158_PR_2,28800
I.MUNICIPALIDAD DE SANTIAGO,Santiago,1,BALMACEDA  1114  3P,159,2,55,SA,159_SA_2,28800
IMAX S. A.,Providencia,2,PADRE MARIANO 277 P 3,160,2,60,PR,160_PR_2,28800
INACAP,Las Condes,3,AV. APOQUINDO 7282 P-3 SALA DE PROF.,161,2,180,LC,161_LC_2,28800
ING SALUD ISAPRE,Santiago,1,MIRAFLORES 222 E/P,162,2,1,SA,162_SA_2,28800
INSTITUTO NACIONAL DE DEPORTES,Providencia,2,FIDEL OTEIZA 1956  P.8,163,2,120,PR,163_PR_2,28800
INTERPLUS S.A.,—uÒoa,5,JOSE P.ALESSANDRI 1800,164,2,90,NU,164_NU_2,28800
ISAPRE PROMEPART,Santiago,1,MERCED 280 PISO 3,165,2,120,SA,165_SA_2,28800
JOHNSON`S S.A.,Santiago,1,AVDA. KENNEDY 5413 L-123,166,2,40,SA,166_SA_2,28800
JOHNSON`S S.A.,Santiago,1,—UBLE   1055  P. 2,167,2,60,SA,167_SA_2,28800
LABORATORIO RIDER S.A.,Santiago,1,PLACER 1354  PISO 2,168,2,60,SA,168_SA_2,28800
MAX HUBER REPROTECNICA LTDA.,Las Condes,3,APOQUINDO 4900-LOCAL 82,169,2,135,LC,169_LC_2,28800
MAX HUBER REPROTECNICA LTDA.,Santiago,1,MIRAFLORES 109,170,2,120,SA,170_SA_2,28800
MINERA LAS CENIZAS S.A.,Providencia,2,CORONEL 2354,171,2,65,PR,171_PR_2,28800
MINIST DE DEFENSA SUBSEC INVEST,—uÒoa,5,AV JOSE PEDRO ALESSANDRI 1800,172,2,60,NU,172_NU_2,28800
MOP DIRECCION GENERAL,Santiago,1,MORANDE 59 P 10 EDIF.PUBLICA OF.1001,173,2,55,SA,173_SA_2,28800
MOP DIRECCION GENERAL,Santiago,1,MORANDE 59 P 7 OF. DE PARTES,174,2,360,SA,174_SA_2,28800
MOP DIRECCION GENERAL,Santiago,1,BOMBERO SALAS 1351 P 7,175,2,90,SA,175_SA_2,28800
MUTUAL DE SEGURIDAD C CH. C,Santiago,1,ALAMEDA 4848  HOLL,176,2,90,SA,176_SA_2,28800
MUTUALIDAD DEL EJERCITO Y AVIACION,Providencia,2,AV. 11 DE SEPTIEMBRE 2336 P.2,177,2,50,PR,177_PR_2,28800
NOVARTIS CHILE S.A.,—uÒoa,5,FRANCISCO MENESES 1980,178,2,20,NU,178_NU_2,28800
PATRONATO NAC. DE LA INFANCIA,Providencia,2,PEDRO DE VALDIVIA 844,179,2,100,PR,179_PR_2,28800
PIRELLI NEUMATICOS,Las Condes,3,AV. NVA TAJAMAR 555  OF 302,180,2,60,LC,180_LC_2,28800
PONTIFICIA UNIVERSIDAD CATOLICA,Las Condes,3,MALL ALTO LAS CONDES LOCAL 1106,181,2,120,LC,181_LC_2,28800
SEGUROS VIDA SECURITY PREVISION S.A.,Las Condes,3,HENDAYA 60 PISO 7 CASA MATRIZ,182,2,60,LC,182_LC_2,28800
SEGURY CORP S.A.,—uÒoa,5,SUCRE 1828,183,2,20,NU,183_NU_2,28800
SENADO DE LA REPUBLICA,Santiago,1,SAN MARTIN 32 P.2,184,2,15,SA,184_SA_2,28800
SER.DE RG.CIVIL E IDENTIFICACION,Santiago,1,CATEDRAL 1772 PISO 6 PRESUPUESTO,185,2,35,SA,185_SA_2,28800
SERV.DE CORRESPONDENCIA ENVIA LTDA,Providencia,2,CALLE BARROS ERRAZURIZ 1954 OF.1602,186,2,120,PR,186_PR_2,28800
SERVICIO DE IMPUESTOS INTERNOS,Santiago,1,TEATINOS 120 SUBTERRANEO,187,2,210,SA,187_SA_2,28800
SERVICIOS GRAFICOS JCV S.A.,Vitacura,4,VITACURA 2653 B,188,2,100,VI,188_VI_2,28800
UNIVERSIDAD DE CHILE,Providencia,2,PIO NONO NRO.1,189,2,80,PR,189_PR_2,28800
UNIVERSIDAD DE LA REPUBLICA,Santiago,1,AGUSTINAS 1831,190,2,30,SA,190_SA_2,28800
A.F.P. PROVIDA S.A.,Providencia,2,P. DE VALDIVIA 100 PISO 5,191,3,60,PR,191_PR_3,28800
ALIMENTOS MARINOS S.A.,Providencia,2,MAR DEL PLATA 2111,192,3,130,PR,192_PR_3,28800
ALIMENTOS MULTIEXPORT S.A.,Las Condes,3,ISIDORA GOYENECHEA  3621  P 17 TORRE B,193,3,70,LC,193_LC_3,28800
AUTOMOVIL CLUB DE CHILE,Providencia,2,ANDRES BELLO 1863 PISO 2,194,3,20,PR,194_PR_3,28800
BANCO CONOSUR,Santiago,1,ALAMEDA 1980 P.4,195,3,150,SA,195_SA_3,28800
BANCO DE CHILE,Providencia,2,PROVIDENCIA 2178 ( STA. ISABEL ),196,3,45,PR,196_PR_3,28800
BANCO DE CHILE,Santiago,1,"AGUSTINAS 951, P. 5 SALA PROC.",197,3,120,SA,197_SA_3,28800
BANCO DE CHILE,Santiago,1,ESTADO 387 P.2,198,3,60,SA,198_SA_3,28800
BANCO DE CHILE,Santiago,1,HUERFANOS 980 P.2 COMERCIO EXTERIOR-3,199,3,80,SA,199_SA_3,28800
BANCO DE CREDITO E INVERSIONES,Santiago,1,SAN DIEGO 2043,200,3,60,SA,200_SA_3,28800
BANCO DE CREDITO E INVERSIONES,Las Condes,3,APOQUINDO 5710,201,3,270,LC,201_LC_3,28800
BANCO DEL ESTADO DE CHILE,Santiago,1,ALAMEDA 1111 P.3 COMERCIO EXT,202,3,180,SA,202_SA_3,28800
BANCO DEL ESTADO DE CHILE,Santiago,1,ALAMEDA 1111 P.2 MODULO 6,203,3,45,SA,203_SA_3,28800
BANCO SANTANDER CHILE,Santiago,1,IRENE MORALES 10 PLAZA ITALIA,204,3,80,SA,204_SA_3,28800
BANCO SANTANDER CHILE,Santiago,1,BANDERA 206 P 8,205,3,60,SA,205_SA_3,28800
BELLSOUTH INVERSIONES S.A.,Providencia,2,MANUEL MONTT 1404 PISO 4,206,3,35,PR,206_PR_3,28800
BOLSA DE C.DE STGO.BOLSA DE VAL.,Santiago,1,LA BOLSA 64 P.3 OF.227 SERVICIOS,207,3,50,SA,207_SA_3,28800
CARABINEROS DE CHILE,Santiago,1,ALAMEDA 1196 P 6 DPTO 2,208,3,90,SA,208_SA_3,28800
CARABINEROS DE CHILE,Santiago,1,AMUNATEGUI 519 P 11,209,3,45,SA,209_SA_3,28800
CASA DE ESTUDIOS P.DE VALDIVIA,Santiago,1,AGUSTINAS 1943 PISO 1,210,3,180,SA,210_SA_3,28800
CIA.ELECTROMETALURGICA S.A.,—uÒoa,5,AVDA VICU?A MACKENNA 1570 G COMERCIAL,211,3,40,NU,211_NU_3,28800
CITIBANK N.A.,Santiago,1,AHUMADA 40,212,3,40,SA,212_SA_3,28800
CITIBANK N.A.,Las Condes,3,AV EL  BOSQUE  0500  P. 3,213,3,90,LC,213_LC_3,28800
CLINICA ALEMANA DE SANTIAGO S.A.,Vitacura,4,AV.  VITACURA 5951 CENTRO COPI,214,3,25,VI,214_VI_3,28800
CLINITEST LTDA,Providencia,2,RICARDO LYON 1899,215,3,45,PR,215_PR_3,28800
COMANDANCIA EN JEFE,Santiago,1,ZENTENO 45 P.5 ALA NORTE AYUDANTIA,216,3,80,SA,216_SA_3,28800
COMERCIALIZADORA S.A.,Santiago,1,ALAMEDA 757 P5,217,3,150,SA,217_SA_3,28800
CONSERVADOR DE BIENES RAICES,Santiago,1,MORANDE 440 P.2,218,3,120,SA,218_SA_3,28800
CONSERVADOR DE BIENES RAICES,Santiago,1,MORANDE 440 P.4,219,3,90,SA,219_SA_3,28800
CONSORCIO NAC.SEG.S.A.CIA.SEG.V.,Providencia,2,EL BOSQUE 180 PISO 6,220,3,60,PR,220_PR_3,28800
CTRO. DE ANALISIS Y ASES DE MERCADO  LTD,Providencia,2,CARLOS ANTUNEZ  1843 DEPTO  105  BLOCK22,221,3,35,PR,221_PR_3,28800
DELOITTE & TOUCHE,Providencia,2,PROVIDENCIA 1760 PISO 9,222,3,60,PR,222_PR_3,28800
DELOITTE & TOUCHE OUTSOURCING S.A.,Providencia,2,AV PROVIDENCIA 1760 PISO 6,223,3,40,PR,223_PR_3,28800
DELTOUR,Providencia,2,MONSE?OR FELIX CABRERA 62,224,3,50,PR,224_PR_3,28800
DIRECCION NACIONAL GENDARMERIA DE CHILE,Santiago,1,ROSAS 1274 PISO 3,225,3,80,SA,225_SA_3,28800
EMP.CONST.AVELLANEDA LTDA.,Providencia,2,AV. LUIS TAYER OJEDA 0191 P 16,226,3,65,PR,226_PR_3,28800
EMPRESA NACIONAL DE EXPLOSIVOS,Las Condes,3,RENATO SANCHEZ 3859,227,3,120,LC,227_LC_3,28800
EMPRESAS JUAN YARUR S.A.C.,Santiago,1,MONEDA 920 OF.801,228,3,100,SA,228_SA_3,28800
FORWARD COMPUTACION LTDA,Santiago,1,ALAMEDA 108 L 119,229,3,60,SA,229_SA_3,28800
FUNDACION VIDA,Providencia,2,RICCARDO MATTE PEREZ 0156,230,3,30,PR,230_PR_3,28800
GRAFHIKA COPY CENTER LTDA.,Santiago,1,DOMEYKO 2338,231,3,80,SA,231_SA_3,28800
GRAFHIKA COPY CENTER LTDA.,Providencia,2,GUARDIA VIEJA 240,232,3,120,PR,232_PR_3,28800
GUERRERO DITEAUX RAUL,Santiago,1,AV. VICUNA MACKENNA 856,233,3,40,SA,233_SA_3,28800
HOCHTIEF CHILENA LTDA.,Las Condes,3,AVDA EL BOSQUE NORTE 0440 P9 OF902,234,3,60,LC,234_LC_3,28800
"HONORATO, RUSSI A CIA. LTDA.",Las Condes,3,ROGER DE FLOR 2736 PISO 6,235,3,120,LC,235_LC_3,28800
I. MUNICIPALIDAD DE VITACURA,Vitacura,4,SANCHO DE LA HOZ 3470 DIREC.DE OPERACI,236,3,90,VI,236_VI_3,28800
I.MUNICIPALIDAD DE PROVIDENCIA,Providencia,2,PEDRO DE VALDIVIA 963.DIREC.PROTEC CIVIL,237,3,70,PR,237_PR_3,28800
INDUSTRIA TEXTIL MONARCH S.A.,Santiago,1,VICUNA MACKENNA 1215 PISO 3,238,3,60,SA,238_SA_3,28800
ING SALUD S.A.,Santiago,1,MORANDE 325 SUBTERRANEO,239,3,180,SA,239_SA_3,28800
ING SEGUROS DE VIDA S.A.,Providencia,2,COYANCURA 2283,240,3,60,PR,240_PR_3,28800
INMOBIL. E INVERSIONES RUCA S.A.,Santiago,1,MAC IVER 225 OF 302,241,3,20,SA,241_SA_3,28800
KOCH INGENIERIA (CHILE) LTDA.,Las Condes,3,EL BOSQUE NORTE 0440 OF.1202,242,3,40,LC,242_LC_3,28800
LEXIS NEXIS CHILE LTDA,Santiago,1,MIRAFLORES 383 P.12,243,3,120,SA,243_SA_3,28800
MAX HUBER REPROTECNICA LTDA.,Santiago,1,MONEDA 1045,244,3,80,SA,244_SA_3,28800
MINISTERIO SECRETARIA GRAL. DE GOBIERNO,Santiago,1,TEATINOS 20 OF.47,245,3,160,SA,245_SA_3,28800
MITSUI TRADING AND SERVICE LTDA.,Las Condes,3,AV ANDRES BELLO 2711 P 11,246,3,100,LC,246_LC_3,28800
MMRR.EE.DIR.RELAC.ECONOM.INTERNC,Santiago,1,TEATINOS 20 P.9 PRO CHILE OF. 91,247,3,90,SA,247_SA_3,28800
MULTINEGOCIOS S.A.,Santiago,1,AGUSTINAS 785 P.9,248,3,60,SA,248_SA_3,28800
NCR CHILE LTDA.,Santiago,1,MIRAFLORES 383 P.17,249,3,75,SA,249_SA_3,28800
NOTARIA PATRICIO RABY BENAVENTE,Santiago,1,MONEDA 920 P 2 OF 205,250,3,60,SA,250_SA_3,28800
PCS-CORP,Providencia,2,"11 DE SEPTIEMBRE 2155 OF. 903, TORRE A",251,3,60,PR,251_PR_3,28800
PONTIFICIA UNIVERSIDAD CATOLICA,Santiago,1,MARCOLETA 352  SALUD PUBLICA P1(670),252,3,55,SA,252_SA_3,28800
PROCESOS INTEGRALES VIVACOOP S.A.,Santiago,1,AHUMADA 341 PISO 6,253,3,60,SA,253_SA_3,28800
RED DE TELEVISION CHILEVISION S. A.,Providencia,2,INES MATTE URREJOLA 0825,254,3,60,PR,254_PR_3,28800
RED DE TELEVISION CHILEVISION S. A.,Providencia,2,INES MATTE URREJOLA 0825,255,3,150,PR,255_PR_3,28800
RENE WIEGAND KOCH Y CIA LTDA,Providencia,2,PIO NONO 1  PISO 4 FAC.DERECHO,256,3,90,PR,256_PR_3,28800
ROENSA S.A.,Santiago,1,NATANIEL COX 1481,257,3,5,SA,257_SA_3,28800
RUIZ RUIZ ANGEL GASPAR,Santiago,1,MIRAFLORES 211,258,3,120,SA,258_SA_3,28800
SANHUEZA VALLADARES CARLOS,Santiago,1,HUERFANOS 1294 OF 21,259,3,110,SA,259_SA_3,28800
SANTANDER GESTION DE RECAUD. Y COB. LTDA,Santiago,1,MONEDA 856 PISO 5 OF. 502,260,3,120,SA,260_SA_3,28800
SEC.REG.M.DE BIENES NAC.P.S.TIT.,Santiago,1,JUAN ANTONIO RIOS 6 P.5 DECRET,261,3,90,SA,261_SA_3,28800
SEC.REG.MINST.DE TRASP.Y TELECOM,Santiago,1,AMUNATEGUI 139 PISO 2 BIBLIOTECA,262,3,120,SA,262_SA_3,28800
SENADO DE LA REPUBLICA,Santiago,1,SAN MARTIN 32 P.2,263,3,60,SA,263_SA_3,28800
SERV. INTEGRALES DE COMERCIO EXTERIOR LT,Santiago,1,MONJITAS 392 P 11 OF 1103,264,3,65,SA,264_SA_3,28800
SIEMENS S.A.,Providencia,2,AV HOLANDA 64,265,3,100,PR,265_PR_3,28800
SUPERINT DE INSTIT DE SALUD PREVISIONAL,Santiago,1,MAC IVER 225 P 3,266,3,80,SA,266_SA_3,28800
SUPERMERCADO VESPUCIO SUR LTDA.,—uÒoa,5,A.VESPUCIO SUR 881 OF. DE COMPRAS,267,3,50,NU,267_NU_3,28800
UNIVERSIDAD CENTRAL,Santiago,1,TOESCA 1783 METRO TOESCA P 1,268,3,90,SA,268_SA_3,28800
UNIVERSIDAD TECNICA METROPOLITANA,Santiago,1,VIDAURRE 1550 P/4 COMPUTACION,269,3,40,SA,269_SA_3,28800
WARNER MUSIC CHILE S.A.,Providencia,2,AV. POCURO 2262,270,3,75,PR,270_PR_3,28800
AG. DE ADUANA R. FUENZALIDA Y CIA. LTDA.,Providencia,2,LA CONCEPCION 322 PISO 5 OF.504,271,4,60,PR,271_PR_4,28800
ALMACENES PARIS COMERCIAL S.A.,Las Condes,3,AV KENNEDY 5225 P 4 PQUE ARAUC,272,4,130,LC,272_LC_4,28800
AMCHAM CHILE,Las Condes,3,AV. KENNEDY 5735 OF.201 TORRE PONIENTE,273,4,90,LC,273_LC_4,28800
ARAWAK S.A. SERVICIOS PERSONALES,Santiago,1,PORVENIR 464,274,4,60,SA,274_SA_4,28800
BANCO SANTANDER CHILE,Santiago,1,HUERFANOS 1157,275,4,90,SA,275_SA_4,28800
BANCO SANTANDER CHILE,Santiago,1,HUERFANOS 1269,276,4,60,SA,276_SA_4,28800
BANCO SANTANDER CHILE,Santiago,1,CURICO 38 PISO 2.,277,4,120,SA,277_SA_4,28800
BANCO SANTANDER CHILE,Providencia,2,AV. PROVIDENCIA 2051,278,4,150,PR,278_PR_4,28800
BANCO SANTANDER CHILE,Santiago,1,MONEDA 975 P5,279,4,300,SA,279_SA_4,28800
BANCO SANTANDER CHILE,—uÒoa,5,IRARRAZAVAL 2709 PISO1 INTERIO,280,4,60,NU,280_NU_4,28800
"BANKBOSTON, N.A.",Providencia,2,ENRIQUE FOSTER SUR 20..P-6,281,4,70,PR,281_PR_4,28800
BAYERISCHE HAUSBAN INMOBILIARIA LTDA.,Las Condes,3,AV APOQUINDO 3721 PISO 21,282,4,90,LC,282_LC_4,28800
CAJA DE C.A.F.GABRIELA MISTRAL,Santiago,1,AV. VICU—A MACKENNA 165 UNIDAD SUBSIDIOS,283,4,180,SA,283_SA_4,28800
CASA DE ESTUDIOS P.DE VALDIVIA,Santiago,1,AGUSTINAS 1943,284,4,240,SA,284_SA_4,28800
CIA. AMERICANA DE MULTISERVICIOS LTDA.,Santiago,1,TARAPACA 934 PISO 2,285,4,60,SA,285_SA_4,28800
CIA. MINERA DISPUTADA LAS CONDES LTDA.,Providencia,2,PEDRO DE VALDIVIA 291 PISO 13,286,4,60,PR,286_PR_4,28800
CITIBANK N.A.,Providencia,2,ORREGOLUCO 58,287,4,90,PR,287_PR_4,28800
CITIBANK N.A.,Santiago,1,TEATINOS 180 P1,288,4,60,SA,288_SA_4,28800
COCA COLA DE CHILE S.A.,Las Condes,3,AV. KENNEDY 5757 P.11,289,4,110,LC,289_LC_4,28800
COMERCIALIZADORA S.A.,Santiago,1,PUENTE 640 DEPTO CREDITO P1,290,4,60,SA,290_SA_4,28800
COMISION NACIONAL DE RIEGO,Santiago,1,VALENTIN LETELIER 1350 P.1,291,4,150,SA,291_SA_4,28800
COMISION NACIONAL DEL MEDIO AMBIENTE,Providencia,2,OBISPO DONOSO 6 PISO 6,292,4,50,PR,292_PR_4,28800
COMISION NACIONAL DEL MEDIO AMBIENTE,Providencia,2,OBISPO DONOSO 6 PISO 1,293,4,165,PR,293_PR_4,28800
CONFECCIONES GERARD LTDA.,Santiago,1,NATANIEL COX 1528,294,4,90,SA,294_SA_4,28800
CONSTRUCTORA CABO DE HORNOS LTDA.,Las Condes,3,LINEO 6557,295,4,60,LC,295_LC_4,28800
DEFENSA CIVIL DE CHILE,Santiago,1,VERGARA 135,296,4,90,SA,296_SA_4,28800
DISTRIBUIDORA AUTOMOTRIZ SANTIAGO S.A.,Santiago,1,COQUIMBO 345,297,4,100,SA,297_SA_4,28800
ECOLAB S.A.,Providencia,2,PEDRO DE VALDIVIA 3801,298,4,120,PR,298_PR_4,28800
ESCUELA MILITAR,Las Condes,3,LOS MILITARES 4500 1 COMPA?IA,299,4,60,LC,299_LC_4,28800
ESTUDIO RAUL DE LA FUENTE M. Y CIA. LTDA,Santiago,1,Agustinas 1235 of.32 Raul de la Fuente M,300,4,105,SA,300_SA_4,28800
EVASA S.A.,Santiago,1,TEATINOS 449 PISO 3,301,4,75,SA,301_SA_4,28800
FACH COMANDO LOGISTICO,Santiago,1,ALAMEDA 1170 PISO 3,302,4,90,SA,302_SA_4,28800
GASTON FUENZALIDA PROPIEDADES LTDA,Las Condes,3,REYES LAVALLE 3330,303,4,60,LC,303_LC_4,28800
GRAFHIKA COPY CENTER LTDA.,Vitacura,4,ANDRES   BELLO 2879  P. 1,304,4,120,VI,304_VI_4,28800
GRAFHIKA COPY CENTER LTDA.,Providencia,2,GUARDIA VIEJA 240,305,4,25,PR,305_PR_4,28800
GRAFHIKA COPY CENTER LTDA.,Santiago,1,TENDERINI 78,306,4,270,SA,306_SA_4,28800
GRAFICA LETRILANDIA LTDA.,Santiago,1,PORTUGAL 658,307,4,120,SA,307_SA_4,28800
I.MUNICIPALIDAD DE PROVIDENCIA,Providencia,2,P DE VALDIVIA 963  DEPTO CATASTRO,308,4,30,PR,308_PR_4,28800
IMPRESORA Y COMERCIAL TIEMPO FUTURO SA,Providencia,2,ALMIRANTE PASTENE 259,309,4,60,PR,309_PR_4,28800
IMPRESORA Y COMERCIAL TIEMPO FUTURO SA,Providencia,2,ALMIRANTE PASTENE 259,310,4,120,PR,310_PR_4,28800
INGENIERIA Y CONST. KODAMA LTDA.,Providencia,2,AVDA ELIODORO YA?EZ 1198,311,4,60,PR,311_PR_4,28800
INSTITUTO DE ESTUDIOS GRAFICOS DE CHILE,Providencia,2,CANADA 253  OF A  2257706,312,4,50,PR,312_PR_4,28800
INSTITUTO NACIONAL DE DEPORTES,Providencia,2,FIDEL OTEIZA 1956 P.3,313,4,50,PR,313_PR_4,28800
INVERSIONES Y SERVICIOS S.A.,Santiago,1,HUERFANOS 979 P 7,314,4,20,SA,314_SA_4,28800
KPMG JERIA Y ASOC. AUDIT. CONSULT. LTDA.,Santiago,1,MONJITAS 527 PISO 13 OF 1304,315,4,180,SA,315_SA_4,28800
LABORATORIO CHILE S.A.,—uÒoa,5,AV MARATON 1315,316,4,60,NU,316_NU_4,28800
LE MANS ISE CIA.DE SEG.GENERALES S.A.,Las Condes,3,ENCOMENDEROS 138,317,4,45,LC,317_LC_4,28800
LEXIS NEXIS CHILE LTDA,Santiago,1,MIRAFLORES  383 PISO 12,318,4,240,SA,318_SA_4,28800
MARIANA THOMSEN Y CIA.LTDA.,Providencia,2,MANUEL MONTT 2000,319,4,90,PR,319_PR_4,28800
MINISTERIO DEL INTERIOR,Santiago,1,PALACIO DE MONEDA GAB. SR MINISTRO,320,4,120,SA,320_SA_4,28800
MINISTERIO DEL INTERIOR,Santiago,1,PALACIO DE LA MONEDA OF.110,321,4,240,SA,321_SA_4,28800
MINISTERIO DEL INTERIOR,Santiago,1,AGUSTINAS 1235 PISO 3 OF.DERECHOS HUMANO,322,4,90,SA,322_SA_4,28800
MINISTERIO SECRETARIA GRAL. DE GOBIERNO,Santiago,1,PALACIO MONEDA  P 4 DUPLICACION,323,4,120,SA,323_SA_4,28800
OLIMPIA  SCHNEIDER MOENNE-LOCCOZ,Santiago,1,HUERFANOS 1055 LOCAL 328,324,4,130,SA,324_SA_4,28800
PARIS CORREDORES DE SEGUROS LTDA.,Providencia,2,RICARDO LYON 222 P9 OF 901,325,4,180,PR,325_PR_4,28800
PONTIFICIA UNIVERSIDAD CATOLICA,Santiago,1,LIRA 41 DPTO 5    (130),326,4,1,SA,326_SA_4,28800
S.A.C.I. FALABELLA,Santiago,1,ROSAS 1665 P.2 GCIA. ADM. Y FINANZAS,327,4,120,SA,327_SA_4,28800
SEGUROS SECURITY PREVISION GENERALES S.A,Las Condes,3,HENDAYA 60 PISO 6 OF.601,328,4,120,LC,328_LC_4,28800
SEGUROS SECURITY PREVISION GENERALES S.A,Las Condes,3,HENDAYA 60 P7,329,4,90,LC,329_LC_4,28800
SER.DE RG.CIVIL E IDENTIFICACION,Santiago,1,HUERFANOS 1570 P3 DIR REGIONAL,330,4,120,SA,330_SA_4,28800
SER.DE RG.CIVIL E IDENTIFICACION,Santiago,1,CATEDRAL 1772 P.4,331,4,160,SA,331_SA_4,28800
SHELL CHILE S.A.C.E.I.,Providencia,2,CARLOS ANTUNEZ 2490,332,4,120,PR,332_PR_4,28800
SOC.AGRIC.ABOUGHAZALEH HNOS.LTDA.,Vitacura,4,AV LUIS  PASTEUR  5842  OF. 400,333,4,90,VI,333_VI_4,28800
SOUTH EXPRESS CARGO S.A.,Santiago,1,SOTERO DEL RIO 508 OF 1027,334,4,30,SA,334_SA_4,28800
SUP.DE ADMNST.FDOS.DE PENSIONES,Santiago,1,HUERFANOS 1273 P.14,335,4,30,SA,335_SA_4,28800
SUPERMERCADOS UNIMARC S.A.,Vitacura,4,AV SANTA MARIA 6940 LIBRERIA,336,4,240,VI,336_VI_4,28800
TECNA-VAL,Providencia,2,BARROS BORGONO 255,337,4,1,PR,337_PR_4,28800
TRANSBANK S.A.,Santiago,1,HUERFANOS 770 P 11 GCIA.GRAL.,338,4,60,SA,338_SA_4,28800
UNIVERSIDAD DE CHILE,Santiago,1,DIAGONAL PARAGUAY 257-PISO 1,339,4,140,SA,339_SA_4,28800
UNIVERSIDAD DE CHILE,Santiago,1,PLAZA ERCILLA 883 OF.PARTES,340,4,60,SA,340_SA_4,28800
A.F.P. SUMMA-BANSANDER S.A.,Santiago,1,AGUSTINAS 540 PISO 3,341,5,70,SA,341_SA_5,28800
ALGAS MARINAS S.A. ALGAMAR,Providencia,2,FIDEL OTEIZA 1956  P 14,342,5,60,PR,342_PR_5,28800
ARAUCO SALUD S.A.,Las Condes,3,KENNEDY 5757 TORRE ORIENTE OF-702,343,5,45,LC,343_LC_5,28800
ASOC.FUNC.MUNICIP.DE LAS CONDES,Las Condes,3,APOQUINDO 3076 SUBTERRANEO,344,5,120,LC,344_LC_5,28800
ASOCIADOS UNDURRAGA IMPRESORES LTDA.,Santiago,1,ANDES 3561,345,5,150,SA,345_SA_5,28800
BANCO DE CHILE,Las Condes,3,LAS CONDES 10247 OF ESTORIL EDUARD,346,5,70,LC,346_LC_5,28800
BANCO DEL DESARROLLO,Santiago,1,ALAMEDA 929 P5,347,5,20,SA,347_SA_5,28800
BANCO INTERNACIONAL,Santiago,1,MONEDA 818 P.4 CENTRO COPIADO,348,5,60,SA,348_SA_5,28800
BANCO INTERNACIONAL,Santiago,1,MONEDA 818 PISO 2 GCIA GRAL.,349,5,15,SA,349_SA_5,28800
BANCO SANTANDER CHILE,Santiago,1,MONEDA 971 PISO 1 DPTO SOLUCIONES,350,5,180,SA,350_SA_5,28800
BANCO SANTANDER CHILE,Santiago,1,BANDERA 172 (12) PISO 5,351,5,60,SA,351_SA_5,28800
BANCO SANTANDER CHILE,Providencia,2,AV FCO BILBAO 2082 SUBT,352,5,70,PR,352_PR_5,28800
BESTPHARMA S.A,Santiago,1,ERASMO ESCALA 1875 PISO 2,353,5,5,SA,353_SA_5,28800
BIOMET CHILE S.A.,Providencia,2,POCURO 2255,354,5,30,PR,354_PR_5,28800
CAJA DE COMPENSAC.DE LOS ANDES,Las Condes,3,ROSARIO SUR 85,355,5,150,LC,355_LC_5,28800
CAMARA DE COMERCIO DE SANTIAGO,Santiago,1,MONJITAS 392 PISO 3,356,5,150,SA,356_SA_5,28800
CHILECTRA S.A.,Santiago,1,VICTORIA 612 PISO 2,357,5,60,SA,357_SA_5,28800
CIA. MINERA DISPUTADA LAS CONDES LTDA.,Providencia,2,P.DE VALDIVIA 291 PISO 1,358,5,70,PR,358_PR_5,28800
CIA. MINERA DISPUTADA LAS CONDES LTDA.,Las Condes,3,"LOS BRONCES,GERENCIA PLANTAS,S",359,5,10,LC,359_LC_5,28800
CIA. MINERA DISPUTADA LAS CONDES LTDA.,Las Condes,3,LOS BRONCES PROYECTO SAN FRANC,360,5,10,LC,360_LC_5,28800
CIA. MINERA DISPUTADA LAS CONDES LTDA.,Santiago,1,PEDRO DE VALDIVIA 291 1 SUB,361,5,10,SA,361_SA_5,28800
CIENTOCHENTA GRADOS S.A.,Providencia,2,NVA.LOS LEONES 07 PISO 10,362,5,240,PR,362_PR_5,28800
CLINICA ALEMANA DE SANTIAGO S.A.,Vitacura,4,CONCILIO VATICANO 6017,363,5,10,VI,363_VI_5,28800
COMERCIALIZADORA INTEGRAL LTDA.,Providencia,2,ISIDORITA 143,364,5,1,PR,364_PR_5,28800
COMERCIALIZADORA S.A.,Santiago,1,PUENTE 696 P.2 DPTO.CREDITO,365,5,120,SA,365_SA_5,28800
CONSTRUCTORA COPEVA S. A.,Santiago,1,PHILLIPS 84 OF 49,366,5,20,SA,366_SA_5,28800
CORPORACION DE AYUDA AL PACIENTE MENTAL,Providencia,2,MELCHOR CONCHA 9 BARRIO BELLAVISTA,367,5,15,PR,367_PR_5,28800
DILACO LTDA,Providencia,2,PEREZ VALENZUELA  N? 1138 P 4,368,5,5,PR,368_PR_5,28800
DIRECCION DEL TRABAJO,Santiago,1,AGUSTINAS 1253 P.6 OF.601 PRES,369,5,120,SA,369_SA_5,28800
DIRECCION DEL TRABAJO,Santiago,1,AGUSTINAS 1253 PISO 6 OFIC. PA,370,5,140,SA,370_SA_5,28800
EMBAJADA DE ITALIA,Providencia,2,CLEMENTE FABRES 1050,371,5,30,PR,371_PR_5,28800
EMP.PARA EL DEPORTE Y LA SALUD LTDA,Las Condes,3,AVDA LAS CONDES 13635,372,5,60,LC,372_LC_5,28800
FALABELLA Y CIA. CORREDORA DE SEGUROS LT,Santiago,1,AHUMADA 179  PISO 9  CORREDORA,373,5,60,SA,373_SA_5,28800
FED. INTERN. DE TRAB. DE LA IND. METALUR,Providencia,2,PROV.2019 42-B P4,374,5,105,PR,374_PR_5,28800
FOCUS GROUP CONSULTORES LTDA.,Providencia,2,ISIDORO GOYENECHEA 3621 P9 OF 902,375,5,170,PR,375_PR_5,28800
GOLDER ASSOCIATES S.A.,Providencia,2,AV. 11 DE SEPTIEMBRE 2353 PISO16,376,5,75,PR,376_PR_5,28800
GRAFHIKA COPY CENTER LTDA.,Providencia,2,GUARDIA VIEJA 240,377,5,30,PR,377_PR_5,28800
HEIDRICK Y STRUGGLES DE CHILE LTDA.,Providencia,2,AV ANDRES BELLO 2777  PISO 9 OF.903,378,5,30,PR,378_PR_5,28800
HOTEL CORP.OF CHILE HYATT REGENCY,Las Condes,3,ALONSO DE CORDOVA 4601 CENTRO NEGOCIOS,379,5,60,LC,379_LC_5,28800
ISAPRE COLMENA GOLDEN CROSS S.A.,Las Condes,3,APOQUINDO 5009 DPTO DE OPERACIONES,380,5,234,LC,380_LC_5,28800
JOHNSON`S S.A.,Santiago,1,SAN DIEGO 1856 PISO 2 AUDITORIA,381,5,60,SA,381_SA_5,28800
MANQUEHUE NET S.A.,Providencia,2,11 DE SEPTIEMBRE 2260 LOC 51,382,5,30,PR,382_PR_5,28800
MINISTERIO DEL INTERIOR,Santiago,1,AGUSTINAS  1235  P. 4,383,5,240,SA,383_SA_5,28800
MINISTERIO SECRETARIA GRAL. DE GOBIERNO,Santiago,1,ALAMEDA 886 PISO 2 ALA NORTE,384,5,240,SA,384_SA_5,28800
MOP DIRECCION GENERAL,Santiago,1,MORANDE 59  P4  (FISCALIA),385,5,60,SA,385_SA_5,28800
PATINO SABAG EDUARDO,Santiago,1,COMPA?IA 1390 OF. 909,386,5,90,SA,386_SA_5,28800
PORTA SYSTEMS CHILE,Santiago,1,LIVINGSTONE 72,387,5,90,SA,387_SA_5,28800
PRESIDENCIA DE LA REPUBLICA,Santiago,1,NUEVA YORK 9 PISO 17,388,5,60,SA,388_SA_5,28800
PROCESOS INTEGRALES VIVACOOP S.A.,Santiago,1,AHUMADA 341 PISO 6,389,5,90,SA,389_SA_5,28800
PUBLICITARIA SUTIL Y ASOCIADOS S.A,Las Condes,3,SAN SEBASTIAN 2909 OF 101,390,5,180,LC,390_LC_5,28800
SERVICIOS DE INGENIERIA LTDA.,Las Condes,3,AV VITACURA  2771 OF 1101 B,391,5,75,LC,391_LC_5,28800
SERVICIOS GENERALES LTDA.,Providencia,2,AV. RICARDO LYON 1177 CENTRO D.,392,5,35,PR,392_PR_5,28800
SERVICIOS GENERALES LTDA.,Providencia,2,AV. RICARDO LYON 1177 CENTRAL,393,5,150,PR,393_PR_5,28800
SOC.INMOBILIARIA SAN CRISTOBAL,Providencia,2,AV.STA. MARIA 1742 INGENIERIA,394,5,75,PR,394_PR_5,28800
TRANSBANK S.A.,Santiago,1,HUERFANOS 770 P8,395,5,90,SA,395_SA_5,28800
TUR BUS LTDA.,Santiago,1,RUIZ TAGLE 220 P.1 AT CLIENTES,396,5,60,SA,396_SA_5,28800
TUR BUS LTDA.,Santiago,1,DOLORES 800  OPERACIONES P.2,397,5,10,SA,397_SA_5,28800
UNIVERSIDAD DE CHILE,—uÒoa,5,IGNACIO CARRERA PINTO 1045 CENTRAL APUNT,398,5,150,NU,398_NU_5,28800
UNIVERSIDAD DE LA REPUBLICA,Santiago,1,AGUSTINAS 1831 -CENTRAL DE APUNTES,399,5,60,SA,399_SA_5,28800
VM.ICA SISTEMAS Y TECNOLOGIA LTDA.,Providencia,2,FIDEL OTEIZA 1916 OF.1001,400,5,45,PR,400_PR_5,28800