razonSocial,nomComuna,place,direccion,idCust,weekday,serviceTime,COD,Name,p,p05,p10,p15,p20,p25,p50,p100,#cliente,day,place,penalty,service
A.F.P. PROVIDA S.A.,Providencia,2,P. DE VALDIVIA 100 PISO 5,191,3,60,PR,191_PR_3,32400,28801,24140,20725,10546,11091,799,125,191_PR_3,3,2,28801,60
A.F.P. PROVIDA S.A.,Providencia,2,PEDRO DE VALDIVIA 100  PISO 3,101,2,60,PR,101_PR_2,32400,28801,24140,20725,10546,11091,799,125,101_PR_2,2,2,28801,60
A.F.P. SANTA MARIA S.A.,Providencia,2,SUECIA  211  P. 13,1,1,90,PR,1_PR_1,32400,29066,25263,20869,12633,11418,2264,268,1_PR_1,1,2,29066,90
A.F.P. SUMMA-BANSANDER S.A.,Santiago,1,AGUSTINAS 540 PISO 3,341,5,70,SA,341_SA_5,32400,29138,25303,21053,14675,12398,2911,365,341_SA_5,5,1,29138,70
ABASTIBLE SA,Santiago,1,"VICU??""A MACKENNA 55 OF.303",102,2,120,SA,102_SA_2,32400,29182,25383,22517,16817,13108,3929,515,102_SA_2,2,1,29182,120
ACTION LINE CHILE S.A.,Santiago,1,MAC IVER 440 PISO 6,2,1,90,SA,2_SA_1,32400,29234,25390,22623,18247,15025,4025,813,2_SA_1,1,1,29234,90
ADMINISTRADORA CMR FALABELLA LTDA,Santiago,1,STA ELENA 1422,103,2,120,SA,103_SA_2,32400,29428,25485,23152,18763,16031,4187,1386,103_SA_2,2,1,29428,120
AES GENER S.A.,Las Condes,3,SANCHEZ FONTECILLA 310 P 3,104,2,120,LC,104_LC_2,32400,29538,25835,23437,19509,16318,4230,2321,104_LC_2,2,3,29538,120
AG. DE ADUANA R. FUENZALIDA Y CIA. LTDA.,Providencia,2,LA CONCEPCION 322 PISO 5 OF.504,271,4,60,PR,271_PR_4,32400,29596,26071,23453,19554,16806,4603,2683,271_PR_4,4,2,29596,60
AHK BUSINESS CENTER,Las Condes,3,BOSQUE NORTE 0440 OF.601 (1-2-5),105,2,200,LC,105_LC_2,32400,29733,26588,23528,19644,16862,5394,2701,105_LC_2,2,3,29733,200
ALGAS MARINAS S.A. ALGAMAR,Providencia,2,FIDEL OTEIZA 1956  P 14,342,5,60,PR,342_PR_5,32400,29738,26784,24006,20050,16905,5570,2808,342_PR_5,5,2,29738,60
ALIMENTOS MARINOS S.A.,Providencia,2,MAR DEL PLATA 2111,192,3,130,PR,192_PR_3,32400,29800,27052,24600,20575,16936,6026,3545,192_PR_3,3,2,29800,130
ALIMENTOS MULTIEXPORT S.A.,Las Condes,3,ISIDORA GOYENECHEA  3621  P 17 TORRE B,193,3,70,LC,193_LC_3,32400,29816,27123,24638,20930,17144,6673,4100,193_LC_3,3,3,29816,70
ALMACENES PARIS COMERCIAL S.A.,Las Condes,3,AV KENNEDY 5225 P 4 PQUE ARAUC,272,4,130,LC,272_LC_4,32400,30006,27267,25044,21349,17147,7297,4542,272_LC_4,4,3,30006,130
AMCHAM CHILE,Las Condes,3,AV. KENNEDY 5735 OF.201 TORRE PONIENTE,273,4,90,LC,273_LC_4,32400,30026,27324,25091,21590,17421,7608,4584,273_LC_4,4,3,30026,90
ARAUCO SALUD S.A.,Las Condes,3,KENNEDY 5757 TORRE ORIENTE OF-702,343,5,45,LC,343_LC_5,32400,30085,27336,25153,21987,18490,8223,5699,343_LC_5,5,3,30085,45
ARAWAK S.A. SERVICIOS PERSONALES,Santiago,1,PORVENIR 464,274,4,60,SA,274_SA_4,32400,30110,27434,25345,21998,19019,8640,5875,274_SA_4,4,1,30110,60
ARTEL S.A.I.C.,Santiago,1,"MATIAS COUSI??""O 54 PISO 2",3,1,75,SA,3_SA_1,32400,30206,27486,25456,22158,19082,9212,6020,3_SA_1,1,1,30206,75
ASEA BROWN BOVERI S.A.,"??""u?'oa",5,"VICU??""A MACKENNA 1602 RECEPCION.",106,2,75,NU,106_NU_2,32400,30235,27507,25571,22395,19447,9666,6163,106_NU_2,2,5,30235,75
ASESORES EN VIAJE S.A.,Providencia,2,Las Bellotas # 225,107,2,30,PR,107_PR_2,32400,30244,27549,25659,22573,19996,9921,6318,107_PR_2,2,2,30244,30
ASOC.FUNC.MUNICIP.DE LAS CONDES,Las Condes,3,APOQUINDO 3076 SUBTERRANEO,344,5,120,LC,344_LC_5,32400,30282,27560,25662,22633,20031,10000,7059,344_LC_5,5,3,30282,120
ASOC.FUNC.MUNICIP.DE LAS CONDES,Las Condes,3,AV. APOQUINDO 3076 INTERIOR  SUBTE,108,2,10,LC,108_LC_2,32400,30282,27560,25662,22633,20031,10000,7059,108_LC_2,2,3,30282,10
ASOCIADOS UNDURRAGA IMPRESORES LTDA.,Santiago,1,ANDES 3561,345,5,150,SA,345_SA_5,32400,30298,27718,25793,22702,20223,10800,7092,345_SA_5,5,1,30298,150
AUTOMOVIL CLUB DE CHILE,Providencia,2,ANDRES BELLO 1863 PISO 2,194,3,20,PR,194_PR_3,32400,30323,27807,26158,22756,20256,10914,7272,194_PR_3,3,2,30323,20
"BAEZA Y COMPA??""IA LTDA.",Las Condes,3,APOQUINDO 3001 PISO 12 OFIC. 1203,4,1,120,LC,4_LC_1,32400,30328,27832,26278,23414,20329,10960,7657,4_LC_1,1,3,30328,120
BANCO CONOSUR,Santiago,1,ALAMEDA 1980 P.4,195,3,150,SA,195_SA_3,32400,30336,27906,26456,23649,20577,11211,8130,195_SA_3,3,1,30336,150
BANCO DE CHILE,Santiago,1,AGUSTINAS 733 PISO 1 BCA.ORIVADA,5,1,90,SA,5_SA_1,32400,30399,27971,26569,23664,20678,11499,8763,5_SA_1,1,1,30399,90
BANCO DE CHILE,Santiago,1,"AGUSTINAS 951, P. 5 SALA PROC.",197,3,120,SA,197_SA_3,32400,30399,27971,26569,23664,20678,11499,8763,197_SA_3,3,1,30399,120
BANCO DE CHILE,Las Condes,3,LAS CONDES 10247 OF ESTORIL EDUARD,346,5,70,LC,346_LC_5,32400,30399,27971,26569,23664,20678,11499,8763,346_LC_5,5,3,30399,70
BANCO DE CHILE,Santiago,1,HUERFANOS 980 P.2 COMERCIO EXTERIOR-3,199,3,80,SA,199_SA_3,32400,30399,27971,26569,23664,20678,11499,8763,199_SA_3,3,1,30399,80
BANCO DE CHILE,Providencia,2,PROVIDENCIA 2178 ( STA. ISABEL ),196,3,45,PR,196_PR_3,32400,30399,27971,26569,23664,20678,11499,8763,196_PR_3,3,2,30399,45
BANCO DE CHILE,Santiago,1,ESTADO 387 P.2,198,3,60,SA,198_SA_3,32400,30399,27971,26569,23664,20678,11499,8763,198_SA_3,3,1,30399,60
BANCO DE CREDITO E INVERSIONES,Santiago,1,BANDERA 236 19-A PISO 3 CC.12282,6,1,30,SA,6_SA_1,32400,30431,28023,26608,23752,20902,12400,8813,6_SA_1,1,1,30431,30
BANCO DE CREDITO E INVERSIONES,Santiago,1,SAN DIEGO 2043,200,3,60,SA,200_SA_3,32400,30431,28023,26608,23752,20902,12400,8813,200_SA_3,3,1,30431,60
BANCO DE CREDITO E INVERSIONES,Las Condes,3,APOQUINDO 5710,201,3,270,LC,201_LC_3,32400,30431,28023,26608,23752,20902,12400,8813,201_LC_3,3,3,30431,270
BANCO DEL DESARROLLO,Santiago,1,ALAMEDA 929 P5,347,5,20,SA,347_SA_5,32400,30435,28051,26625,23821,20946,12412,8950,347_SA_5,5,1,30435,20
BANCO DEL ESTADO DE CHILE,Santiago,1,ALAMEDA 1111 P 8 SUBGCIA REGULARIZ.CRED.,7,1,290,SA,7_SA_1,32400,30461,28116,26873,23998,21055,12492,9397,7_SA_1,1,1,30461,290
BANCO DEL ESTADO DE CHILE,Santiago,1,ALAMEDA 1111 P.3 COMERCIO EXT,202,3,180,SA,202_SA_3,32400,30461,28116,26873,23998,21055,12492,9397,202_SA_3,3,1,30461,180
BANCO DEL ESTADO DE CHILE,Santiago,1,HUERFANOS 1202 P.3 OF.310,8,1,60,SA,8_SA_1,32400,30461,28116,26873,23998,21055,12492,9397,8_SA_1,1,1,30461,60
BANCO DEL ESTADO DE CHILE,Santiago,1,MORANDE 25 PISO 3,110,2,120,SA,110_SA_2,32400,30461,28116,26873,23998,21055,12492,9397,110_SA_2,2,1,30461,120
BANCO DEL ESTADO DE CHILE,Santiago,1,ALAMEDA 1111 P.6 GCIA. GRAL.FINANZAS,111,2,120,SA,111_SA_2,32400,30461,28116,26873,23998,21055,12492,9397,111_SA_2,2,1,30461,120
BANCO DEL ESTADO DE CHILE,Santiago,1,NUEVA YORK 33 P 17,112,2,60,SA,112_SA_2,32400,30461,28116,26873,23998,21055,12492,9397,112_SA_2,2,1,30461,60
BANCO DEL ESTADO DE CHILE,Santiago,1,BANDERA 861   1P,109,2,110,SA,109_SA_2,32400,30461,28116,26873,23998,21055,12492,9397,109_SA_2,2,1,30461,110
BANCO DEL ESTADO DE CHILE,Santiago,1,ALAMEDA 1111 P 3 COMERCIO EXTE,114,2,60,SA,114_SA_2,32400,30461,28116,26873,23998,21055,12492,9397,114_SA_2,2,1,30461,60
BANCO DEL ESTADO DE CHILE,Santiago,1,MORANDE 25 FISCALIA P.5 OF 503,113,2,60,SA,113_SA_2,32400,30461,28116,26873,23998,21055,12492,9397,113_SA_2,2,1,30461,60
BANCO DEL ESTADO DE CHILE,Santiago,1,ALAMEDA 1111 P.2 MODULO 6,203,3,45,SA,203_SA_3,32400,30461,28116,26873,23998,21055,12492,9397,203_SA_3,3,1,30461,45
BANCO IND.Y DE COMERCIO EXTERIOR,Providencia,2,ISIDORA GOYENECHEA 3132 P 1,115,2,90,PR,115_PR_2,32400,30462,28183,26994,24748,21243,13508,9544,115_PR_2,2,2,30462,90
BANCO INTERNACIONAL,Santiago,1,MONEDA 818 P.4 CENTRO COPIADO,348,5,60,SA,348_SA_5,32400,30469,28191,27011,25146,21419,13584,9680,348_SA_5,5,1,30469,60
BANCO INTERNACIONAL,Santiago,1,MONEDA 818 PISO 2 GCIA GRAL.,349,5,15,SA,349_SA_5,32400,30469,28191,27011,25146,21419,13584,9680,349_SA_5,5,1,30469,15
BANCO SANTANDER CHILE,Santiago,1,MONEDA 975  PISO 5,9,1,360,SA,9_SA_1,32400,30473,28204,27187,25253,21459,13882,10062,9_SA_1,1,1,30473,360
BANCO SANTANDER CHILE,Santiago,1,AGUSTINAS 920 P.4,10,1,60,SA,10_SA_1,32400,30473,28204,27187,25253,21459,13882,10062,10_SA_1,1,1,30473,60
BANCO SANTANDER CHILE,Santiago,1,MATIAS COUSI?O 199 P-9,13,1,60,SA,13_SA_1,32400,30473,28204,27187,25253,21459,13882,10062,13_SA_1,1,1,30473,60
BANCO SANTANDER CHILE,Santiago,1,BANDERA 140 P.2,14,1,90,SA,14_SA_1,32400,30473,28204,27187,25253,21459,13882,10062,14_SA_1,1,1,30473,90
BANCO SANTANDER CHILE,Santiago,1,MONEDA 971 PISO 1 DPTO SOLUCIONES,350,5,180,SA,350_SA_5,32400,30473,28204,27187,25253,21459,13882,10062,350_SA_5,5,1,30473,180
BANCO SANTANDER CHILE,Santiago,1,AGUSTINAS 1389 P.2,12,1,75,SA,12_SA_1,32400,30473,28204,27187,25253,21459,13882,10062,12_SA_1,1,1,30473,75
BANCO SANTANDER CHILE,Santiago,1,IRENE MORALES 10 PLAZA ITALIA,204,3,80,SA,204_SA_3,32400,30473,28204,27187,25253,21459,13882,10062,204_SA_3,3,1,30473,80
BANCO SANTANDER CHILE,Santiago,1,BANDERA 206 P 8,205,3,60,SA,205_SA_3,32400,30473,28204,27187,25253,21459,13882,10062,205_SA_3,3,1,30473,60
BANCO SANTANDER CHILE,Providencia,2,AV FCO BILBAO 2082 SUBT,352,5,70,PR,352_PR_5,32400,30473,28204,27187,25253,21459,13882,10062,352_PR_5,5,2,30473,70
BANCO SANTANDER CHILE,Santiago,1,AHUMADA 170  1ER SUBTE.,11,1,120,SA,11_SA_1,32400,30473,28204,27187,25253,21459,13882,10062,11_SA_1,1,1,30473,120
BANCO SANTANDER CHILE,Santiago,1,HUERFANOS 1157,275,4,90,SA,275_SA_4,32400,30473,28204,27187,25253,21459,13882,10062,275_SA_4,4,1,30473,90
BANCO SANTANDER CHILE,Santiago,1,HUERFANOS 1269,276,4,60,SA,276_SA_4,32400,30473,28204,27187,25253,21459,13882,10062,276_SA_4,4,1,30473,60
BANCO SANTANDER CHILE,Santiago,1,CURICO 38 PISO 2.,277,4,120,SA,277_SA_4,32400,30473,28204,27187,25253,21459,13882,10062,277_SA_4,4,1,30473,120
BANCO SANTANDER CHILE,Santiago,1,HUERFANOS 1081,120,2,55,SA,120_SA_2,32400,30473,28204,27187,25253,21459,13882,10062,120_SA_2,2,1,30473,55
BANCO SANTANDER CHILE,Santiago,1,MONEDA 975 P5,279,4,300,SA,279_SA_4,32400,30473,28204,27187,25253,21459,13882,10062,279_SA_4,4,1,30473,300
BANCO SANTANDER CHILE,"??""u?'oa",5,IRARRAZAVAL 2709 PISO1 INTERIO,280,4,60,NU,280_NU_4,32400,30473,28204,27187,25253,21459,13882,10062,280_NU_4,4,5,30473,60
BANCO SANTANDER CHILE,Santiago,1,AHUMADA 52 SUBTERRANEO,119,2,60,SA,119_SA_2,32400,30473,28204,27187,25253,21459,13882,10062,119_SA_2,2,1,30473,60
BANCO SANTANDER CHILE,Santiago,1,AGUSTINAS 920 P.2,124,2,30,SA,124_SA_2,32400,30473,28204,27187,25253,21459,13882,10062,124_SA_2,2,1,30473,30
BANCO SANTANDER CHILE,Las Condes,3,EL RODEO 12850 LOCAL 33,121,2,45,LC,121_LC_2,32400,30473,28204,27187,25253,21459,13882,10062,121_LC_2,2,3,30473,45
BANCO SANTANDER CHILE,Santiago,1,AHUMADA 170 PISO 3,122,2,50,SA,122_SA_2,32400,30473,28204,27187,25253,21459,13882,10062,122_SA_2,2,1,30473,50
BANCO SANTANDER CHILE,Santiago,1,BANDERA 172 (12) PISO 5,351,5,60,SA,351_SA_5,32400,30473,28204,27187,25253,21459,13882,10062,351_SA_5,5,1,30473,60
BANCO SANTANDER CHILE,Santiago,1,ALAMEDA 1449 P.6,118,2,120,SA,118_SA_2,32400,30473,28204,27187,25253,21459,13882,10062,118_SA_2,2,1,30473,120
BANCO SANTANDER CHILE,Providencia,2,AV. PROVIDENCIA 2051,278,4,150,PR,278_PR_4,32400,30473,28204,27187,25253,21459,13882,10062,278_PR_4,4,2,30473,150
BANCO SANTANDER CHILE,Santiago,1,AGUSTINAS 1025 P 4,116,2,60,SA,116_SA_2,32400,30473,28204,27187,25253,21459,13882,10062,116_SA_2,2,1,30473,60
BANCO SANTANDER CHILE,Santiago,1,Agustinas 1025 piso 5 Crillon,117,2,140,SA,117_SA_2,32400,30473,28204,27187,25253,21459,13882,10062,117_SA_2,2,1,30473,140
BANCO SANTANDER CHILE,Santiago,1,BANDERA 140 P 18 ADMISION DE R,123,2,50,SA,123_SA_2,32400,30473,28204,27187,25253,21459,13882,10062,123_SA_2,2,1,30473,50
BANCOESTADO CORREDORES DE SEGUROS LTDA.,Santiago,1,MONEDA 1140 PISO 2,15,1,240,SA,15_SA_1,32400,30672,28212,27199,25379,21972,13986,10291,15_SA_1,1,1,30672,240
"BANKBOSTON, N.A.",Santiago,1,NVA.YORK 33 ..SUCURSAL,125,2,60,SA,125_SA_2,32400,30685,28221,27260,25421,22381,14117,10328,125_SA_2,2,1,30685,60
"BANKBOSTON, N.A.",Providencia,2,ENRIQUE FOSTER SUR 20..P-6,281,4,70,PR,281_PR_4,32400,30685,28221,27260,25421,22381,14117,10328,281_PR_4,4,2,30685,70
BAYERISCHE HAUSBAN INMOBILIARIA LTDA.,Las Condes,3,AV APOQUINDO 3721 PISO 21,282,4,90,LC,282_LC_4,32400,30713,28255,27345,25450,22438,14734,10521,282_LC_4,4,3,30713,90
BELLSOUTH INVERSIONES S.A.,Providencia,2,MANUEL MONTT 1404 PISO 3.,127,2,80,PR,127_PR_2,32400,30763,28336,27347,25831,23563,14792,10542,127_PR_2,2,2,30763,80
BELLSOUTH INVERSIONES S.A.,Providencia,2,MANUEL MONTT 1404 PISO 4,206,3,35,PR,206_PR_3,32400,30763,28336,27347,25831,23563,14792,10542,206_PR_3,3,2,30763,35
BELLSOUTH INVERSIONES S.A.,Providencia,2,MANUEL MONTT 1404 PISO 4,126,2,180,PR,126_PR_2,32400,30763,28336,27347,25831,23563,14792,10542,126_PR_2,2,2,30763,180
BESTPHARMA S.A,Santiago,1,ERASMO ESCALA 1875 PISO 2,353,5,5,SA,353_SA_5,32400,30780,28384,27475,25930,23758,14842,11259,353_SA_5,5,1,30780,5
BIOMET CHILE S.A.,Providencia,2,POCURO 2255,354,5,30,PR,354_PR_5,32400,30798,28511,27581,26034,23772,15083,11600,354_PR_5,5,2,30798,30
BOLSA DE C.DE STGO.BOLSA DE VAL.,Santiago,1,LA BOLSA 64 P.1,16,1,110,SA,16_SA_1,32400,30805,28630,27622,26369,23951,15261,11670,16_SA_1,1,1,30805,110
BOLSA DE C.DE STGO.BOLSA DE VAL.,Santiago,1,LA BOLSA 64 P.3 OF.227 SERVICIOS,207,3,50,SA,207_SA_3,32400,30805,28630,27622,26369,23951,15261,11670,207_SA_3,3,1,30805,50
C.M.P.C. PAPELES S.A.,Santiago,1,AGUSTINAS 1357 ENTREPISO,128,2,120,SA,128_SA_2,32400,30888,28698,27642,26398,24141,15561,11729,128_SA_2,2,1,30888,120
CADE IDP.SERV.DE INGENIERIA LTDA,"??""u?'oa",5,VILLASECA 21 PISO 8,17,1,180,NU,17_NU_1,32400,30888,28700,27728,26424,24159,15592,11737,17_NU_1,1,5,30888,180
CADE IDP.SERV.DE INGENIERIA LTDA,"??""u?'oa",5,"JOSE DOMINGO CA??""AS 2640",129,2,120,NU,129_NU_2,32400,30888,28700,27728,26424,24159,15592,11737,129_NU_2,2,5,30888,120
CAJA DE C.A.F.GABRIELA MISTRAL,Santiago,1,"AV. VICU??""A MACKENNA 165 UNIDAD SUBSIDIOS",283,4,180,SA,283_SA_4,32400,30889,28756,27830,26472,24204,15789,11754,283_SA_4,4,1,30889,180
CAJA DE COMPENSAC.DE LOS ANDES,Las Condes,3,ROSARIO SUR 85,355,5,150,LC,355_LC_5,32400,30895,28776,28027,26540,24687,15947,11852,355_LC_5,5,3,30895,150
CAJA DE COMPENSAC.DE LOS ANDES,Santiago,1,HUERFANOS 1133 PISO 2,130,2,90,SA,130_SA_2,32400,30895,28776,28027,26540,24687,15947,11852,130_SA_2,2,1,30895,90
CAMARA DE COMERCIO DE SANTIAGO,Santiago,1,MONJITAS 392 PISO 3,356,5,150,SA,356_SA_5,32400,30911,28844,28068,26583,24723,16623,12378,356_SA_5,5,1,30911,150
CAMPVS MATER S.A.,Providencia,2,AV. PROVIDENCIA 1760 P.14,131,2,215,PR,131_PR_2,32400,30923,28925,28097,26700,24979,16902,12403,131_PR_2,2,2,30923,215
CARABINEROS DE CHILE,Santiago,1,AMUNATEGUI  519 SUB DIR.TRANSITO P9,18,1,90,SA,18_SA_1,32400,30962,28927,28108,26951,25219,16924,12560,18_SA_1,1,1,30962,90
CARABINEROS DE CHILE,Santiago,1,ALAMEDA 1196 P 6 DPTO 2,208,3,90,SA,208_SA_3,32400,30962,28927,28108,26951,25219,16924,12560,208_SA_3,3,1,30962,90
CARABINEROS DE CHILE,Santiago,1,AMUNATEGUI 519 P 11,209,3,45,SA,209_SA_3,32400,30962,28927,28108,26951,25219,16924,12560,209_SA_3,3,1,30962,45
CARABINEROS DE CHILE,Santiago,1,AV BERNARDO OHIGGINS 1196 P 10 ADM CAJA,132,2,20,SA,132_SA_2,32400,30962,28927,28108,26951,25219,16924,12560,132_SA_2,2,1,30962,20
CASA DE ESTUDIOS P.DE VALDIVIA,Santiago,1,AGUSTINAS 1943 PISO 1,19,1,180,SA,19_SA_1,32400,30977,28976,28224,26984,25362,17307,12640,19_SA_1,1,1,30977,180
CASA DE ESTUDIOS P.DE VALDIVIA,Santiago,1,AGUSTINAS 1943 PISO 1,210,3,180,SA,210_SA_3,32400,30977,28976,28224,26984,25362,17307,12640,210_SA_3,3,1,30977,180
CASA DE ESTUDIOS P.DE VALDIVIA,Santiago,1,AGUSTINAS 1943,284,4,240,SA,284_SA_4,32400,30977,28976,28224,26984,25362,17307,12640,284_SA_4,4,1,30977,240
CHILECTRA S.A.,Santiago,1,SANTA ROSA 76 PISO 4,134,2,60,SA,134_SA_2,32400,30995,29027,28256,27000,25770,17807,12795,134_SA_2,2,1,30995,60
CHILECTRA S.A.,Santiago,1,VICTORIA 612 PISO 2,133,2,90,SA,133_SA_2,32400,30995,29027,28256,27000,25770,17807,12795,133_SA_2,2,1,30995,90
CHILECTRA S.A.,Santiago,1,VICTORIA 612 PISO 2,357,5,60,SA,357_SA_5,32400,30995,29027,28256,27000,25770,17807,12795,357_SA_5,5,1,30995,60
CIA. AMERICANA DE MULTISERVICIOS LTDA.,Santiago,1,TARAPACA 934 PISO 2,285,4,60,SA,285_SA_4,32400,31008,29052,28310,27013,25939,17931,13033,285_SA_4,4,1,31008,60
CIA. CERVECERIAS UNIDAS S.A.,Santiago,1,BANDERA 84 P9,135,2,60,SA,135_SA_2,32400,31066,29056,28315,27055,26001,17936,13246,135_SA_2,2,1,31066,60
CIA. CERVECERIAS UNIDAS S.A.,Santiago,1,BANDERA 84 PISO 8  DEPTO.TESORERIA,20,1,60,SA,20_SA_1,32400,31066,29056,28315,27055,26001,17936,13246,20_SA_1,1,1,31066,60
CIA. CHILENA DE PERFORACIONES LTDA.,Las Condes,3,BENJAMIN 2935  PISO 8  OF.802,136,2,30,LC,136_LC_2,32400,31066,29151,28340,27191,26391,19325,13735,136_LC_2,2,3,31066,30
CIA. MINERA DISPUTADA LAS CONDES LTDA.,Providencia,2,PEDRO DE VALDIVIA 291 PISO 13,286,4,60,PR,286_PR_4,32400,31084,29152,28358,27222,26454,19642,14290,286_PR_4,4,2,31084,60
CIA. MINERA DISPUTADA LAS CONDES LTDA.,Las Condes,3,LOS BRONCES PROYECTO SAN FRANC,360,5,10,LC,360_LC_5,32400,31084,29152,28358,27222,26454,19642,14290,360_LC_5,5,3,31084,10
CIA. MINERA DISPUTADA LAS CONDES LTDA.,Providencia,2,P.DE VALDIVIA 291 PISO 1,358,5,70,PR,358_PR_5,32400,31084,29152,28358,27222,26454,19642,14290,358_PR_5,5,2,31084,70
CIA. MINERA DISPUTADA LAS CONDES LTDA.,Providencia,2,"AV. PEDRO DE VALDIVIA 291, 1 SUBTERRANEO",137,2,150,PR,137_PR_2,32400,31084,29152,28358,27222,26454,19642,14290,137_PR_2,2,2,31084,150
CIA. MINERA DISPUTADA LAS CONDES LTDA.,Las Condes,3,"LOS BRONCES,GERENCIA PLANTAS,S",359,5,10,LC,359_LC_5,32400,31084,29152,28358,27222,26454,19642,14290,359_LC_5,5,3,31084,10
CIA. MINERA DISPUTADA LAS CONDES LTDA.,Santiago,1,PEDRO DE VALDIVIA 291 1 SUB,361,5,10,SA,361_SA_5,32400,31084,29152,28358,27222,26454,19642,14290,361_SA_5,5,1,31084,10
CIA.ELECTROMETALURGICA S.A.,"??""u?'oa",5,AV. V.MACKENNA 1570 GCIA.. GEN,21,1,90,NU,21_NU_1,32400,31088,29155,28610,27300,26493,20082,14374,21_NU_1,1,5,31088,90
CIA.ELECTROMETALURGICA S.A.,"??""u?'oa",5,AVDA VICU?A MACKENNA 1570 G COMERCIAL,211,3,40,NU,211_NU_3,32400,31088,29155,28610,27300,26493,20082,14374,211_NU_3,3,5,31088,40
CIENTOCHENTA GRADOS S.A.,Providencia,2,NVA.LOS LEONES 07 PISO 10,362,5,240,PR,362_PR_5,32400,31093,29203,28610,27436,26752,20085,14759,362_PR_5,5,2,31093,240
CITIBANK N.A.,Providencia,2,AV PROVIDENCIA 655,22,1,60,PR,22_PR_1,32400,31117,29213,28762,27564,26985,20509,14760,22_PR_1,1,2,31117,60
CITIBANK N.A.,Las Condes,3,AV EL  BOSQUE  0500  P. 3,213,3,90,LC,213_LC_3,32400,31117,29213,28762,27564,26985,20509,14760,213_LC_3,3,3,31117,90
CITIBANK N.A.,Providencia,2,PROVIDENCIA 2653  P 2,139,2,60,PR,139_PR_2,32400,31117,29213,28762,27564,26985,20509,14760,139_PR_2,2,2,31117,60
CITIBANK N.A.,Santiago,1,HUERFANOS 770,140,2,50,SA,140_SA_2,32400,31117,29213,28762,27564,26985,20509,14760,140_SA_2,2,1,31117,50
CITIBANK N.A.,Santiago,1,TEATINOS 180 P1,288,4,60,SA,288_SA_4,32400,31117,29213,28762,27564,26985,20509,14760,288_SA_4,4,1,31117,60
CITIBANK N.A.,Providencia,2,ORREGOLUCO 58,287,4,90,PR,287_PR_4,32400,31117,29213,28762,27564,26985,20509,14760,287_PR_4,4,2,31117,90
CITIBANK N.A.,Santiago,1,AHUMADA 40,212,3,40,SA,212_SA_3,32400,31117,29213,28762,27564,26985,20509,14760,212_SA_3,3,1,31117,40
CITIBANK N.A.,Vitacura,4,O BRIEN 2235,138,2,90,VI,138_VI_2,32400,31117,29213,28762,27564,26985,20509,14760,138_VI_2,2,4,31117,90
CLINICA ALEMANA DE SANTIAGO S.A.,Vitacura,4,CONCILIO VATICANO 6017,363,5,10,VI,363_VI_5,32400,31187,29498,28801,27620,27135,20573,15105,363_VI_5,5,4,31187,10
CLINICA ALEMANA DE SANTIAGO S.A.,Vitacura,4,AV.  VITACURA 5951 CENTRO COPI,214,3,25,VI,214_VI_3,32400,31187,29498,28801,27620,27135,20573,15105,214_VI_3,3,4,31187,25
CLINITEST LTDA,Providencia,2,RICARDO LYON 1899,215,3,45,PR,215_PR_3,32400,31193,29498,28930,27756,27443,20740,15180,215_PR_3,3,2,31193,45
CMPC CELULOSA S.A.,Santiago,1,AGUSTINAS 1357  P2,23,1,90,SA,23_SA_1,32400,31198,29601,29003,27835,27471,21307,15388,23_SA_1,1,1,31198,90
COASIN CHILE S.A.,Providencia,2,AV. HOLANDA 1292,24,1,100,PR,24_PR_1,32400,31204,29650,29042,27841,27545,21805,15761,24_PR_1,1,2,31204,100
COCA COLA DE CHILE S.A.,Las Condes,3,AV. KENNEDY 5757 P.11,289,4,110,LC,289_LC_4,32400,31205,29660,29061,27852,27637,22169,15895,289_LC_4,4,3,31205,110
COGAN GRUPO NORTE S.A.,Providencia,2,MARCHANT PEREIRA 1030,25,1,90,PR,25_PR_1,32400,31212,29664,29143,27901,27901,22231,16228,25_PR_1,1,2,31212,90
COLEGIO CALASANZ,"??""u?'oa",5,MONTENEGRO 661,141,2,150,NU,141_NU_2,32400,31234,29691,29232,27940,27943,22326,16557,141_NU_2,2,5,31234,150
COLEGIO CALASANZ,"??""u?'oa",5,MONTENEGRO 661,26,1,420,NU,26_NU_1,32400,31234,29691,29232,27940,27943,22326,16557,26_NU_1,1,5,31234,420
COLEGIO DEL SAGRADO CORAZON,Las Condes,3,SANTA MAGDALENA SOFIA 277,27,1,180,LC,27_LC_1,32400,31246,29714,29347,28036,27944,22586,16781,27_LC_1,1,3,31246,180
COMANDANCIA EN JEFE,Santiago,1,ZENTENO 45 P.5 ALA NORTE AYUDANTIA,216,3,80,SA,216_SA_3,32400,31280,29753,29457,28290,28285,22954,16822,216_SA_3,3,1,31280,80
COMERCIAL CYP S.A.,Santiago,1,ESTADO 10 OF. 1701,28,1,30,SA,28_SA_1,32400,31320,29769,29638,28345,28288,23098,17042,28_SA_1,1,1,31320,30
COMERCIAL ECCSA S.A.,Santiago,1,HUERFANOS 979  OF.401,29,1,60,SA,29_SA_1,32400,31337,29863,29674,28397,28413,23154,17376,29_SA_1,1,1,31337,60
COMERCIALIZADORA INTEGRAL LTDA.,Providencia,2,ISIDORITA 143,364,5,1,PR,364_PR_5,32400,31370,29880,29679,28441,28474,23323,17925,364_PR_5,5,2,31370,1
COMERCIALIZADORA S.A.,Santiago,1,ALAMEDA 757 P5,217,3,150,SA,217_SA_3,32400,31372,29942,29683,28470,28532,23740,18165,217_SA_3,3,1,31372,150
COMERCIALIZADORA S.A.,Santiago,1,PUENTE 696 P.2 DPTO.CREDITO,365,5,120,SA,365_SA_5,32400,31372,29942,29683,28470,28532,23740,18165,365_SA_5,5,1,31372,120
COMERCIALIZADORA S.A.,Santiago,1,PUENTE 640 DEPTO CREDITO P1,290,4,60,SA,290_SA_4,32400,31372,29942,29683,28470,28532,23740,18165,290_SA_4,4,1,31372,60
COMISION NACIONAL DE RIEGO,Santiago,1,VALENTIN LETELIER 1350 P.1,291,4,150,SA,291_SA_4,32400,31385,30019,29769,28493,28719,24018,18532,291_SA_4,4,1,31385,150
COMISION NACIONAL DEL MEDIO AMBIENTE,Providencia,2,OBISPO DONOSO 6 PISO 6,292,4,50,PR,292_PR_4,32400,31393,30120,29850,28501,28736,24077,18563,292_PR_4,4,2,31393,50
COMISION NACIONAL DEL MEDIO AMBIENTE,Providencia,2,OBISPO DONOSO 6 PISO 1,293,4,165,PR,293_PR_4,32400,31393,30120,29850,28501,28736,24077,18563,293_PR_4,4,2,31393,165
CONFECCIONES GERARD LTDA.,Santiago,1,NATANIEL COX 1528,294,4,90,SA,294_SA_4,32400,31396,30172,29899,28552,28779,24146,19209,294_SA_4,4,1,31396,90
CONSEJO LOCAL DE DEPORTES LAS CONDES,Las Condes,3,CERRO COLORADO 5435,142,2,50,LC,142_LC_2,32400,31458,30177,29900,28625,28818,24453,19276,142_LC_2,2,3,31458,50
CONSERVADOR DE BIENES RAICES,Santiago,1,MORANDE 440 P.2,218,3,120,SA,218_SA_3,32400,31469,30187,29928,28638,28905,24454,19349,218_SA_3,3,1,31469,120
CONSERVADOR DE BIENES RAICES,Santiago,1,MORANDE 440 P.4,219,3,90,SA,219_SA_3,32400,31469,30187,29928,28638,28905,24454,19349,219_SA_3,3,1,31469,90
CONSERVADOR DE BIENES RAICES,Santiago,1,MORANDE 440  P.2,143,2,180,SA,143_SA_2,32400,31469,30187,29928,28638,28905,24454,19349,143_SA_2,2,1,31469,180
CONSORCIO ARA-INGENDESA LTDA.,Santiago,1,SAN ISIDRO 65,144,2,90,SA,144_SA_2,32400,31470,30303,29988,28785,29252,24532,20226,144_SA_2,2,1,31470,90
CONSORCIO NAC.SEG.S.A.CIA.SEG.V.,Las Condes,3,CALLAO 2928 PISO 1,145,2,60,LC,145_LC_2,32400,31521,30316,30025,28797,29400,24613,20304,145_LC_2,2,3,31521,60
CONSORCIO NAC.SEG.S.A.CIA.SEG.V.,Santiago,1,BANDERA 248 LC.1,146,2,165,SA,146_SA_2,32400,31521,30316,30025,28797,29400,24613,20304,146_SA_2,2,1,31521,165
CONSORCIO NAC.SEG.S.A.CIA.SEG.V.,Las Condes,3,AV.EL BOSQUE SUR 180 P6 RRHH,147,2,30,LC,147_LC_2,32400,31521,30316,30025,28797,29400,24613,20304,147_LC_2,2,3,31521,30
CONSORCIO NAC.SEG.S.A.CIA.SEG.V.,Providencia,2,EL BOSQUE 180 PISO 6,220,3,60,PR,220_PR_3,32400,31521,30316,30025,28797,29400,24613,20304,220_PR_3,3,2,31521,60
CONSTRA.ASOC.B Y C LTDA.,Providencia,2,LAS URBINA 53 OF 141,30,1,60,PR,30_PR_1,32400,31545,30350,30101,28825,29465,24639,20400,30_PR_1,1,2,31545,60
CONSTRUCTORA CABO DE HORNOS LTDA.,Las Condes,3,LINEO 6557,295,4,60,LC,295_LC_4,32400,31572,30484,30101,28828,29527,24643,20640,295_LC_4,4,3,31572,60
CONSTRUCTORA COPEVA S. A.,Santiago,1,PHILLIPS 84 OF 49,366,5,20,SA,366_SA_5,32400,31607,30505,30105,28846,29558,24716,20823,366_SA_5,5,1,31607,20
CORPBANCA,Santiago,1,HUERFANOS 1072   P8,32,1,90,SA,32_SA_1,32400,31616,30528,30122,28852,29609,24771,21075,32_SA_1,1,1,31616,90
CORPBANCA,Santiago,1,ALAMEDA 2206 PISO 1,31,1,90,SA,31_SA_1,32400,31616,30528,30122,28852,29609,24771,21075,31_SA_1,1,1,31616,90
CORPORACION DE AYUDA AL PACIENTE MENTAL,Providencia,2,MELCHOR CONCHA 9 BARRIO BELLAVISTA,367,5,15,PR,367_PR_5,32400,31623,30591,30133,28856,29650,25289,21393,367_PR_5,5,2,31623,15
COZ Y CIA. LTDA.,Las Condes,3,AV LAS CONDES 11380 OF. 101,33,1,150,LC,33_LC_1,32400,31652,30643,30137,28881,29657,25742,21568,33_LC_1,1,3,31652,150
CTRO. DE ANALISIS Y ASES DE MERCADO  LTD,Providencia,2,CARLOS ANTUNEZ  1843 DEPTO  105  BLOCK22,221,3,35,PR,221_PR_3,32400,31653,30727,30154,28930,29704,25903,21813,221_PR_3,3,2,31653,35
DEFENSA CIVIL DE CHILE,Santiago,1,VERGARA 135,296,4,90,SA,296_SA_4,32400,31656,30759,30186,29178,29728,26077,22138,296_SA_4,4,1,31656,90
DELOITTE & TOUCHE,Providencia,2,PROVIDENCIA 1760 PISO 9,222,3,60,PR,222_PR_3,32400,31669,30761,30193,29233,29749,26090,22597,222_PR_3,3,2,31669,60
DELOITTE & TOUCHE OUTSOURCING S.A.,Providencia,2,AV PROVIDENCIA 1760 PISO 6,223,3,40,PR,223_PR_3,32400,31669,30775,30264,29358,29927,26216,22811,223_PR_3,3,2,31669,40
DELTOUR,Providencia,2,MONSE?OR FELIX CABRERA 62,224,3,50,PR,224_PR_3,32400,31677,30789,30321,29400,30153,26646,22914,224_PR_3,3,2,31677,50
DERCO AUTOS S.A.,Las Condes,3,AV KENNEDY 5601 1ER SUBTE,34,1,80,LC,34_LC_1,32400,31697,30819,30367,29495,30240,26782,22982,34_LC_1,1,3,31697,80
DIARIO EL SUR S.A.,Santiago,1,CATEDRAL 1009   OF 306,148,2,90,SA,148_SA_2,32400,31718,30829,30406,29632,30250,26813,23640,148_SA_2,2,1,31718,90
DILACO LTDA,Providencia,2,PEREZ VALENZUELA  N? 1138 P 4,368,5,5,PR,368_PR_5,32400,31734,30865,30439,29667,30303,27187,23788,368_PR_5,5,2,31734,5
DIRECCION DEL TRABAJO,Santiago,1,AGUSTINAS 1253 P.6 OF.601 PRES,369,5,120,SA,369_SA_5,32400,31735,30920,30445,29683,30319,27357,23920,369_SA_5,5,1,31735,120
DIRECCION DEL TRABAJO,Santiago,1,AGUSTINAS 1253 PISO 6 OFIC. PA,370,5,140,SA,370_SA_5,32400,31735,30920,30445,29683,30319,27357,23920,370_SA_5,5,1,31735,140
DIRECCION NACIONAL GENDARMERIA DE CHILE,Santiago,1,ROSAS 1274 PISO 3,225,3,80,SA,225_SA_3,32400,31785,30996,30478,29715,30388,27969,23932,225_SA_3,3,1,31785,80
DIRECCION NACIONAL GENDARMERIA DE CHILE,Santiago,1,ROSAS 1274 PISO 1 (CONTAB Y PR,35,1,105,SA,35_SA_1,32400,31785,30996,30478,29715,30388,27969,23932,35_SA_1,1,1,31785,105
DISTRIBUIDORA AUTOMOTRIZ SANTIAGO S.A.,Santiago,1,COQUIMBO 345,297,4,100,SA,297_SA_4,32400,31786,30997,30515,29742,30488,28004,24371,297_SA_4,4,1,31786,100
"ECHEVERRIA,IZQUIERDO,ING. Y CONST. S.A.",Las Condes,3,BENJAMIN 2944 PISO 2.,36,1,60,LC,36_LC_1,32400,31800,31167,30543,29790,30498,28223,24523,36_LC_1,1,3,31800,60
ECOLAB S.A.,Providencia,2,PEDRO DE VALDIVIA 3801,298,4,120,PR,298_PR_4,32400,31804,31191,30613,29793,30511,28701,24987,298_PR_4,4,2,31804,120
EJERCITO DE CHILE DIRECCION DE LOGISTICA,Santiago,1,ZENTENO 45 P 8,150,2,120,SA,150_SA_2,32400,31805,31194,30616,29883,30512,28713,25186,150_SA_2,2,1,31805,120
EJERCITO DE CHILE DIRECCION DE LOGISTICA,Santiago,1,ZENTENO 45 P.8 AYUDANTIA PERS.,149,2,235,SA,149_SA_2,32400,31805,31194,30616,29883,30512,28713,25186,149_SA_2,2,1,31805,235
EJERCITO DE SALVACION,Santiago,1,"AV.ESPA??""A 46-PISO 2",151,2,120,SA,151_SA_2,32400,31806,31301,30655,29923,30566,29183,25839,151_SA_2,2,1,31806,120
EMBAJADA DE ITALIA,Providencia,2,CLEMENTE FABRES 1050,38,1,80,PR,38_PR_1,32400,31831,31337,30685,30083,30630,29833,26172,38_PR_1,1,2,31831,80
EMBAJADA DE ITALIA,Providencia,2,CLEMENTE FABRES 1050,371,5,30,PR,371_PR_5,32400,31831,31337,30685,30083,30630,29833,26172,371_PR_5,5,2,31831,30
EMBAJADA DE ITALIA,Providencia,2,CLEMENTE FABRES 1050,37,1,60,PR,37_PR_1,32400,31831,31337,30685,30083,30630,29833,26172,37_PR_1,1,2,31831,60
EMBAJADA DE RUSIA,Las Condes,3,COLON 4152,39,1,90,LC,39_LC_1,32400,31849,31357,30748,30134,30631,29993,26177,39_LC_1,1,3,31849,90
EMP.CONST.AVELLANEDA LTDA.,Providencia,2,AV. LUIS TAYER OJEDA 0191 P 16,226,3,65,PR,226_PR_3,32400,31855,31376,31101,30147,30830,30192,27157,226_PR_3,3,2,31855,65
EMP.PARA EL DEPORTE Y LA SALUD LTDA,Las Condes,3,AVDA LAS CONDES 13635,372,5,60,LC,372_LC_5,32400,31889,31412,31174,30381,30866,30266,27218,372_LC_5,5,3,31889,60
EMPRESA NACIONAL DE EXPLOSIVOS,Las Condes,3,RENATO SANCHEZ 3859,227,3,120,LC,227_LC_3,32400,31897,31455,31208,30407,30879,30275,27729,227_LC_3,3,3,31897,120
EMPRESAS C.M.P.C. S.A.,Santiago,1,AGUSTINAS  1343 P.9,40,1,60,SA,40_SA_1,32400,31923,31538,31244,30429,30992,30481,27847,40_SA_1,1,1,31923,60
EMPRESAS JUAN YARUR S.A.C.,Santiago,1,MONEDA 920 OF.801,228,3,100,SA,228_SA_3,32400,31931,31550,31257,30483,30998,30739,28589,228_SA_3,3,1,31931,100
ENRIQUE OSIAC BROSKY,Las Condes,3,LAS CONDESAS 2436,152,2,1,LC,152_LC_2,32400,31936,31669,31326,30538,31097,30948,29288,152_LC_2,2,3,31936,1
ENTEL PCS TELECOMUNICACIONES S.A.,Las Condes,3,AV. ANDRES BELLO 2711 PISO 14,41,1,120,LC,41_LC_1,32400,31962,31675,31347,30559,31117,31528,29350,41_LC_1,1,3,31962,120
ENTEL PCS TELECOMUNICACIONES S.A.,Providencia,2,AV. ANDRES BELLO 2777 P11,42,1,60,PR,42_PR_1,32400,31962,31675,31347,30559,31117,31528,29350,42_PR_1,1,2,31962,60
ESCUELA MILITAR,Las Condes,3,LOS MILITARES 4500 1 COMPA?IA,299,4,60,LC,299_LC_4,32400,31983,31701,31375,30565,31191,31685,29528,299_LC_4,4,3,31983,60
ESEDEI INGENIEROS S.A.,Santiago,1,COYANCURA 2283 P7,43,1,207,SA,43_SA_1,32400,32002,31713,31612,30565,31201,31793,29868,43_SA_1,1,1,32002,207
ESTUDIO RAUL DE LA FUENTE M. Y CIA. LTDA,Santiago,1,Agustinas 1235 of.32 Raul de la Fuente M,300,4,105,SA,300_SA_4,32400,32024,31756,31636,30593,31216,32037,29948,300_SA_4,4,1,32024,105
EVASA S.A.,Santiago,1,TEATINOS 449 PISO 3,301,4,75,SA,301_SA_4,32400,32048,31802,31645,30689,31263,32104,30210,301_SA_4,4,1,32048,75
EXAMENES DE LABORATORIOS S.A.,Providencia,2,11 DE SEPTIEMBRE 1920 P4,44,1,25,PR,44_PR_1,32400,32051,31866,31692,30725,31472,32314,30300,44_PR_1,1,2,32051,25
EXTRACTOS NATURALES GELYMAR S.A.,Providencia,2,AV. STA. MARIA 2050 P.3,153,2,230,PR,153_PR_2,32400,32064,31911,31703,30784,31557,32315,30556,153_PR_2,2,2,32064,230
FACH COMANDO LOGISTICO,Santiago,1,ALAMEDA 1170 PISO 3,302,4,90,SA,302_SA_4,32400,32070,31919,31709,30788,31597,32385,30948,302_SA_4,4,1,32070,90
FALABELLA Y CIA. CORREDORA DE SEGUROS LT,Santiago,1,AHUMADA 179  PISO 9  CORREDORA,373,5,60,SA,373_SA_5,32400,32073,31953,31786,30834,31679,32447,31485,373_SA_5,5,1,32073,60
FED. INTERN. DE TRAB. DE LA IND. METALUR,Providencia,2,PROV.2019 42-B P4,154,2,170,PR,154_PR_2,32400,32111,31954,31802,30853,31738,32621,32108,154_PR_2,2,2,32111,170
FED. INTERN. DE TRAB. DE LA IND. METALUR,Providencia,2,PROV.2019 42-B P4,374,5,105,PR,374_PR_5,32400,32111,31954,31802,30853,31738,32621,32108,374_PR_5,5,2,32111,105
FED.NAC.DE TRABAJADORES DEL COBRE,Santiago,1,GENERAL BUSTAMANTE 627 PISO 2,155,2,240,SA,155_SA_2,32400,32114,31956,31818,30994,31988,32679,32440,155_SA_2,2,1,32114,240
FOCUS GROUP CONSULTORES LTDA.,Providencia,2,ISIDORO GOYENECHEA 3621 P9 OF 902,375,5,170,PR,375_PR_5,32400,32122,31971,31848,31057,32000,32821,32660,375_PR_5,5,2,32122,170
FORWARD COMPUTACION LTDA,Santiago,1,ALAMEDA 108 L 119,229,3,60,SA,229_SA_3,32400,32150,31973,31861,31243,32187,32844,33698,229_SA_3,3,1,32150,60
FUNDACION ALCAZAR,Providencia,2,GUARDIA VIEJA 255 OF. 704,156,2,80,PR,156_PR_2,32400,32224,31992,31888,31472,32318,32858,33762,156_PR_2,2,2,32224,80
FUNDACION EDUCACIONAL TABANCURA,Vitacura,4,LAS HUALTATAS 10030,45,1,75,VI,45_VI_1,32400,32242,32002,31901,31635,32470,33420,34121,45_VI_1,1,4,32242,75
FUNDACION NACIONAL PARA LA SUPERACION DE,Santiago,1,LONDRES 69,46,1,90,SA,46_SA_1,32400,32265,32046,31944,31663,32486,33804,34330,46_SA_1,1,1,32265,90
FUNDACION NACIONAL PARA LA SUPERACION DE,Santiago,1,LONDRES   69,47,1,90,SA,47_SA_1,32400,32265,32046,31944,31663,32486,33804,34330,47_SA_1,1,1,32265,90
FUNDACION VIDA,Providencia,2,RICCARDO MATTE PEREZ 0156,230,3,30,PR,230_PR_3,32400,32268,32056,32016,31956,32491,33821,34499,230_PR_3,3,2,32268,30
GASTON FUENZALIDA PROPIEDADES LTDA,Las Condes,3,REYES LAVALLE 3330,303,4,60,LC,303_LC_4,32400,32277,32066,32024,31978,32510,33876,34653,303_LC_4,4,3,32277,60
GOLDER ASSOCIATES S.A.,Providencia,2,AV. 11 DE SEPTIEMBRE 2353 PISO16,376,5,75,PR,376_PR_5,32400,32281,32110,32035,32033,32748,34125,35244,376_PR_5,5,2,32281,75
GRAFHIKA COPY CENTER LTDA.,Vitacura,4,ANDRES   BELLO 2879  P. 1,304,4,120,VI,304_VI_4,32400,32300,32143,32124,32333,32873,34216,35263,304_VI_4,4,4,32300,120
GRAFHIKA COPY CENTER LTDA.,Santiago,1,DOMEYKO 2338,231,3,80,SA,231_SA_3,32400,32300,32143,32124,32333,32873,34216,35263,231_SA_3,3,1,32300,80
GRAFHIKA COPY CENTER LTDA.,Santiago,1,TENDERINI 78,49,1,60,SA,49_SA_1,32400,32300,32143,32124,32333,32873,34216,35263,49_SA_1,1,1,32300,60
GRAFHIKA COPY CENTER LTDA.,Santiago,1,TENDERINI 78,306,4,270,SA,306_SA_4,32400,32300,32143,32124,32333,32873,34216,35263,306_SA_4,4,1,32300,270
GRAFHIKA COPY CENTER LTDA.,Providencia,2,GUARDIA VIEJA 240,305,4,25,PR,305_PR_4,32400,32300,32143,32124,32333,32873,34216,35263,305_PR_4,4,2,32300,25
GRAFHIKA COPY CENTER LTDA.,Providencia,2,GUARDIA VIEJA 240,377,5,30,PR,377_PR_5,32400,32300,32143,32124,32333,32873,34216,35263,377_PR_5,5,2,32300,30
GRAFHIKA COPY CENTER LTDA.,Santiago,1,STO.  DOMINGO  1862,157,2,150,SA,157_SA_2,32400,32300,32143,32124,32333,32873,34216,35263,157_SA_2,2,1,32300,150
GRAFHIKA COPY CENTER LTDA.,Santiago,1,DOMEYKO 2338,48,1,60,SA,48_SA_1,32400,32300,32143,32124,32333,32873,34216,35263,48_SA_1,1,1,32300,60
GRAFHIKA COPY CENTER LTDA.,Providencia,2,GUARDIA VIEJA 240,232,3,120,PR,232_PR_3,32400,32300,32143,32124,32333,32873,34216,35263,232_PR_3,3,2,32300,120
GRAFICA LETRILANDIA LTDA.,Santiago,1,PORTUGAL 658,307,4,120,SA,307_SA_4,32400,32324,32153,32148,32346,32886,34258,35294,307_SA_4,4,1,32324,120
GUERRERO DITEAUX RAUL,Santiago,1,AV. VICUNA MACKENNA 856,233,3,40,SA,233_SA_3,32400,32330,32170,32158,32524,32969,34709,35325,233_SA_3,3,1,32330,40
HEIDRICK Y STRUGGLES DE CHILE LTDA.,Providencia,2,AV ANDRES BELLO 2777  PISO 9 OF.903,378,5,30,PR,378_PR_5,32400,32334,32190,32186,32589,32973,34833,35480,378_PR_5,5,2,32334,30
HOCHTIEF CHILENA LTDA.,Las Condes,3,AVDA EL BOSQUE NORTE 0440 P9 OF902,234,3,60,LC,234_LC_3,32400,32334,32204,32417,32616,32979,34883,35491,234_LC_3,3,3,32334,60
"HONORATO, RUSSI A CIA. LTDA.",Las Condes,3,ROGER DE FLOR 2736 PISO 6,235,3,120,LC,235_LC_3,32400,32334,32364,32424,32690,33050,34966,35765,235_LC_3,3,3,32334,120
HOTEL CORP.OF CHILE HYATT REGENCY,Las Condes,3,ALONSO DE CORDOVA 4601 CENTRO NEGOCIOS,379,5,60,LC,379_LC_5,32400,32370,32370,32427,32704,33116,34991,35929,379_LC_5,5,3,32370,60
HOTELES DE CHILE S.A.,Las Condes,3,AVDA. KENNEDY 5741 P.1 RECEPCION,50,1,80,LC,50_LC_1,32400,32381,32394,32430,32913,33127,35029,36105,50_LC_1,1,3,32381,80
HQI TRANSELEC CHILE S.A.,Providencia,2,APOQUINDO 3721 PISO 6,158,2,85,PR,158_PR_2,32400,32382,32402,32562,32948,33400,35104,36249,158_PR_2,2,2,32382,85
I. MUNICIPALIDAD DE VITACURA,Vitacura,4,SANCHO DE LA HOZ 3470 DIREC.DE OPERACI,236,3,90,VI,236_VI_3,32400,32401,32493,32567,32972,33544,35339,36981,236_VI_3,3,4,32401,90
I.MUNICIPALIDAD DE PROVIDENCIA,Providencia,2,P DE VALDIVIA 963  DEPTO CATASTRO,308,4,30,PR,308_PR_4,32400,32411,32496,32640,33071,33605,35498,37250,308_PR_4,4,2,32411,30
I.MUNICIPALIDAD DE PROVIDENCIA,Providencia,2,PEDRO DE VALDIVIA 963.DIREC.PROTEC CIVIL,237,3,70,PR,237_PR_3,32400,32411,32496,32640,33071,33605,35498,37250,237_PR_3,3,2,32411,70
I.MUNICIPALIDAD DE SANTIAGO,Santiago,1,BALMACEDA  1114  3P,159,2,55,SA,159_SA_2,32400,32450,32510,32671,33231,33688,35783,39402,159_SA_2,2,1,32450,55
I.MUNICIPALIDAD DE SANTIAGO,Santiago,1,STO DOMINGO 916 PISO 7 OF.703 CENT.FOTO,51,1,90,SA,51_SA_1,32400,32450,32510,32671,33231,33688,35783,39402,51_SA_1,1,1,32450,90
IMAX S. A.,Providencia,2,PADRE MARIANO 277 P 3,160,2,60,PR,160_PR_2,32400,32467,32685,32803,33418,33740,36094,39773,160_PR_2,2,2,32467,60
IMPRESORA Y COMERCIAL TIEMPO FUTURO SA,Providencia,2,ALMIRANTE PASTENE 259,309,4,60,PR,309_PR_4,32400,32487,32691,33014,33438,33754,36321,39850,309_PR_4,4,2,32487,60
IMPRESORA Y COMERCIAL TIEMPO FUTURO SA,Providencia,2,ALMIRANTE PASTENE 259,310,4,120,PR,310_PR_4,32400,32487,32691,33014,33438,33754,36321,39850,310_PR_4,4,2,32487,120
INACAP,Las Condes,3,AV. APOQUINDO 7282 P-3 SALA DE PROF.,161,2,180,LC,161_LC_2,32400,32505,32695,33040,33677,33803,36584,39981,161_LC_2,2,3,32505,180
INDUSTRIA TEXTIL MONARCH S.A.,Santiago,1,VICUNA MACKENNA 1215 PISO 3,238,3,60,SA,238_SA_3,32400,32517,32702,33121,33809,33882,37004,40256,238_SA_3,3,1,32517,60
ING SALUD ISAPRE,Santiago,1,MIRAFLORES 222 E/P,162,2,1,SA,162_SA_2,32400,32519,32713,33137,33934,33930,37013,40334,162_SA_2,2,1,32519,1
ING SALUD S.A.,Santiago,1,MORANDE 325 SUBTERRANEO,239,3,180,SA,239_SA_3,32400,32524,32718,33167,34005,33958,37178,40406,239_SA_3,3,1,32524,180
ING SEGUROS DE VIDA S.A.,Providencia,2,COYANCURA 2283,52,1,30,PR,52_PR_1,32400,32532,32735,33177,34081,34068,37207,40454,52_PR_1,1,2,32532,30
ING SEGUROS DE VIDA S.A.,Providencia,2,COYANCURA 2283,240,3,60,PR,240_PR_3,32400,32532,32735,33177,34081,34068,37207,40454,240_PR_3,3,2,32532,60
INGENIERIA ELECTRICA VOLTA LTDA.,"??""u?'oa",5,JOSE MANUEL INFANTE 2670,53,1,90,NU,53_NU_1,32400,32570,32792,33177,34089,34122,37724,41463,53_NU_1,1,5,32570,90
INGENIERIA Y CONST. KODAMA LTDA.,Providencia,2,AVDA ELIODORO YA?EZ 1198,311,4,60,PR,311_PR_4,32400,32587,32796,33263,34175,34138,37776,41492,311_PR_4,4,2,32587,60
INMOBIL. E INVERSIONES RUCA S.A.,Santiago,1,MAC IVER 225 OF 302,241,3,20,SA,241_SA_3,32400,32589,32818,33329,34195,34351,38447,41577,241_SA_3,3,1,32589,20
INMOBILIARIA NORTE VERDE S.A.,Las Condes,3,ENRIQUE FOSTER SUR 20 PISO 14,55,1,60,LC,55_LC_1,32400,32614,32916,33350,34253,34358,38515,41978,55_LC_1,1,3,32614,60
INMOBILIARIA NORTE VERDE S.A.,Las Condes,3,ENRIQUE FOSTER SUR 20 PISO 14,54,1,60,LC,54_LC_1,32400,32614,32916,33350,34253,34358,38515,41978,54_LC_1,1,3,32614,60
INSTITUTO DE ESTUDIOS GRAFICOS DE CHILE,Providencia,2,CANADA 253  OF A  2257706,312,4,50,PR,312_PR_4,32400,32644,32920,33392,34272,34422,38567,42131,312_PR_4,4,2,32644,50
INSTITUTO HEBREO S.A.,Las Condes,3,AV.LAS CONDES 13450,56,1,150,LC,56_LC_1,32400,32693,32969,33405,34275,34524,38740,42147,56_LC_1,1,3,32693,150
INSTITUTO NACIONAL DE DEPORTES,Providencia,2,FIDEL OTEIZA 1956 P.3,313,4,50,PR,313_PR_4,32400,32706,33081,33434,34279,34867,38772,42377,313_PR_4,4,2,32706,50
INSTITUTO NACIONAL DE DEPORTES,Providencia,2,FIDEL OTEIZA 1956  P.8,163,2,120,PR,163_PR_2,32400,32706,33081,33434,34279,34867,38772,42377,163_PR_2,2,2,32706,120
INTERPLUS S.A.,"??""u?'oa",5,JOSE P.ALESSANDRI 1800,164,2,90,NU,164_NU_2,32400,32707,33092,33505,34336,34872,38810,42693,164_NU_2,2,5,32707,90
INVERSIONES Y SERVICIOS S.A.,Santiago,1,HUERFANOS 979 P 7,314,4,20,SA,314_SA_4,32400,32716,33093,33551,34388,34874,39193,42959,314_SA_4,4,1,32716,20
ISAPRE COLMENA GOLDEN CROSS S.A.,Las Condes,3,APOQUINDO 5009 DPTO DE OPERACIONES,380,5,234,LC,380_LC_5,32400,32722,33106,33552,34517,34918,39286,43229,380_LC_5,5,3,32722,234
ISAPRE CONSALUD S.A.,Santiago,1,ALAMEDA 1511 P.7,59,1,60,SA,59_SA_1,32400,32727,33117,33599,34533,34939,39653,43718,59_SA_1,1,1,32727,60
ISAPRE CONSALUD S.A.,Santiago,1,SAN MARTIN 30 PISO 1,57,1,60,SA,57_SA_1,32400,32727,33117,33599,34533,34939,39653,43718,57_SA_1,1,1,32727,60
ISAPRE CONSALUD S.A.,Santiago,1,ALAMEDA 1511 P.7,58,1,60,SA,58_SA_1,32400,32727,33117,33599,34533,34939,39653,43718,58_SA_1,1,1,32727,60
ISAPRE PROMEPART,Santiago,1,MERCED 280 PISO 3,165,2,120,SA,165_SA_2,32400,32785,33118,33655,34538,34967,39674,44081,165_SA_2,2,1,32785,120
ISE LAS AMERICAS CIA DE SEG DE VIDA S.A.,Las Condes,3,AV. EL BOSQUE NORTE 0177 OF. 602,60,1,90,LC,60_LC_1,32400,32795,33286,33704,34580,35099,39883,44301,60_LC_1,1,3,32795,90
JOHNSON`S S.A.,Santiago,1,"??""UBLE   1055  P. 2",167,2,60,SA,167_SA_2,32400,32851,33304,33779,34625,35171,40111,44702,167_SA_2,2,1,32851,60
JOHNSON`S S.A.,Santiago,1,AGUSTINAS 978,64,1,10,SA,64_SA_1,32400,32851,33304,33779,34625,35171,40111,44702,64_SA_1,1,1,32851,10
JOHNSON`S S.A.,Santiago,1,AHUMADA 55 PISO 2,62,1,150,SA,62_SA_1,32400,32851,33304,33779,34625,35171,40111,44702,62_SA_1,1,1,32851,150
JOHNSON`S S.A.,Santiago,1,NUBLE 1034 PISO 2,61,1,30,SA,61_SA_1,32400,32851,33304,33779,34625,35171,40111,44702,61_SA_1,1,1,32851,30
JOHNSON`S S.A.,Santiago,1,AVDA. KENNEDY 5413 L-123,166,2,40,SA,166_SA_2,32400,32851,33304,33779,34625,35171,40111,44702,166_SA_2,2,1,32851,40
JOHNSON`S S.A.,Santiago,1,"??""UBLE 1008 REC HUMANOS",65,1,30,SA,65_SA_1,32400,32851,33304,33779,34625,35171,40111,44702,65_SA_1,1,1,32851,30
JOHNSON`S S.A.,Santiago,1,"MATIAS COUSI??""O  64 E P OF 1",63,1,75,SA,63_SA_1,32400,32851,33304,33779,34625,35171,40111,44702,63_SA_1,1,1,32851,75
JOHNSON`S S.A.,Santiago,1,SAN DIEGO 1856 PISO 2 AUDITORIA,381,5,60,SA,381_SA_5,32400,32851,33304,33779,34625,35171,40111,44702,381_SA_5,5,1,32851,60
KOCH INGENIERIA (CHILE) LTDA.,Las Condes,3,EL BOSQUE NORTE 0440 OF.1202,242,3,40,LC,242_LC_3,32400,32859,33333,33790,34662,35348,40212,45396,242_LC_3,3,3,32859,40
KPMG JERIA Y ASOC. AUDIT. CONSULT. LTDA.,Santiago,1,MONJITAS 527 PISO 13 OF 1304,315,4,180,SA,315_SA_4,32400,32868,33382,33796,34922,35349,40520,45957,315_SA_4,4,1,32868,180
LABORATORIO CHILE S.A.,"??""u?'oa",5,AV MARATON 1315,316,4,60,NU,316_NU_4,32400,32875,33387,33865,34933,35557,40575,46632,316_NU_4,4,5,32875,60
LABORATORIO RECALCINE,Providencia,2,PEDRO DE VALDIVIA 428,66,1,75,PR,66_PR_1,32400,32890,33425,33896,34965,35630,40589,46861,66_PR_1,1,2,32890,75
LABORATORIO RIDER S.A.,Santiago,1,PLACER 1354  PISO 2,168,2,60,SA,168_SA_2,32400,32903,33468,34083,35002,35649,40608,47045,168_SA_2,2,1,32903,60
LAS AGUILAS LTDA.,Santiago,1,BANDERA 84 P2 OF 215,67,1,60,SA,67_SA_1,32400,32917,33482,34090,35106,35655,40875,47367,67_SA_1,1,1,32917,60
LE MANS ISE CIA.DE SEG.GENERALES S.A.,Las Condes,3,ENCOMENDEROS 138,317,4,45,LC,317_LC_4,32400,32926,33549,34148,35110,35659,41256,47620,317_LC_4,4,3,32926,45
LEXIS NEXIS CHILE LTDA,Santiago,1,MIRAFLORES 383 P.12,243,3,120,SA,243_SA_3,32400,32959,33670,34199,35140,35665,41257,47782,243_SA_3,3,1,32959,120
LEXIS NEXIS CHILE LTDA,Santiago,1,MIRAFLORES  383 PISO 12,318,4,240,SA,318_SA_4,32400,32959,33670,34199,35140,35665,41257,47782,318_SA_4,4,1,32959,240
LIBRERIA GONZALEZ Y ASPE LTDA,Santiago,1,LIRA 192 LOCAL G,68,1,120,SA,68_SA_1,32400,32997,33713,34388,35289,35692,41293,48185,68_SA_1,1,1,32997,120
LOPEZ MARTINEZ MARIA EUGENIA,Vitacura,4,VITACURA 8400 LOCAL   D,69,1,60,VI,69_VI_1,32400,33026,33848,34576,35341,35788,41297,48192,69_VI_1,1,4,33026,60
MANQUEHUE NET S.A.,Providencia,2,11 DE SEPTIEMBRE 2260 LOC 51,382,5,30,PR,382_PR_5,32400,33045,33883,34631,35363,35946,41331,48354,382_PR_5,5,2,33045,30
MARIANA THOMSEN Y CIA.LTDA.,Providencia,2,MANUEL MONTT 2000,319,4,90,PR,319_PR_4,32400,33065,33889,34682,35381,35972,41484,48491,319_PR_4,4,2,33065,90
MAX HUBER REPROTECNICA LTDA.,Providencia,2,GENERAL DEL CANTO 276,71,1,520,PR,71_PR_1,32400,33076,33894,34744,35387,36013,41505,48673,71_PR_1,1,2,33076,520
MAX HUBER REPROTECNICA LTDA.,Santiago,1,MIRAFLORES 109,70,1,180,SA,70_SA_1,32400,33076,33894,34744,35387,36013,41505,48673,70_SA_1,1,1,33076,180
MAX HUBER REPROTECNICA LTDA.,Santiago,1,MIRAFLORES 109,170,2,120,SA,170_SA_2,32400,33076,33894,34744,35387,36013,41505,48673,170_SA_2,2,1,33076,120
MAX HUBER REPROTECNICA LTDA.,Santiago,1,MONEDA 1045,244,3,80,SA,244_SA_3,32400,33076,33894,34744,35387,36013,41505,48673,244_SA_3,3,1,33076,80
MAX HUBER REPROTECNICA LTDA.,Las Condes,3,APOQUINDO 4900-LOCAL 82,169,2,135,LC,169_LC_2,32400,33076,33894,34744,35387,36013,41505,48673,169_LC_2,2,3,33076,135
MINERA LAS CENIZAS S.A.,Providencia,2,CORONEL 2354,171,2,65,PR,171_PR_2,32400,33095,33921,34826,35598,36090,41550,48969,171_PR_2,2,2,33095,65
MINIST DE DEFENSA SUBSEC INVEST,"??""u?'oa",5,AV JOSE PEDRO ALESSANDRI 1800,172,2,60,NU,172_NU_2,32400,33124,33926,34903,35643,36329,41806,49145,172_NU_2,2,5,33124,60
MINISTERIO DEL INTERIOR,Santiago,1,PALACIO DE LA MONEDA OF.110,321,4,240,SA,321_SA_4,32400,33154,33951,34905,35755,36334,42231,51455,321_SA_4,4,1,33154,240
MINISTERIO DEL INTERIOR,Santiago,1,AGUSTINAS  1235  P. 4,383,5,240,SA,383_SA_5,32400,33154,33951,34905,35755,36334,42231,51455,383_SA_5,5,1,33154,240
MINISTERIO DEL INTERIOR,Providencia,2,TORRES BOONEN 511 PISO 1,73,1,120,PR,73_PR_1,32400,33154,33951,34905,35755,36334,42231,51455,73_PR_1,1,2,33154,120
MINISTERIO DEL INTERIOR,Santiago,1,AGUSTINAS 1235 P.8,72,1,195,SA,72_SA_1,32400,33154,33951,34905,35755,36334,42231,51455,72_SA_1,1,1,33154,195
MINISTERIO DEL INTERIOR,Santiago,1,PALACIO DE MONEDA GAB. SR MINISTRO,320,4,120,SA,320_SA_4,32400,33154,33951,34905,35755,36334,42231,51455,320_SA_4,4,1,33154,120
MINISTERIO DEL INTERIOR,Santiago,1,AGUSTINAS 1235 PISO 3 OF.DERECHOS HUMANO,322,4,90,SA,322_SA_4,32400,33154,33951,34905,35755,36334,42231,51455,322_SA_4,4,1,33154,90
MINISTERIO SECRETARIA GRAL. DE GOBIERNO,Santiago,1,TEATINOS 20 OF.47,245,3,160,SA,245_SA_3,32400,33155,33961,34943,35824,36388,42411,51697,245_SA_3,3,1,33155,160
MINISTERIO SECRETARIA GRAL. DE GOBIERNO,Santiago,1,ALAMEDA 886 PISO 2 ALA NORTE,384,5,240,SA,384_SA_5,32400,33155,33961,34943,35824,36388,42411,51697,384_SA_5,5,1,33155,240
MINISTERIO SECRETARIA GRAL. DE GOBIERNO,Santiago,1,PALACIO MONEDA  P 4 DUPLICACION,323,4,120,SA,323_SA_4,32400,33155,33961,34943,35824,36388,42411,51697,323_SA_4,4,1,33155,120
MITSUI TRADING AND SERVICE LTDA.,Las Condes,3,AV ANDRES BELLO 2711 P 11,246,3,100,LC,246_LC_3,32400,33170,33980,34971,35839,36434,42603,51897,246_LC_3,3,3,33170,100
MMRR.EE.DIR.RELAC.ECONOM.INTERNC,Santiago,1,TEATINOS 20 P.9 PRO CHILE OF. 91,247,3,90,SA,247_SA_3,32400,33174,33988,35027,35880,36495,42756,52001,247_SA_3,3,1,33174,90
MONTRONE PLA S.A.,Santiago,1,SANTA R0SA 2055 P 3 RRHH,74,1,60,SA,74_SA_1,32400,33199,33993,35028,35915,36575,42818,52018,74_SA_1,1,1,33199,60
MOP DIRECCION GENERAL,Santiago,1,MORANDE 59 P10  DIR.ARQUITEC.OF.1015,75,1,75,SA,75_SA_1,32400,33213,34033,35080,36136,36765,42871,52329,75_SA_1,1,1,33213,75
MOP DIRECCION GENERAL,Santiago,1,MORANDE 59 P 7 OF. DE PARTES,174,2,360,SA,174_SA_2,32400,33213,34033,35080,36136,36765,42871,52329,174_SA_2,2,1,33213,360
MOP DIRECCION GENERAL,Santiago,1,MORANDE 59 P 10 EDIF.PUBLICA OF.1001,173,2,55,SA,173_SA_2,32400,33213,34033,35080,36136,36765,42871,52329,173_SA_2,2,1,33213,55
MOP DIRECCION GENERAL,Santiago,1,BOMBERO SALAS 1351 P 7,175,2,90,SA,175_SA_2,32400,33213,34033,35080,36136,36765,42871,52329,175_SA_2,2,1,33213,90
MOP DIRECCION GENERAL,Santiago,1,MORANDE 59  P4  (FISCALIA),385,5,60,SA,385_SA_5,32400,33213,34033,35080,36136,36765,42871,52329,385_SA_5,5,1,33213,60
MULTINEGOCIOS S.A.,Santiago,1,AGUSTINAS 785 P.9,248,3,60,SA,248_SA_3,32400,33232,34115,35300,36204,36772,42921,52466,248_SA_3,3,1,33232,60
MUTUAL DE SEGURIDAD C CH. C,Santiago,1,ALAMEDA 4848  HOLL,176,2,90,SA,176_SA_2,32400,33237,34135,35305,36288,36916,43322,54049,176_SA_2,2,1,33237,90
MUTUALIDAD DEL EJERCITO Y AVIACION,Providencia,2,AV. 11 DE SEPTIEMBRE 2336 P.2,177,2,50,PR,177_PR_2,32400,33237,34152,35351,36336,36962,43354,54436,177_PR_2,2,2,33237,50
NCR CHILE LTDA.,Santiago,1,MIRAFLORES 383 P.17,249,3,75,SA,249_SA_3,32400,33256,34153,35438,36400,37191,43804,55277,249_SA_3,3,1,33256,75
NETCO LTDA.,Santiago,1,EJERCITO LIBERTADOR 146 SALA MULTIUSO,76,1,100,SA,76_SA_1,32400,33280,34189,35468,36516,37253,43853,55660,76_SA_1,1,1,33280,100
NOTARIA PATRICIO RABY BENAVENTE,Santiago,1,MONEDA 920 P 2 OF 205,250,3,60,SA,250_SA_3,32400,33313,34220,35489,36551,37299,44179,55773,250_SA_3,3,1,33313,60
NOTARIA PATRICIO RABY BENAVENTE,Santiago,1,MONEDA 920 P 2 OF 205,77,1,120,SA,77_SA_1,32400,33313,34220,35489,36551,37299,44179,55773,77_SA_1,1,1,33313,120
NOVARTIS CHILE S.A.,"??""u?'oa",5,FRANCISCO MENESES 1980,178,2,20,NU,178_NU_2,32400,33328,34228,35515,36557,37460,44182,56002,178_NU_2,2,5,33328,20
OLIMPIA  SCHNEIDER MOENNE-LOCCOZ,Santiago,1,HUERFANOS 1055 LOCAL 328,324,4,130,SA,324_SA_4,32400,33372,34253,35520,36634,37684,44256,56311,324_SA_4,4,1,33372,130
PARIS CORREDORES DE SEGUROS LTDA.,Providencia,2,RICARDO LYON 222 P9 OF 901,325,4,180,PR,325_PR_4,32400,33404,34300,35621,36679,37805,44380,56812,325_PR_4,4,2,33404,180
PATINO SABAG EDUARDO,Santiago,1,COMPA?IA 1390 OF. 909,386,5,90,SA,386_SA_5,32400,33417,34312,35693,36710,37940,44434,57118,386_SA_5,5,1,33417,90
PATRONATO NAC. DE LA INFANCIA,Providencia,2,PEDRO DE VALDIVIA 844,179,2,100,PR,179_PR_2,32400,33439,34317,35717,36730,37951,44530,57212,179_PR_2,2,2,33439,100
PCS-CORP,Providencia,2,"11 DE SEPTIEMBRE 2155 OF. 903, TORRE A",251,3,60,PR,251_PR_3,32400,33465,34358,35739,36807,38123,44568,57355,251_PR_3,3,2,33465,60
PIRELLI NEUMATICOS,Las Condes,3,AV. NVA TAJAMAR 555  OF 302,180,2,60,LC,180_LC_2,32400,33474,34415,35784,36922,38192,44610,57903,180_LC_2,2,3,33474,60
PONTIFICIA UNIVERSIDAD CATOLICA,Santiago,1,LIRA 41 DPTO 5    (130),326,4,1,SA,326_SA_4,32400,33517,34417,35814,36979,38269,44640,58442,326_SA_4,4,1,33517,1
PONTIFICIA UNIVERSIDAD CATOLICA,Santiago,1,EL COMENDADOR 1946 ADM.CAMPUS LO CONTADO,78,1,60,SA,78_SA_1,32400,33517,34417,35814,36979,38269,44640,58442,78_SA_1,1,1,33517,60
PONTIFICIA UNIVERSIDAD CATOLICA,Santiago,1,MARCOLETA 345 P 2 B. SANGRE (320),79,1,100,SA,79_SA_1,32400,33517,34417,35814,36979,38269,44640,58442,79_SA_1,1,1,33517,100
PONTIFICIA UNIVERSIDAD CATOLICA,Las Condes,3,MALL ALTO LAS CONDES LOCAL 1106,181,2,120,LC,181_LC_2,32400,33517,34417,35814,36979,38269,44640,58442,181_LC_2,2,3,33517,120
PONTIFICIA UNIVERSIDAD CATOLICA,Santiago,1,MARCOLETA 352  SALUD PUBLICA P1(670),252,3,55,SA,252_SA_3,32400,33517,34417,35814,36979,38269,44640,58442,252_SA_3,3,1,33517,55
PORTA SYSTEMS CHILE,Santiago,1,LIVINGSTONE 72,387,5,90,SA,387_SA_5,32400,33532,34478,35837,36998,38334,44642,58822,387_SA_5,5,1,33532,90
PRECISION HISPANA,Santiago,1,EJERCITO 521 PISO 2,80,1,90,SA,80_SA_1,32400,33578,34512,35883,37009,38447,45267,59301,80_SA_1,1,1,33578,90
PREFECTURA CARABINEROS SANTIAGO CENTRO,Santiago,1,STO DOMINGO 714 1 COMIS STGO,81,1,60,SA,81_SA_1,32400,33580,34558,35959,37017,38489,45322,59861,81_SA_1,1,1,33580,60
PRESIDENCIA DE LA REPUBLICA,Santiago,1,NUEVA YORK 9 PISO 17,388,5,60,SA,388_SA_5,32400,33582,34607,36008,37208,38797,45452,60895,388_SA_5,5,1,33582,60
PROCESOS INTEGRALES VIVACOOP S.A.,Santiago,1,AHUMADA 341 PISO 6,389,5,90,SA,389_SA_5,32400,33588,34621,36031,37285,38989,45632,61082,389_SA_5,5,1,33588,90
PROCESOS INTEGRALES VIVACOOP S.A.,Santiago,1,AHUMADA 341 PISO 6,253,3,60,SA,253_SA_3,32400,33588,34621,36031,37285,38989,45632,61082,253_SA_3,3,1,33588,60
PROSPECTA S.A.,Vitacura,4,VITACURA 2736 P-18,82,1,30,VI,82_VI_1,32400,33610,34662,36072,37384,39133,46010,61140,82_VI_1,1,4,33610,30
PUBLICITARIA SUTIL Y ASOCIADOS S.A,Las Condes,3,SAN SEBASTIAN 2909 OF 101,390,5,180,LC,390_LC_5,32400,33651,34662,36132,37488,39165,46376,61561,390_LC_5,5,3,33651,180
RED DE TELEVISION CHILEVISION S. A.,Providencia,2,INES MATTE URREJOLA 0825,255,3,150,PR,255_PR_3,32400,33697,34723,36254,37524,39196,46428,61775,255_PR_3,3,2,33697,150
RED DE TELEVISION CHILEVISION S. A.,Providencia,2,INES MATTE URREJOLA 0825,254,3,60,PR,254_PR_3,32400,33697,34723,36254,37524,39196,46428,61775,254_PR_3,3,2,33697,60
RENE WIEGAND KOCH Y CIA LTDA,Providencia,2,PIO NONO 1  PISO 4 FAC.DERECHO,256,3,90,PR,256_PR_3,32400,33720,34737,36291,37609,39197,46728,61948,256_PR_3,3,2,33720,90
ROENSA S.A.,Santiago,1,NATANIEL COX 1481,257,3,5,SA,257_SA_3,32400,33759,34894,36364,37680,39313,46742,62657,257_SA_3,3,1,33759,5
RUIZ RUIZ ANGEL GASPAR,Santiago,1,MIRAFLORES 211,258,3,120,SA,258_SA_3,32400,33772,34895,36425,37877,39406,46867,62816,258_SA_3,3,1,33772,120
RUIZ RUIZ ANGEL GASPAR,Santiago,1,MIRAFLORES 211,83,1,240,SA,83_SA_1,32400,33772,34895,36425,37877,39406,46867,62816,83_SA_1,1,1,33772,240
S.A.C.I. FALABELLA,Santiago,1,ROSAS 1665 P.2 GCIA. ADM. Y FINANZAS,327,4,120,SA,327_SA_4,32400,33796,34940,36428,37880,39455,46991,63132,327_SA_4,4,1,33796,120
SAC  CHILE S.A.,Las Condes,3,SAN SEBASTIAN 2839,84,1,15,LC,84_LC_1,32400,33807,35030,36433,38080,39671,47064,63994,84_LC_1,1,3,33807,15
SALCOBRAND S.A.,Providencia,2,COYANCURA  2283  OF. 1502,85,1,70,PR,85_PR_1,32400,33841,35056,36505,38452,39938,48103,64471,85_PR_1,1,2,33841,70
SALVI HERMANOS LTDA.,Providencia,2,MANUEL MONTT 844,86,1,90,PR,86_PR_1,32400,33881,35066,36506,38502,40122,48184,64472,86_PR_1,1,2,33881,90
SANHUEZA VALLADARES CARLOS,Santiago,1,HUERFANOS 1294 OF 21,259,3,110,SA,259_SA_3,32400,33883,35146,36509,38546,40150,48490,64594,259_SA_3,3,1,33883,110
SANTANDER GESTION DE RECAUD. Y COB. LTDA,Santiago,1,MONEDA 856 PISO 5 OF. 502,260,3,120,SA,260_SA_3,32400,33891,35263,36547,38662,40408,48633,65801,260_SA_3,3,1,33891,120
SEC.REG.M.DE BIENES NAC.P.S.TIT.,Santiago,1,JUAN ANTONIO RIOS 6 P.5 DECRET,261,3,90,SA,261_SA_3,32400,33919,35312,36659,38987,40478,48921,66485,261_SA_3,3,1,33919,90
SEC.REG.MINST.DE TRASP.Y TELECOM,Santiago,1,AMUNATEGUI 139 PISO 9,87,1,60,SA,87_SA_1,32400,33950,35317,36866,39092,40655,49914,66712,87_SA_1,1,1,33950,60
SEC.REG.MINST.DE TRASP.Y TELECOM,Santiago,1,AMUNATEGUI 139 PISO 2 BIBLIOTECA,262,3,120,SA,262_SA_3,32400,33950,35317,36866,39092,40655,49914,66712,262_SA_3,3,1,33950,120
SEGURIDAD Y  TELECOMUNICACIONES S.A.,Las Condes,3,LAS CONDES 7300,88,1,120,LC,88_LC_1,32400,33961,35330,36908,39108,40718,50185,67116,88_LC_1,1,3,33961,120
SEGUROS SECURITY PREVISION GENERALES S.A,Las Condes,3,HENDAYA 60 PISO 6 OF.601,328,4,120,LC,328_LC_4,32400,33977,35342,36986,39145,40726,50325,67843,328_LC_4,4,3,33977,120
SEGUROS SECURITY PREVISION GENERALES S.A,Las Condes,3,HENDAYA 60 P7,329,4,90,LC,329_LC_4,32400,33977,35342,36986,39145,40726,50325,67843,329_LC_4,4,3,33977,90
SEGUROS VIDA SECURITY PREVISION S.A.,Las Condes,3,HENDAYA 60 PISO 7 CASA MATRIZ,182,2,60,LC,182_LC_2,32400,33977,35346,37020,39295,40765,50669,67864,182_LC_2,2,3,33977,60
SEGURY CORP S.A.,"??""u?'oa",5,SUCRE 1828,183,2,20,NU,183_NU_2,32400,33984,35463,37073,39429,41332,50753,68222,183_NU_2,2,5,33984,20
SENADO DE LA REPUBLICA,Santiago,1,SAN MARTIN 32 P.2,263,3,60,SA,263_SA_3,32400,34058,35477,37076,39431,41972,50893,69506,263_SA_3,3,1,34058,60
SENADO DE LA REPUBLICA,Santiago,1,SAN MARTIN 32 P.2,184,2,15,SA,184_SA_2,32400,34058,35477,37076,39431,41972,50893,69506,184_SA_2,2,1,34058,15
SER.DE RG.CIVIL E IDENTIFICACION,Santiago,1,CATEDRAL 1772 PISO 6 PRESUPUESTO,185,2,35,SA,185_SA_2,32400,34072,35554,37098,39783,42020,51424,71785,185_SA_2,2,1,34072,35
SER.DE RG.CIVIL E IDENTIFICACION,Santiago,1,CATEDRAL 1772 P.4,331,4,160,SA,331_SA_4,32400,34072,35554,37098,39783,42020,51424,71785,331_SA_4,4,1,34072,160
SER.DE RG.CIVIL E IDENTIFICACION,Santiago,1,HUERFANOS 1570 P3 DIR REGIONAL,330,4,120,SA,330_SA_4,32400,34072,35554,37098,39783,42020,51424,71785,330_SA_4,4,1,34072,120
SERV. INTEGRALES DE COMERCIO EXTERIOR LT,Santiago,1,MONJITAS 392 P 11 OF 1103,264,3,65,SA,264_SA_3,32400,34129,35591,37139,39784,42076,51449,72250,264_SA_3,3,1,34129,65
SERV.DE CORRESPONDENCIA ENVIA LTDA,Providencia,2,CALLE BARROS ERRAZURIZ 1954 OF.1602,186,2,120,PR,186_PR_2,32400,34214,35608,37192,39828,42172,51501,72524,186_PR_2,2,2,34214,120
SERVICIO DE IMPUESTOS INTERNOS,Santiago,1,TEATINOS 120 SUBTERRANEO,187,2,210,SA,187_SA_2,32400,34228,35679,37446,39844,42197,51959,72991,187_SA_2,2,1,34228,210
SERVICIOS DE ADMIN. PREVISIONALES S.A.,Providencia,2,MARCHANT PEREIRA 10  P.16,89,1,70,PR,89_PR_1,32400,34231,35694,37558,39863,42619,51975,74514,89_PR_1,1,2,34231,70
SERVICIOS DE CONTROL DE CREDITOS S.A.,Santiago,1,MONJITAS 550 P2 OF 7,90,1,90,SA,90_SA_1,32400,34278,35702,37637,39935,43092,52345,75261,90_SA_1,1,1,34278,90
SERVICIOS DE INGENIERIA LTDA.,Las Condes,3,AV VITACURA  2771 OF 1101 B,391,5,75,LC,391_LC_5,32400,34387,35733,37645,39968,43101,53096,77813,391_LC_5,5,3,34387,75
SERVICIOS GENERALES LTDA.,Providencia,2,AV. RICARDO LYON 1177 CENTRAL,393,5,150,PR,393_PR_5,32400,34471,35857,37946,40079,43160,53338,77865,393_PR_5,5,2,34471,150
SERVICIOS GENERALES LTDA.,Providencia,2,LADISLAO ERRAZURIZ 2121,91,1,120,PR,91_PR_1,32400,34471,35857,37946,40079,43160,53338,77865,91_PR_1,1,2,34471,120
SERVICIOS GENERALES LTDA.,Providencia,2,AV. RICARDO LYON 1177 CENTRO D.,392,5,35,PR,392_PR_5,32400,34471,35857,37946,40079,43160,53338,77865,392_PR_5,5,2,34471,35
SERVICIOS GRAFICOS JCV S.A.,Vitacura,4,VITACURA 2653 B,188,2,100,VI,188_VI_2,32400,34512,36070,37982,40142,43229,53392,78741,188_VI_2,2,4,34512,100
SHELL CHILE S.A.C.E.I.,Providencia,2,CARLOS ANTUNEZ 2490,332,4,120,PR,332_PR_4,32400,34554,36146,37995,40533,43301,53533,79017,332_PR_4,4,2,34554,120
SIEMENS S.A.,Providencia,2,AV HOLANDA 64,265,3,100,PR,265_PR_3,32400,34583,36165,38053,40748,43394,53692,79451,265_PR_3,3,2,34583,100
SOC FORESTAL LOS ESTEROS LTDA,Santiago,1,COMPANIA 1068  OF 607,92,1,60,SA,92_SA_1,32400,34598,36230,38063,40767,44143,53830,80643,92_SA_1,1,1,34598,60
SOC.AGRIC.ABOUGHAZALEH HNOS.LTDA.,Vitacura,4,AV LUIS  PASTEUR  5842  OF. 400,333,4,90,VI,333_VI_4,32400,34609,36235,38083,40922,44144,55113,80763,333_VI_4,4,4,34609,90
SOC.INMOBILIARIA SAN CRISTOBAL,Providencia,2,AV.STA. MARIA 1742 INGENIERIA,394,5,75,PR,394_PR_5,32400,34644,36286,38207,41026,44187,56095,81050,394_PR_5,5,2,34644,75
SOCIEDAD CONSTRUCTORA ELECTRICA LTDA.,Santiago,1,HUERFANOS  1178 OF 509,93,1,90,SA,93_SA_1,32400,34650,36301,38280,41163,44322,56486,81171,93_SA_1,1,1,34650,90
SODEXHO CHILE S.A.,"??""u?'oa",5,WILLIAMS REBOLLEDO 1799  P.2.EDIF NUEVO,94,1,160,NU,94_NU_1,32400,34666,36386,38355,41333,44653,56689,82910,94_NU_1,1,5,34666,160
SONDA S.A.,Santiago,1,TEATINOS 500 P.8,95,1,140,SA,95_SA_1,32400,34680,36574,38379,41825,44887,58184,83366,95_SA_1,1,1,34680,140
SOUTH EXPRESS CARGO S.A.,Santiago,1,SOTERO DEL RIO 508 OF 1027,334,4,30,SA,334_SA_4,32400,34691,36714,38687,42637,45226,58762,84240,334_SA_4,4,1,34691,30
STECK Y CIA. LTDA.,Vitacura,4,BUENAVENTURA 1770 L.6,96,1,50,VI,96_VI_1,32400,34743,36718,38817,42804,45282,60138,85633,96_VI_1,1,4,34743,50
STUEDEMANN S.A.,Providencia,2,CONDELL 303 STUDIO PRINT,98,1,10,PR,98_PR_1,32400,34800,36720,38999,43097,45887,60144,86685,98_PR_1,1,2,34800,10
STUEDEMANN S.A.,Providencia,2,CONDELL 303 STUDIOPRINT,97,1,20,PR,97_PR_1,32400,34800,36720,38999,43097,45887,60144,86685,97_PR_1,1,2,34800,20
SUP.DE ADMNST.FDOS.DE PENSIONES,Santiago,1,HUERFANOS 1273 P.14,335,4,30,SA,335_SA_4,32400,34819,36910,39014,43124,45990,60258,89574,335_SA_4,4,1,34819,30
SUPERINT DE INSTIT DE SALUD PREVISIONAL,Santiago,1,MAC IVER 225 P 3,266,3,80,SA,266_SA_3,32400,34823,37022,39039,43163,47009,62145,89646,266_SA_3,3,1,34823,80
SUPERINTENDENCIA DE ELECTRICIDAD Y COMBU,Santiago,1,AMUNATEGUI 58 P.5,99,1,75,SA,99_SA_1,32400,34943,37349,39243,43542,47597,63950,90986,99_SA_1,1,1,34943,75
SUPERMERCADO VESPUCIO SUR LTDA.,"??""u?'oa",5,A.VESPUCIO SUR 881 OF. DE COMPRAS,267,3,50,NU,267_NU_3,32400,34948,37355,39624,43727,47713,64099,91287,267_NU_3,3,5,34948,50
SUPERMERCADOS UNIMARC S.A.,Vitacura,4,AV SANTA MARIA 6940 LIBRERIA,336,4,240,VI,336_VI_4,32400,35049,37564,39735,43779,48447,64319,94479,336_VI_4,4,4,35049,240
TECNA-VAL,Providencia,2,BARROS BORGONO 255,337,4,1,PR,337_PR_4,32400,35093,37734,39761,44124,48450,66053,94520,337_PR_4,4,2,35093,1
TRANSBANK S.A.,Santiago,1,HUERFANOS 770 P8,395,5,90,SA,395_SA_5,32400,35103,37900,40311,44158,48663,66066,96791,395_SA_5,5,1,35103,90
TRANSBANK S.A.,Santiago,1,HUERFANOS 770 P 11 GCIA.GRAL.,338,4,60,SA,338_SA_4,32400,35103,37900,40311,44158,48663,66066,96791,338_SA_4,4,1,35103,60
TUR BUS LTDA.,Santiago,1,RUIZ TAGLE 220 P.1 AT CLIENTES,396,5,60,SA,396_SA_5,32400,35168,37960,42285,44369,48773,67886,97333,396_SA_5,5,1,35168,60
TUR BUS LTDA.,Santiago,1,DOLORES 800  OPERACIONES P.2,397,5,10,SA,397_SA_5,32400,35168,37960,42285,44369,48773,67886,97333,397_SA_5,5,1,35168,10
UNIVERSIDAD CENTRAL,Santiago,1,TOESCA 1783 METRO TOESCA P 1,268,3,90,SA,268_SA_3,32400,35257,38058,42343,45276,48855,67999,98956,268_SA_3,3,1,35257,90
UNIVERSIDAD DE CHILE,"??""u?'oa",5,IGNACIO CARRERA PINTO 1045 CENTRAL APUNT,398,5,150,NU,398_NU_5,32400,35666,38265,42510,46621,48896,68267,101664,398_NU_5,5,5,35666,150
UNIVERSIDAD DE CHILE,Santiago,1,PLAZA ERCILLA 883 OF.PARTES,340,4,60,SA,340_SA_4,32400,35666,38265,42510,46621,48896,68267,101664,340_SA_4,4,1,35666,60
UNIVERSIDAD DE CHILE,Santiago,1,DIAGONAL PARAGUAY 257-PISO 1,339,4,140,SA,339_SA_4,32400,35666,38265,42510,46621,48896,68267,101664,339_SA_4,4,1,35666,140
UNIVERSIDAD DE CHILE,Providencia,2,PIO NONO NRO.1,189,2,80,PR,189_PR_2,32400,35666,38265,42510,46621,48896,68267,101664,189_PR_2,2,2,35666,80
UNIVERSIDAD DE LA REPUBLICA,Santiago,1,AGUSTINAS 1831 -CENTRAL DE APUNTES,399,5,60,SA,399_SA_5,32400,35998,38732,43256,47051,49191,69243,103677,399_SA_5,5,1,35998,60
UNIVERSIDAD DE LA REPUBLICA,Santiago,1,AGUSTINAS 1831,190,2,30,SA,190_SA_2,32400,35998,38732,43256,47051,49191,69243,103677,190_SA_2,2,1,35998,30
UNIVERSIDAD FINIS TERRAE,Providencia,2,AV. PEDRO DE VALDIVIA 1543,100,1,60,PR,100_PR_1,32400,36066,38818,43526,48671,49837,71010,104396,100_PR_1,1,2,36066,60
UNIVERSIDAD TECNICA METROPOLITANA,Santiago,1,VIDAURRE 1550 P/4 COMPUTACION,269,3,40,SA,269_SA_3,32400,36551,39267,43879,49874,50359,71558,115369,269_SA_3,3,1,36551,40
VM.ICA SISTEMAS Y TECNOLOGIA LTDA.,Providencia,2,FIDEL OTEIZA 1916 OF.1001,400,5,45,PR,400_PR_5,32400,37010,39290,44342,50025,52518,73136,119606,400_PR_5,5,2,37010,45
WARNER MUSIC CHILE S.A.,Providencia,2,AV. POCURO 2262,270,3,75,PR,270_PR_3,32400,37017,40072,51589,51575,58336,83171,119967,270_PR_3,3,2,37017,75
