razonSocial,nomComuna,place,direccion,idCust,weekday,serviceTime.x,COD,Name,serviceTime.y,p05,p10,p15,p20,p25,p50,p100,#cliente,day,place,penalty,service
A.F.P. PROVIDA S.A.,Providencia,2,P. DE VALDIVIA 100 PISO 5,191,3,60,PR,191_PR_3,1,9322,7931,6478,3507,1120,618,258,191_PR_3,3,2,9322,1
A.F.P. PROVIDA S.A.,Providencia,2,PEDRO DE VALDIVIA 100  PISO 3,101,2,60,PR,101_PR_2,1,9322,7931,6478,3507,1120,618,258,101_PR_2,2,2,9322,1
A.F.P. SANTA MARIA S.A.,Providencia,2,SUECIA  211  P. 13,1,1,90,PR,1_PR_1,1,9375,7956,6699,5999,2083,671,403,1_PR_1,1,2,9375,1
A.F.P. SUMMA-BANSANDER S.A.,Santiago,1,AGUSTINAS 540 PISO 3,341,5,70,SA,341_SA_5,1,9450,8239,6884,6186,4975,672,493,341_SA_5,5,1,9450,1
ABASTIBLE SA,Santiago,1,"VICU??""A MACKENNA 55 OF.303",102,2,120,SA,102_SA_2,1,9548,8453,7500,6260,5162,710,528,102_SA_2,2,1,9548,1
ACTION LINE CHILE S.A.,Santiago,1,MAC IVER 440 PISO 6,2,1,90,SA,2_SA_1,5,9597,8711,7508,6404,5178,1028,588,2_SA_1,1,1,9597,5
ADMINISTRADORA CMR FALABELLA LTDA,Santiago,1,STA ELENA 1422,103,2,120,SA,103_SA_2,5,9657,8744,7798,6477,5181,1391,634,103_SA_2,2,1,9657,5
AES GENER S.A.,Las Condes,3,SANCHEZ FONTECILLA 310 P 3,104,2,120,LC,104_LC_2,5,9670,8746,7852,6508,5330,1576,717,104_LC_2,2,3,9670,5
AG. DE ADUANA R. FUENZALIDA Y CIA. LTDA.,Providencia,2,LA CONCEPCION 322 PISO 5 OF.504,271,4,60,PR,271_PR_4,15,9719,8816,7973,6510,5604,1693,820,271_PR_4,4,2,9719,15
AHK BUSINESS CENTER,Las Condes,3,BOSQUE NORTE 0440 OF.601 (1-2-5),105,2,200,LC,105_LC_2,15,9766,8941,8038,6593,5920,1731,1398,105_LC_2,2,3,9766,15
ALGAS MARINAS S.A. ALGAMAR,Providencia,2,FIDEL OTEIZA 1956  P 14,342,5,60,PR,342_PR_5,15,9818,8970,8117,6704,6076,1833,1561,342_PR_5,5,2,9818,15
ALIMENTOS MARINOS S.A.,Providencia,2,MAR DEL PLATA 2111,192,3,130,PR,192_PR_3,18,9819,8987,8145,6891,6142,2252,1654,192_PR_3,3,2,9819,18
ALIMENTOS MULTIEXPORT S.A.,Las Condes,3,ISIDORA GOYENECHEA  3621  P 17 TORRE B,193,3,70,LC,193_LC_3,20,9831,9011,8222,6944,6439,2705,1665,193_LC_3,3,3,9831,20
ALMACENES PARIS COMERCIAL S.A.,Las Condes,3,AV KENNEDY 5225 P 4 PQUE ARAUC,272,4,130,LC,272_LC_4,20,9849,9025,8227,7117,6545,2807,1720,272_LC_4,4,3,9849,20
AMCHAM CHILE,Las Condes,3,AV. KENNEDY 5735 OF.201 TORRE PONIENTE,273,4,90,LC,273_LC_4,20,9883,9035,8259,7200,6633,2832,1796,273_LC_4,4,3,9883,20
ARAUCO SALUD S.A.,Las Condes,3,KENNEDY 5757 TORRE ORIENTE OF-702,343,5,45,LC,343_LC_5,20,9896,9043,8297,7264,6667,2857,1831,343_LC_5,5,3,9896,20
ARAWAK S.A. SERVICIOS PERSONALES,Santiago,1,PORVENIR 464,274,4,60,SA,274_SA_4,20,9896,9128,8376,7280,6770,2923,1873,274_SA_4,4,1,9896,20
ARTEL S.A.I.C.,Santiago,1,"MATIAS COUSI??""O 54 PISO 2",3,1,75,SA,3_SA_1,20,9922,9133,8439,7383,6873,3040,1894,3_SA_1,1,1,9922,20
ASEA BROWN BOVERI S.A.,"??""u?'oa",5,"VICU??""A MACKENNA 1602 RECEPCION.",106,2,75,NU,106_NU_2,20,9962,9134,8527,7435,6873,3201,1969,106_NU_2,2,5,9962,20
ASESORES EN VIAJE S.A.,Providencia,2,Las Bellotas # 225,107,2,30,PR,107_PR_2,25,10014,9141,8527,7503,6884,3460,2010,107_PR_2,2,2,10014,25
ASOC.FUNC.MUNICIP.DE LAS CONDES,Las Condes,3,APOQUINDO 3076 SUBTERRANEO,344,5,120,LC,344_LC_5,30,10017,9260,8663,7525,7020,3810,2015,344_LC_5,5,3,10017,30
ASOC.FUNC.MUNICIP.DE LAS CONDES,Las Condes,3,AV. APOQUINDO 3076 INTERIOR  SUBTE,108,2,10,LC,108_LC_2,30,10017,9260,8663,7525,7020,3810,2015,108_LC_2,2,3,10017,30
ASOCIADOS UNDURRAGA IMPRESORES LTDA.,Santiago,1,ANDES 3561,345,5,150,SA,345_SA_5,30,10023,9274,8727,7551,7043,3964,2094,345_SA_5,5,1,10023,30
AUTOMOVIL CLUB DE CHILE,Providencia,2,ANDRES BELLO 1863 PISO 2,194,3,20,PR,194_PR_3,30,10036,9289,8745,7611,7058,4396,2394,194_PR_3,3,2,10036,30
"BAEZA Y COMPA??""IA LTDA.",Las Condes,3,APOQUINDO 3001 PISO 12 OFIC. 1203,4,1,120,LC,4_LC_1,30,10049,9345,8754,7713,7153,4767,2438,4_LC_1,1,3,10049,30
BANCO CONOSUR,Santiago,1,ALAMEDA 1980 P.4,195,3,150,SA,195_SA_3,30,10051,9362,8829,7745,7271,4919,2493,195_SA_3,3,1,10051,30
BANCO DE CHILE,Santiago,1,AGUSTINAS 733 PISO 1 BCA.ORIVADA,5,1,90,SA,5_SA_1,30,10072,9393,8876,7771,7297,5044,2704,5_SA_1,1,1,10072,30
BANCO DE CHILE,Santiago,1,"AGUSTINAS 951, P. 5 SALA PROC.",197,3,120,SA,197_SA_3,30,10072,9393,8876,7771,7297,5044,2704,197_SA_3,3,1,10072,30
BANCO DE CHILE,Las Condes,3,LAS CONDES 10247 OF ESTORIL EDUARD,346,5,70,LC,346_LC_5,30,10072,9393,8876,7771,7297,5044,2704,346_LC_5,5,3,10072,30
BANCO DE CHILE,Santiago,1,HUERFANOS 980 P.2 COMERCIO EXTERIOR-3,199,3,80,SA,199_SA_3,30,10072,9393,8876,7771,7297,5044,2704,199_SA_3,3,1,10072,30
BANCO DE CHILE,Providencia,2,PROVIDENCIA 2178 ( STA. ISABEL ),196,3,45,PR,196_PR_3,30,10072,9393,8876,7771,7297,5044,2704,196_PR_3,3,2,10072,30
BANCO DE CHILE,Santiago,1,ESTADO 387 P.2,198,3,60,SA,198_SA_3,30,10072,9393,8876,7771,7297,5044,2704,198_SA_3,3,1,10072,30
BANCO DE CREDITO E INVERSIONES,Santiago,1,BANDERA 236 19-A PISO 3 CC.12282,6,1,30,SA,6_SA_1,30,10077,9463,8884,8067,7339,5139,2734,6_SA_1,1,1,10077,30
BANCO DE CREDITO E INVERSIONES,Santiago,1,SAN DIEGO 2043,200,3,60,SA,200_SA_3,30,10077,9463,8884,8067,7339,5139,2734,200_SA_3,3,1,10077,30
BANCO DE CREDITO E INVERSIONES,Las Condes,3,APOQUINDO 5710,201,3,270,LC,201_LC_3,30,10077,9463,8884,8067,7339,5139,2734,201_LC_3,3,3,10077,30
BANCO DEL DESARROLLO,Santiago,1,ALAMEDA 929 P5,347,5,20,SA,347_SA_5,30,10133,9515,8936,8115,7417,5186,2950,347_SA_5,5,1,10133,30
BANCO DEL ESTADO DE CHILE,Santiago,1,ALAMEDA 1111 P 8 SUBGCIA REGULARIZ.CRED.,7,1,290,SA,7_SA_1,30,10137,9540,8958,8182,7441,5268,3076,7_SA_1,1,1,10137,30
BANCO DEL ESTADO DE CHILE,Santiago,1,ALAMEDA 1111 P.3 COMERCIO EXT,202,3,180,SA,202_SA_3,30,10137,9540,8958,8182,7441,5268,3076,202_SA_3,3,1,10137,30
BANCO DEL ESTADO DE CHILE,Santiago,1,HUERFANOS 1202 P.3 OF.310,8,1,60,SA,8_SA_1,30,10137,9540,8958,8182,7441,5268,3076,8_SA_1,1,1,10137,30
BANCO DEL ESTADO DE CHILE,Santiago,1,MORANDE 25 PISO 3,110,2,120,SA,110_SA_2,30,10137,9540,8958,8182,7441,5268,3076,110_SA_2,2,1,10137,30
BANCO DEL ESTADO DE CHILE,Santiago,1,ALAMEDA 1111 P.6 GCIA. GRAL.FINANZAS,111,2,120,SA,111_SA_2,30,10137,9540,8958,8182,7441,5268,3076,111_SA_2,2,1,10137,30
BANCO DEL ESTADO DE CHILE,Santiago,1,NUEVA YORK 33 P 17,112,2,60,SA,112_SA_2,30,10137,9540,8958,8182,7441,5268,3076,112_SA_2,2,1,10137,30
BANCO DEL ESTADO DE CHILE,Santiago,1,BANDERA 861   1P,109,2,110,SA,109_SA_2,30,10137,9540,8958,8182,7441,5268,3076,109_SA_2,2,1,10137,30
BANCO DEL ESTADO DE CHILE,Santiago,1,ALAMEDA 1111 P 3 COMERCIO EXTE,114,2,60,SA,114_SA_2,30,10137,9540,8958,8182,7441,5268,3076,114_SA_2,2,1,10137,30
BANCO DEL ESTADO DE CHILE,Santiago,1,MORANDE 25 FISCALIA P.5 OF 503,113,2,60,SA,113_SA_2,30,10137,9540,8958,8182,7441,5268,3076,113_SA_2,2,1,10137,30
BANCO DEL ESTADO DE CHILE,Santiago,1,ALAMEDA 1111 P.2 MODULO 6,203,3,45,SA,203_SA_3,30,10137,9540,8958,8182,7441,5268,3076,203_SA_3,3,1,10137,30
BANCO IND.Y DE COMERCIO EXTERIOR,Providencia,2,ISIDORA GOYENECHEA 3132 P 1,115,2,90,PR,115_PR_2,30,10142,9553,8961,8204,7452,5298,3178,115_PR_2,2,2,10142,30
BANCO INTERNACIONAL,Santiago,1,MONEDA 818 P.4 CENTRO COPIADO,348,5,60,SA,348_SA_5,35,10144,9567,8965,8241,7456,5309,3367,348_SA_5,5,1,10144,35
BANCO INTERNACIONAL,Santiago,1,MONEDA 818 PISO 2 GCIA GRAL.,349,5,15,SA,349_SA_5,35,10144,9567,8965,8241,7456,5309,3367,349_SA_5,5,1,10144,35
BANCO SANTANDER CHILE,Santiago,1,MONEDA 975  PISO 5,9,1,360,SA,9_SA_1,35,10147,9632,8974,8266,7532,5410,3458,9_SA_1,1,1,10147,35
BANCO SANTANDER CHILE,Santiago,1,AGUSTINAS 920 P.4,10,1,60,SA,10_SA_1,35,10147,9632,8974,8266,7532,5410,3458,10_SA_1,1,1,10147,35
BANCO SANTANDER CHILE,Santiago,1,MATIAS COUSI?O 199 P-9,13,1,60,SA,13_SA_1,35,10147,9632,8974,8266,7532,5410,3458,13_SA_1,1,1,10147,35
BANCO SANTANDER CHILE,Santiago,1,BANDERA 140 P.2,14,1,90,SA,14_SA_1,35,10147,9632,8974,8266,7532,5410,3458,14_SA_1,1,1,10147,35
BANCO SANTANDER CHILE,Santiago,1,MONEDA 971 PISO 1 DPTO SOLUCIONES,350,5,180,SA,350_SA_5,35,10147,9632,8974,8266,7532,5410,3458,350_SA_5,5,1,10147,35
BANCO SANTANDER CHILE,Santiago,1,AGUSTINAS 1389 P.2,12,1,75,SA,12_SA_1,35,10147,9632,8974,8266,7532,5410,3458,12_SA_1,1,1,10147,35
BANCO SANTANDER CHILE,Santiago,1,IRENE MORALES 10 PLAZA ITALIA,204,3,80,SA,204_SA_3,35,10147,9632,8974,8266,7532,5410,3458,204_SA_3,3,1,10147,35
BANCO SANTANDER CHILE,Santiago,1,BANDERA 206 P 8,205,3,60,SA,205_SA_3,35,10147,9632,8974,8266,7532,5410,3458,205_SA_3,3,1,10147,35
BANCO SANTANDER CHILE,Providencia,2,AV FCO BILBAO 2082 SUBT,352,5,70,PR,352_PR_5,35,10147,9632,8974,8266,7532,5410,3458,352_PR_5,5,2,10147,35
BANCO SANTANDER CHILE,Santiago,1,AHUMADA 170  1ER SUBTE.,11,1,120,SA,11_SA_1,35,10147,9632,8974,8266,7532,5410,3458,11_SA_1,1,1,10147,35
BANCO SANTANDER CHILE,Santiago,1,HUERFANOS 1157,275,4,90,SA,275_SA_4,35,10147,9632,8974,8266,7532,5410,3458,275_SA_4,4,1,10147,35
BANCO SANTANDER CHILE,Santiago,1,HUERFANOS 1269,276,4,60,SA,276_SA_4,35,10147,9632,8974,8266,7532,5410,3458,276_SA_4,4,1,10147,35
BANCO SANTANDER CHILE,Santiago,1,CURICO 38 PISO 2.,277,4,120,SA,277_SA_4,35,10147,9632,8974,8266,7532,5410,3458,277_SA_4,4,1,10147,35
BANCO SANTANDER CHILE,Santiago,1,HUERFANOS 1081,120,2,55,SA,120_SA_2,35,10147,9632,8974,8266,7532,5410,3458,120_SA_2,2,1,10147,35
BANCO SANTANDER CHILE,Santiago,1,MONEDA 975 P5,279,4,300,SA,279_SA_4,35,10147,9632,8974,8266,7532,5410,3458,279_SA_4,4,1,10147,35
BANCO SANTANDER CHILE,"??""u?'oa",5,IRARRAZAVAL 2709 PISO1 INTERIO,280,4,60,NU,280_NU_4,35,10147,9632,8974,8266,7532,5410,3458,280_NU_4,4,5,10147,35
BANCO SANTANDER CHILE,Santiago,1,AHUMADA 52 SUBTERRANEO,119,2,60,SA,119_SA_2,35,10147,9632,8974,8266,7532,5410,3458,119_SA_2,2,1,10147,35
BANCO SANTANDER CHILE,Santiago,1,AGUSTINAS 920 P.2,124,2,30,SA,124_SA_2,35,10147,9632,8974,8266,7532,5410,3458,124_SA_2,2,1,10147,35
BANCO SANTANDER CHILE,Las Condes,3,EL RODEO 12850 LOCAL 33,121,2,45,LC,121_LC_2,35,10147,9632,8974,8266,7532,5410,3458,121_LC_2,2,3,10147,35
BANCO SANTANDER CHILE,Santiago,1,AHUMADA 170 PISO 3,122,2,50,SA,122_SA_2,35,10147,9632,8974,8266,7532,5410,3458,122_SA_2,2,1,10147,35
BANCO SANTANDER CHILE,Santiago,1,BANDERA 172 (12) PISO 5,351,5,60,SA,351_SA_5,35,10147,9632,8974,8266,7532,5410,3458,351_SA_5,5,1,10147,35
BANCO SANTANDER CHILE,Santiago,1,ALAMEDA 1449 P.6,118,2,120,SA,118_SA_2,35,10147,9632,8974,8266,7532,5410,3458,118_SA_2,2,1,10147,35
BANCO SANTANDER CHILE,Providencia,2,AV. PROVIDENCIA 2051,278,4,150,PR,278_PR_4,35,10147,9632,8974,8266,7532,5410,3458,278_PR_4,4,2,10147,35
BANCO SANTANDER CHILE,Santiago,1,AGUSTINAS 1025 P 4,116,2,60,SA,116_SA_2,35,10147,9632,8974,8266,7532,5410,3458,116_SA_2,2,1,10147,35
BANCO SANTANDER CHILE,Santiago,1,Agustinas 1025 piso 5 Crillon,117,2,140,SA,117_SA_2,35,10147,9632,8974,8266,7532,5410,3458,117_SA_2,2,1,10147,35
BANCO SANTANDER CHILE,Santiago,1,BANDERA 140 P 18 ADMISION DE R,123,2,50,SA,123_SA_2,35,10147,9632,8974,8266,7532,5410,3458,123_SA_2,2,1,10147,35
BANCOESTADO CORREDORES DE SEGUROS LTDA.,Santiago,1,MONEDA 1140 PISO 2,15,1,240,SA,15_SA_1,38,10150,9640,8988,8360,7563,5503,3666,15_SA_1,1,1,10150,38
"BANKBOSTON, N.A.",Santiago,1,NVA.YORK 33 ..SUCURSAL,125,2,60,SA,125_SA_2,38,10164,9676,9017,8376,7624,5519,3729,125_SA_2,2,1,10164,38
"BANKBOSTON, N.A.",Providencia,2,ENRIQUE FOSTER SUR 20..P-6,281,4,70,PR,281_PR_4,38,10164,9676,9017,8376,7624,5519,3729,281_PR_4,4,2,10164,38
BAYERISCHE HAUSBAN INMOBILIARIA LTDA.,Las Condes,3,AV APOQUINDO 3721 PISO 21,282,4,90,LC,282_LC_4,40,10164,9689,9062,8542,7730,5594,3804,282_LC_4,4,3,10164,40
BELLSOUTH INVERSIONES S.A.,Providencia,2,MANUEL MONTT 1404 PISO 3.,127,2,80,PR,127_PR_2,40,10211,9702,9067,8614,7819,5647,3851,127_PR_2,2,2,10211,40
BELLSOUTH INVERSIONES S.A.,Providencia,2,MANUEL MONTT 1404 PISO 4,206,3,35,PR,206_PR_3,40,10211,9702,9067,8614,7819,5647,3851,206_PR_3,3,2,10211,40
BELLSOUTH INVERSIONES S.A.,Providencia,2,MANUEL MONTT 1404 PISO 4,126,2,180,PR,126_PR_2,40,10211,9702,9067,8614,7819,5647,3851,126_PR_2,2,2,10211,40
BESTPHARMA S.A,Santiago,1,ERASMO ESCALA 1875 PISO 2,353,5,5,SA,353_SA_5,40,10221,9705,9084,8650,7872,5805,3890,353_SA_5,5,1,10221,40
BIOMET CHILE S.A.,Providencia,2,POCURO 2255,354,5,30,PR,354_PR_5,40,10227,9726,9098,8732,7877,5844,4023,354_PR_5,5,2,10227,40
BOLSA DE C.DE STGO.BOLSA DE VAL.,Santiago,1,LA BOLSA 64 P.1,16,1,110,SA,16_SA_1,45,10229,9731,9159,8745,7886,6082,4061,16_SA_1,1,1,10229,45
BOLSA DE C.DE STGO.BOLSA DE VAL.,Santiago,1,LA BOLSA 64 P.3 OF.227 SERVICIOS,207,3,50,SA,207_SA_3,45,10229,9731,9159,8745,7886,6082,4061,207_SA_3,3,1,10229,45
C.M.P.C. PAPELES S.A.,Santiago,1,AGUSTINAS 1357 ENTREPISO,128,2,120,SA,128_SA_2,45,10252,9743,9184,8849,7887,6123,4127,128_SA_2,2,1,10252,45
CADE IDP.SERV.DE INGENIERIA LTDA,"??""u?'oa",5,VILLASECA 21 PISO 8,17,1,180,NU,17_NU_1,45,10264,9745,9227,8850,7894,6195,4181,17_NU_1,1,5,10264,45
CADE IDP.SERV.DE INGENIERIA LTDA,"??""u?'oa",5,"JOSE DOMINGO CA??""AS 2640",129,2,120,NU,129_NU_2,45,10264,9745,9227,8850,7894,6195,4181,129_NU_2,2,5,10264,45
CAJA DE C.A.F.GABRIELA MISTRAL,Santiago,1,"AV. VICU??""A MACKENNA 165 UNIDAD SUBSIDIOS",283,4,180,SA,283_SA_4,45,10266,9754,9293,8904,7929,6196,4271,283_SA_4,4,1,10266,45
CAJA DE COMPENSAC.DE LOS ANDES,Las Condes,3,ROSARIO SUR 85,355,5,150,LC,355_LC_5,45,10291,9787,9300,8933,7960,6387,4468,355_LC_5,5,3,10291,45
CAJA DE COMPENSAC.DE LOS ANDES,Santiago,1,HUERFANOS 1133 PISO 2,130,2,90,SA,130_SA_2,45,10291,9787,9300,8933,7960,6387,4468,130_SA_2,2,1,10291,45
CAMARA DE COMERCIO DE SANTIAGO,Santiago,1,MONJITAS 392 PISO 3,356,5,150,SA,356_SA_5,45,10295,9811,9308,9011,8031,6401,4723,356_SA_5,5,1,10295,45
CAMPVS MATER S.A.,Providencia,2,AV. PROVIDENCIA 1760 P.14,131,2,215,PR,131_PR_2,50,10296,9832,9332,9015,8039,6443,4791,131_PR_2,2,2,10296,50
CARABINEROS DE CHILE,Santiago,1,AMUNATEGUI  519 SUB DIR.TRANSITO P9,18,1,90,SA,18_SA_1,50,10310,9838,9336,9017,8044,6457,4906,18_SA_1,1,1,10310,50
CARABINEROS DE CHILE,Santiago,1,ALAMEDA 1196 P 6 DPTO 2,208,3,90,SA,208_SA_3,50,10310,9838,9336,9017,8044,6457,4906,208_SA_3,3,1,10310,50
CARABINEROS DE CHILE,Santiago,1,AMUNATEGUI 519 P 11,209,3,45,SA,209_SA_3,50,10310,9838,9336,9017,8044,6457,4906,209_SA_3,3,1,10310,50
CARABINEROS DE CHILE,Santiago,1,AV BERNARDO OHIGGINS 1196 P 10 ADM CAJA,132,2,20,SA,132_SA_2,50,10310,9838,9336,9017,8044,6457,4906,132_SA_2,2,1,10310,50
CASA DE ESTUDIOS P.DE VALDIVIA,Santiago,1,AGUSTINAS 1943 PISO 1,19,1,180,SA,19_SA_1,50,10310,9848,9357,9039,8089,6487,4940,19_SA_1,1,1,10310,50
CASA DE ESTUDIOS P.DE VALDIVIA,Santiago,1,AGUSTINAS 1943 PISO 1,210,3,180,SA,210_SA_3,50,10310,9848,9357,9039,8089,6487,4940,210_SA_3,3,1,10310,50
CASA DE ESTUDIOS P.DE VALDIVIA,Santiago,1,AGUSTINAS 1943,284,4,240,SA,284_SA_4,50,10310,9848,9357,9039,8089,6487,4940,284_SA_4,4,1,10310,50
CHILECTRA S.A.,Santiago,1,SANTA ROSA 76 PISO 4,134,2,60,SA,134_SA_2,50,10315,9853,9417,9167,8098,6495,5254,134_SA_2,2,1,10315,50
CHILECTRA S.A.,Santiago,1,VICTORIA 612 PISO 2,133,2,90,SA,133_SA_2,50,10315,9853,9417,9167,8098,6495,5254,133_SA_2,2,1,10315,50
CHILECTRA S.A.,Santiago,1,VICTORIA 612 PISO 2,357,5,60,SA,357_SA_5,50,10315,9853,9417,9167,8098,6495,5254,357_SA_5,5,1,10315,50
CIA. AMERICANA DE MULTISERVICIOS LTDA.,Santiago,1,TARAPACA 934 PISO 2,285,4,60,SA,285_SA_4,50,10334,9868,9436,9209,8234,6537,5449,285_SA_4,4,1,10334,50
CIA. CERVECERIAS UNIDAS S.A.,Santiago,1,BANDERA 84 P9,135,2,60,SA,135_SA_2,50,10364,9926,9469,9212,8299,6559,5492,135_SA_2,2,1,10364,50
CIA. CERVECERIAS UNIDAS S.A.,Santiago,1,BANDERA 84 PISO 8  DEPTO.TESORERIA,20,1,60,SA,20_SA_1,50,10364,9926,9469,9212,8299,6559,5492,20_SA_1,1,1,10364,50
CIA. CHILENA DE PERFORACIONES LTDA.,Las Condes,3,BENJAMIN 2935  PISO 8  OF.802,136,2,30,LC,136_LC_2,50,10367,9928,9470,9249,8301,6593,5627,136_LC_2,2,3,10367,50
CIA. MINERA DISPUTADA LAS CONDES LTDA.,Providencia,2,PEDRO DE VALDIVIA 291 PISO 13,286,4,60,PR,286_PR_4,52,10374,9933,9526,9289,8379,6678,5647,286_PR_4,4,2,10374,52
CIA. MINERA DISPUTADA LAS CONDES LTDA.,Las Condes,3,LOS BRONCES PROYECTO SAN FRANC,360,5,10,LC,360_LC_5,52,10374,9933,9526,9289,8379,6678,5647,360_LC_5,5,3,10374,52
CIA. MINERA DISPUTADA LAS CONDES LTDA.,Providencia,2,P.DE VALDIVIA 291 PISO 1,358,5,70,PR,358_PR_5,52,10374,9933,9526,9289,8379,6678,5647,358_PR_5,5,2,10374,52
CIA. MINERA DISPUTADA LAS CONDES LTDA.,Providencia,2,"AV. PEDRO DE VALDIVIA 291, 1 SUBTERRANEO",137,2,150,PR,137_PR_2,52,10374,9933,9526,9289,8379,6678,5647,137_PR_2,2,2,10374,52
CIA. MINERA DISPUTADA LAS CONDES LTDA.,Las Condes,3,"LOS BRONCES,GERENCIA PLANTAS,S",359,5,10,LC,359_LC_5,52,10374,9933,9526,9289,8379,6678,5647,359_LC_5,5,3,10374,52
CIA. MINERA DISPUTADA LAS CONDES LTDA.,Santiago,1,PEDRO DE VALDIVIA 291 1 SUB,361,5,10,SA,361_SA_5,52,10374,9933,9526,9289,8379,6678,5647,361_SA_5,5,1,10374,52
CIA.ELECTROMETALURGICA S.A.,"??""u?'oa",5,AV. V.MACKENNA 1570 GCIA.. GEN,21,1,90,NU,21_NU_1,57,10378,9957,9533,9308,8401,6754,5654,21_NU_1,1,5,10378,57
CIA.ELECTROMETALURGICA S.A.,"??""u?'oa",5,AVDA VICU?A MACKENNA 1570 G COMERCIAL,211,3,40,NU,211_NU_3,57,10378,9957,9533,9308,8401,6754,5654,211_NU_3,3,5,10378,57
CIENTOCHENTA GRADOS S.A.,Providencia,2,NVA.LOS LEONES 07 PISO 10,362,5,240,PR,362_PR_5,57,10380,9990,9592,9332,8519,6874,5743,362_PR_5,5,2,10380,57
CITIBANK N.A.,Providencia,2,AV PROVIDENCIA 655,22,1,60,PR,22_PR_1,60,10384,9998,9633,9378,8582,6918,5916,22_PR_1,1,2,10384,60
CITIBANK N.A.,Las Condes,3,AV EL  BOSQUE  0500  P. 3,213,3,90,LC,213_LC_3,60,10384,9998,9633,9378,8582,6918,5916,213_LC_3,3,3,10384,60
CITIBANK N.A.,Providencia,2,PROVIDENCIA 2653  P 2,139,2,60,PR,139_PR_2,60,10384,9998,9633,9378,8582,6918,5916,139_PR_2,2,2,10384,60
CITIBANK N.A.,Santiago,1,HUERFANOS 770,140,2,50,SA,140_SA_2,60,10384,9998,9633,9378,8582,6918,5916,140_SA_2,2,1,10384,60
CITIBANK N.A.,Santiago,1,TEATINOS 180 P1,288,4,60,SA,288_SA_4,60,10384,9998,9633,9378,8582,6918,5916,288_SA_4,4,1,10384,60
CITIBANK N.A.,Providencia,2,ORREGOLUCO 58,287,4,90,PR,287_PR_4,60,10384,9998,9633,9378,8582,6918,5916,287_PR_4,4,2,10384,60
CITIBANK N.A.,Santiago,1,AHUMADA 40,212,3,40,SA,212_SA_3,60,10384,9998,9633,9378,8582,6918,5916,212_SA_3,3,1,10384,60
CITIBANK N.A.,Vitacura,4,O BRIEN 2235,138,2,90,VI,138_VI_2,60,10384,9998,9633,9378,8582,6918,5916,138_VI_2,2,4,10384,60
CLINICA ALEMANA DE SANTIAGO S.A.,Vitacura,4,CONCILIO VATICANO 6017,363,5,10,VI,363_VI_5,60,10390,10001,9642,9408,8626,6960,5993,363_VI_5,5,4,10390,60
CLINICA ALEMANA DE SANTIAGO S.A.,Vitacura,4,AV.  VITACURA 5951 CENTRO COPI,214,3,25,VI,214_VI_3,60,10390,10001,9642,9408,8626,6960,5993,214_VI_3,3,4,10390,60
CLINITEST LTDA,Providencia,2,RICARDO LYON 1899,215,3,45,PR,215_PR_3,60,10395,10012,9684,9419,8635,6982,6000,215_PR_3,3,2,10395,60
CMPC CELULOSA S.A.,Santiago,1,AGUSTINAS 1357  P2,23,1,90,SA,23_SA_1,60,10399,10018,9723,9438,8643,6990,6125,23_SA_1,1,1,10399,60
COASIN CHILE S.A.,Providencia,2,AV. HOLANDA 1292,24,1,100,PR,24_PR_1,60,10403,10027,9731,9444,8735,7050,6254,24_PR_1,1,2,10403,60
COCA COLA DE CHILE S.A.,Las Condes,3,AV. KENNEDY 5757 P.11,289,4,110,LC,289_LC_4,60,10407,10032,9758,9509,8737,7203,6261,289_LC_4,4,3,10407,60
COGAN GRUPO NORTE S.A.,Providencia,2,MARCHANT PEREIRA 1030,25,1,90,PR,25_PR_1,60,10415,10050,9762,9532,8819,7285,6298,25_PR_1,1,2,10415,60
COLEGIO CALASANZ,"??""u?'oa",5,MONTENEGRO 661,141,2,150,NU,141_NU_2,60,10416,10053,9767,9542,8894,7349,6320,141_NU_2,2,5,10416,60
COLEGIO CALASANZ,"??""u?'oa",5,MONTENEGRO 661,26,1,420,NU,26_NU_1,60,10416,10053,9767,9542,8894,7349,6320,26_NU_1,1,5,10416,60
COLEGIO DEL SAGRADO CORAZON,Las Condes,3,SANTA MAGDALENA SOFIA 277,27,1,180,LC,27_LC_1,60,10425,10054,9835,9544,8976,7406,6337,27_LC_1,1,3,10425,60
COMANDANCIA EN JEFE,Santiago,1,ZENTENO 45 P.5 ALA NORTE AYUDANTIA,216,3,80,SA,216_SA_3,60,10429,10075,9843,9555,9002,7412,6365,216_SA_3,3,1,10429,60
COMERCIAL CYP S.A.,Santiago,1,ESTADO 10 OF. 1701,28,1,30,SA,28_SA_1,60,10432,10086,9856,9563,9019,7429,6566,28_SA_1,1,1,10432,60
COMERCIAL ECCSA S.A.,Santiago,1,HUERFANOS 979  OF.401,29,1,60,SA,29_SA_1,60,10449,10125,9888,9569,9045,7489,6589,29_SA_1,1,1,10449,60
COMERCIALIZADORA INTEGRAL LTDA.,Providencia,2,ISIDORITA 143,364,5,1,PR,364_PR_5,60,10465,10132,9945,9585,9145,7581,6747,364_PR_5,5,2,10465,60
COMERCIALIZADORA S.A.,Santiago,1,ALAMEDA 757 P5,217,3,150,SA,217_SA_3,60,10469,10138,9950,9618,9155,7702,6748,217_SA_3,3,1,10469,60
COMERCIALIZADORA S.A.,Santiago,1,PUENTE 696 P.2 DPTO.CREDITO,365,5,120,SA,365_SA_5,60,10469,10138,9950,9618,9155,7702,6748,365_SA_5,5,1,10469,60
COMERCIALIZADORA S.A.,Santiago,1,PUENTE 640 DEPTO CREDITO P1,290,4,60,SA,290_SA_4,60,10469,10138,9950,9618,9155,7702,6748,290_SA_4,4,1,10469,60
COMISION NACIONAL DE RIEGO,Santiago,1,VALENTIN LETELIER 1350 P.1,291,4,150,SA,291_SA_4,60,10469,10143,9964,9623,9165,7713,6749,291_SA_4,4,1,10469,60
COMISION NACIONAL DEL MEDIO AMBIENTE,Providencia,2,OBISPO DONOSO 6 PISO 6,292,4,50,PR,292_PR_4,60,10472,10167,9966,9624,9177,7741,6766,292_PR_4,4,2,10472,60
COMISION NACIONAL DEL MEDIO AMBIENTE,Providencia,2,OBISPO DONOSO 6 PISO 1,293,4,165,PR,293_PR_4,60,10472,10167,9966,9624,9177,7741,6766,293_PR_4,4,2,10472,60
CONFECCIONES GERARD LTDA.,Santiago,1,NATANIEL COX 1528,294,4,90,SA,294_SA_4,60,10476,10181,9973,9632,9322,7767,6788,294_SA_4,4,1,10476,60
CONSEJO LOCAL DE DEPORTES LAS CONDES,Las Condes,3,CERRO COLORADO 5435,142,2,50,LC,142_LC_2,60,10485,10207,9981,9646,9343,7834,6898,142_LC_2,2,3,10485,60
CONSERVADOR DE BIENES RAICES,Santiago,1,MORANDE 440 P.2,218,3,120,SA,218_SA_3,60,10486,10221,9982,9685,9429,7980,7156,218_SA_3,3,1,10486,60
CONSERVADOR DE BIENES RAICES,Santiago,1,MORANDE 440 P.4,219,3,90,SA,219_SA_3,60,10486,10221,9982,9685,9429,7980,7156,219_SA_3,3,1,10486,60
CONSERVADOR DE BIENES RAICES,Santiago,1,MORANDE 440  P.2,143,2,180,SA,143_SA_2,60,10486,10221,9982,9685,9429,7980,7156,143_SA_2,2,1,10486,60
CONSORCIO ARA-INGENDESA LTDA.,Santiago,1,SAN ISIDRO 65,144,2,90,SA,144_SA_2,60,10487,10223,9985,9692,9463,7995,7511,144_SA_2,2,1,10487,60
CONSORCIO NAC.SEG.S.A.CIA.SEG.V.,Las Condes,3,CALLAO 2928 PISO 1,145,2,60,LC,145_LC_2,60,10488,10226,9998,9700,9497,8005,7578,145_LC_2,2,3,10488,60
CONSORCIO NAC.SEG.S.A.CIA.SEG.V.,Santiago,1,BANDERA 248 LC.1,146,2,165,SA,146_SA_2,60,10488,10226,9998,9700,9497,8005,7578,146_SA_2,2,1,10488,60
CONSORCIO NAC.SEG.S.A.CIA.SEG.V.,Las Condes,3,AV.EL BOSQUE SUR 180 P6 RRHH,147,2,30,LC,147_LC_2,60,10488,10226,9998,9700,9497,8005,7578,147_LC_2,2,3,10488,60
CONSORCIO NAC.SEG.S.A.CIA.SEG.V.,Providencia,2,EL BOSQUE 180 PISO 6,220,3,60,PR,220_PR_3,60,10488,10226,9998,9700,9497,8005,7578,220_PR_3,3,2,10488,60
CONSTRA.ASOC.B Y C LTDA.,Providencia,2,LAS URBINA 53 OF 141,30,1,60,PR,30_PR_1,60,10504,10242,10035,9722,9525,8073,7660,30_PR_1,1,2,10504,60
CONSTRUCTORA CABO DE HORNOS LTDA.,Las Condes,3,LINEO 6557,295,4,60,LC,295_LC_4,60,10511,10249,10153,9742,9527,8205,7923,295_LC_4,4,3,10511,60
CONSTRUCTORA COPEVA S. A.,Santiago,1,PHILLIPS 84 OF 49,366,5,20,SA,366_SA_5,60,10512,10260,10157,9763,9601,8217,7956,366_SA_5,5,1,10512,60
CORPBANCA,Santiago,1,HUERFANOS 1072   P8,32,1,90,SA,32_SA_1,60,10513,10276,10174,9848,9619,8519,8386,32_SA_1,1,1,10513,60
CORPBANCA,Santiago,1,ALAMEDA 2206 PISO 1,31,1,90,SA,31_SA_1,60,10513,10276,10174,9848,9619,8519,8386,31_SA_1,1,1,10513,60
CORPORACION DE AYUDA AL PACIENTE MENTAL,Providencia,2,MELCHOR CONCHA 9 BARRIO BELLAVISTA,367,5,15,PR,367_PR_5,60,10518,10300,10192,9852,9629,8563,8441,367_PR_5,5,2,10518,60
COZ Y CIA. LTDA.,Las Condes,3,AV LAS CONDES 11380 OF. 101,33,1,150,LC,33_LC_1,60,10518,10305,10209,9873,9642,8583,8654,33_LC_1,1,3,10518,60
CTRO. DE ANALISIS Y ASES DE MERCADO  LTD,Providencia,2,CARLOS ANTUNEZ  1843 DEPTO  105  BLOCK22,221,3,35,PR,221_PR_3,60,10532,10321,10250,9874,9651,8637,8661,221_PR_3,3,2,10532,60
DEFENSA CIVIL DE CHILE,Santiago,1,VERGARA 135,296,4,90,SA,296_SA_4,60,10536,10350,10268,9967,9770,8725,8859,296_SA_4,4,1,10536,60
DELOITTE & TOUCHE,Providencia,2,PROVIDENCIA 1760 PISO 9,222,3,60,PR,222_PR_3,60,10538,10376,10272,9991,9779,8735,8913,222_PR_3,3,2,10538,60
DELOITTE & TOUCHE OUTSOURCING S.A.,Providencia,2,AV PROVIDENCIA 1760 PISO 6,223,3,40,PR,223_PR_3,60,10541,10378,10312,10041,9779,8801,8963,223_PR_3,3,2,10541,60
DELTOUR,Providencia,2,MONSE?OR FELIX CABRERA 62,224,3,50,PR,224_PR_3,60,10561,10409,10314,10066,9803,8802,9005,224_PR_3,3,2,10561,60
DERCO AUTOS S.A.,Las Condes,3,AV KENNEDY 5601 1ER SUBTE,34,1,80,LC,34_LC_1,60,10564,10416,10315,10067,9820,8805,9062,34_LC_1,1,3,10564,60
DIARIO EL SUR S.A.,Santiago,1,CATEDRAL 1009   OF 306,148,2,90,SA,148_SA_2,60,10569,10418,10332,10129,9825,8831,9087,148_SA_2,2,1,10569,60
DILACO LTDA,Providencia,2,PEREZ VALENZUELA  N? 1138 P 4,368,5,5,PR,368_PR_5,60,10571,10434,10344,10155,9856,8879,9280,368_PR_5,5,2,10571,60
DIRECCION DEL TRABAJO,Santiago,1,AGUSTINAS 1253 P.6 OF.601 PRES,369,5,120,SA,369_SA_5,60,10577,10438,10347,10158,9889,8907,9349,369_SA_5,5,1,10577,60
DIRECCION DEL TRABAJO,Santiago,1,AGUSTINAS 1253 PISO 6 OFIC. PA,370,5,140,SA,370_SA_5,60,10577,10438,10347,10158,9889,8907,9349,370_SA_5,5,1,10577,60
DIRECCION NACIONAL GENDARMERIA DE CHILE,Santiago,1,ROSAS 1274 PISO 3,225,3,80,SA,225_SA_3,60,10585,10440,10353,10160,9904,8924,9415,225_SA_3,3,1,10585,60
DIRECCION NACIONAL GENDARMERIA DE CHILE,Santiago,1,ROSAS 1274 PISO 1 (CONTAB Y PR,35,1,105,SA,35_SA_1,60,10585,10440,10353,10160,9904,8924,9415,35_SA_1,1,1,10585,60
DISTRIBUIDORA AUTOMOTRIZ SANTIAGO S.A.,Santiago,1,COQUIMBO 345,297,4,100,SA,297_SA_4,60,10588,10456,10369,10203,9957,8972,9519,297_SA_4,4,1,10588,60
"ECHEVERRIA,IZQUIERDO,ING. Y CONST. S.A.",Las Condes,3,BENJAMIN 2944 PISO 2.,36,1,60,LC,36_LC_1,61,10589,10491,10421,10246,9961,8983,9636,36_LC_1,1,3,10589,61
ECOLAB S.A.,Providencia,2,PEDRO DE VALDIVIA 3801,298,4,120,PR,298_PR_4,65,10599,10504,10429,10246,9987,9121,9655,298_PR_4,4,2,10599,65
EJERCITO DE CHILE DIRECCION DE LOGISTICA,Santiago,1,ZENTENO 45 P 8,150,2,120,SA,150_SA_2,65,10614,10507,10435,10299,9999,9158,10100,150_SA_2,2,1,10614,65
EJERCITO DE CHILE DIRECCION DE LOGISTICA,Santiago,1,ZENTENO 45 P.8 AYUDANTIA PERS.,149,2,235,SA,149_SA_2,65,10614,10507,10435,10299,9999,9158,10100,149_SA_2,2,1,10614,65
EJERCITO DE SALVACION,Santiago,1,"AV.ESPA??""A 46-PISO 2",151,2,120,SA,151_SA_2,65,10618,10507,10449,10311,10023,9245,10104,151_SA_2,2,1,10618,65
EMBAJADA DE ITALIA,Providencia,2,CLEMENTE FABRES 1050,38,1,80,PR,38_PR_1,65,10621,10518,10473,10321,10057,9385,10188,38_PR_1,1,2,10621,65
EMBAJADA DE ITALIA,Providencia,2,CLEMENTE FABRES 1050,371,5,30,PR,371_PR_5,65,10621,10518,10473,10321,10057,9385,10188,371_PR_5,5,2,10621,65
EMBAJADA DE ITALIA,Providencia,2,CLEMENTE FABRES 1050,37,1,60,PR,37_PR_1,65,10621,10518,10473,10321,10057,9385,10188,37_PR_1,1,2,10621,65
EMBAJADA DE RUSIA,Las Condes,3,COLON 4152,39,1,90,LC,39_LC_1,65,10633,10520,10507,10375,10076,9577,10194,39_LC_1,1,3,10633,65
EMP.CONST.AVELLANEDA LTDA.,Providencia,2,AV. LUIS TAYER OJEDA 0191 P 16,226,3,65,PR,226_PR_3,65,10636,10546,10523,10439,10080,9595,10298,226_PR_3,3,2,10636,65
EMP.PARA EL DEPORTE Y LA SALUD LTDA,Las Condes,3,AVDA LAS CONDES 13635,372,5,60,LC,372_LC_5,67,10647,10550,10572,10441,10136,9611,10327,372_LC_5,5,3,10647,67
EMPRESA NACIONAL DE EXPLOSIVOS,Las Condes,3,RENATO SANCHEZ 3859,227,3,120,LC,227_LC_3,68,10654,10553,10590,10490,10153,9612,10356,227_LC_3,3,3,10654,68
EMPRESAS C.M.P.C. S.A.,Santiago,1,AGUSTINAS  1343 P.9,40,1,60,SA,40_SA_1,70,10656,10570,10591,10492,10169,9653,10369,40_SA_1,1,1,10656,70
EMPRESAS JUAN YARUR S.A.C.,Santiago,1,MONEDA 920 OF.801,228,3,100,SA,228_SA_3,70,10659,10576,10601,10537,10213,9771,10386,228_SA_3,3,1,10659,70
ENRIQUE OSIAC BROSKY,Las Condes,3,LAS CONDESAS 2436,152,2,1,LC,152_LC_2,70,10668,10586,10608,10565,10272,9907,10479,152_LC_2,2,3,10668,70
ENTEL PCS TELECOMUNICACIONES S.A.,Las Condes,3,AV. ANDRES BELLO 2711 PISO 14,41,1,120,LC,41_LC_1,70,10685,10593,10636,10586,10273,10036,10534,41_LC_1,1,3,10685,70
ENTEL PCS TELECOMUNICACIONES S.A.,Providencia,2,AV. ANDRES BELLO 2777 P11,42,1,60,PR,42_PR_1,70,10685,10593,10636,10586,10273,10036,10534,42_PR_1,1,2,10685,70
ESCUELA MILITAR,Las Condes,3,LOS MILITARES 4500 1 COMPA?IA,299,4,60,LC,299_LC_4,70,10692,10630,10642,10617,10318,10087,10627,299_LC_4,4,3,10692,70
ESEDEI INGENIEROS S.A.,Santiago,1,COYANCURA 2283 P7,43,1,207,SA,43_SA_1,73,10697,10633,10644,10620,10325,10234,10632,43_SA_1,1,1,10697,73
ESTUDIO RAUL DE LA FUENTE M. Y CIA. LTDA,Santiago,1,Agustinas 1235 of.32 Raul de la Fuente M,300,4,105,SA,300_SA_4,75,10698,10634,10689,10686,10337,10271,10633,300_SA_4,4,1,10698,75
EVASA S.A.,Santiago,1,TEATINOS 449 PISO 3,301,4,75,SA,301_SA_4,75,10700,10638,10704,10699,10354,10276,10728,301_SA_4,4,1,10700,75
EXAMENES DE LABORATORIOS S.A.,Providencia,2,11 DE SEPTIEMBRE 1920 P4,44,1,25,PR,44_PR_1,75,10712,10667,10707,10734,10426,10295,10941,44_PR_1,1,2,10712,75
EXTRACTOS NATURALES GELYMAR S.A.,Providencia,2,AV. STA. MARIA 2050 P.3,153,2,230,PR,153_PR_2,75,10713,10675,10712,10739,10427,10315,10984,153_PR_2,2,2,10713,75
FACH COMANDO LOGISTICO,Santiago,1,ALAMEDA 1170 PISO 3,302,4,90,SA,302_SA_4,75,10722,10678,10740,10753,10430,10319,11075,302_SA_4,4,1,10722,75
FALABELLA Y CIA. CORREDORA DE SEGUROS LT,Santiago,1,AHUMADA 179  PISO 9  CORREDORA,373,5,60,SA,373_SA_5,75,10725,10686,10744,10765,10462,10337,11181,373_SA_5,5,1,10725,75
FED. INTERN. DE TRAB. DE LA IND. METALUR,Providencia,2,PROV.2019 42-B P4,154,2,170,PR,154_PR_2,75,10743,10698,10748,10767,10479,10341,11405,154_PR_2,2,2,10743,75
FED. INTERN. DE TRAB. DE LA IND. METALUR,Providencia,2,PROV.2019 42-B P4,374,5,105,PR,374_PR_5,75,10743,10698,10748,10767,10479,10341,11405,374_PR_5,5,2,10743,75
FED.NAC.DE TRABAJADORES DEL COBRE,Santiago,1,GENERAL BUSTAMANTE 627 PISO 2,155,2,240,SA,155_SA_2,75,10745,10712,10748,10773,10550,10364,11504,155_SA_2,2,1,10745,75
FOCUS GROUP CONSULTORES LTDA.,Providencia,2,ISIDORO GOYENECHEA 3621 P9 OF 902,375,5,170,PR,375_PR_5,75,10752,10722,10750,10781,10559,10396,11538,375_PR_5,5,2,10752,75
FORWARD COMPUTACION LTDA,Santiago,1,ALAMEDA 108 L 119,229,3,60,SA,229_SA_3,75,10756,10729,10761,10784,10577,10403,11604,229_SA_3,3,1,10756,75
FUNDACION ALCAZAR,Providencia,2,GUARDIA VIEJA 255 OF. 704,156,2,80,PR,156_PR_2,75,10756,10735,10788,10832,10606,10474,11674,156_PR_2,2,2,10756,75
FUNDACION EDUCACIONAL TABANCURA,Vitacura,4,LAS HUALTATAS 10030,45,1,75,VI,45_VI_1,75,10761,10738,10810,10842,10632,10580,11731,45_VI_1,1,4,10761,75
FUNDACION NACIONAL PARA LA SUPERACION DE,Santiago,1,LONDRES 69,46,1,90,SA,46_SA_1,75,10763,10741,10814,10852,10706,10603,11782,46_SA_1,1,1,10763,75
FUNDACION NACIONAL PARA LA SUPERACION DE,Santiago,1,LONDRES   69,47,1,90,SA,47_SA_1,75,10763,10741,10814,10852,10706,10603,11782,47_SA_1,1,1,10763,75
FUNDACION VIDA,Providencia,2,RICCARDO MATTE PEREZ 0156,230,3,30,PR,230_PR_3,78,10777,10748,10838,10866,10730,10651,11878,230_PR_3,3,2,10777,78
GASTON FUENZALIDA PROPIEDADES LTDA,Las Condes,3,REYES LAVALLE 3330,303,4,60,LC,303_LC_4,79,10788,10774,10860,10871,10749,10836,12188,303_LC_4,4,3,10788,79
GOLDER ASSOCIATES S.A.,Providencia,2,AV. 11 DE SEPTIEMBRE 2353 PISO16,376,5,75,PR,376_PR_5,80,10790,10778,10862,10872,10846,10856,12224,376_PR_5,5,2,10790,80
GRAFHIKA COPY CENTER LTDA.,Vitacura,4,ANDRES   BELLO 2879  P. 1,304,4,120,VI,304_VI_4,80,10790,10789,10866,10908,10918,10872,12241,304_VI_4,4,4,10790,80
GRAFHIKA COPY CENTER LTDA.,Santiago,1,DOMEYKO 2338,231,3,80,SA,231_SA_3,80,10790,10789,10866,10908,10918,10872,12241,231_SA_3,3,1,10790,80
GRAFHIKA COPY CENTER LTDA.,Santiago,1,TENDERINI 78,49,1,60,SA,49_SA_1,80,10790,10789,10866,10908,10918,10872,12241,49_SA_1,1,1,10790,80
GRAFHIKA COPY CENTER LTDA.,Santiago,1,TENDERINI 78,306,4,270,SA,306_SA_4,80,10790,10789,10866,10908,10918,10872,12241,306_SA_4,4,1,10790,80
GRAFHIKA COPY CENTER LTDA.,Providencia,2,GUARDIA VIEJA 240,305,4,25,PR,305_PR_4,80,10790,10789,10866,10908,10918,10872,12241,305_PR_4,4,2,10790,80
GRAFHIKA COPY CENTER LTDA.,Providencia,2,GUARDIA VIEJA 240,377,5,30,PR,377_PR_5,80,10790,10789,10866,10908,10918,10872,12241,377_PR_5,5,2,10790,80
GRAFHIKA COPY CENTER LTDA.,Santiago,1,STO.  DOMINGO  1862,157,2,150,SA,157_SA_2,80,10790,10789,10866,10908,10918,10872,12241,157_SA_2,2,1,10790,80
GRAFHIKA COPY CENTER LTDA.,Santiago,1,DOMEYKO 2338,48,1,60,SA,48_SA_1,80,10790,10789,10866,10908,10918,10872,12241,48_SA_1,1,1,10790,80
GRAFHIKA COPY CENTER LTDA.,Providencia,2,GUARDIA VIEJA 240,232,3,120,PR,232_PR_3,80,10790,10789,10866,10908,10918,10872,12241,232_PR_3,3,2,10790,80
GRAFICA LETRILANDIA LTDA.,Santiago,1,PORTUGAL 658,307,4,120,SA,307_SA_4,80,10795,10792,10870,10914,10972,11081,12345,307_SA_4,4,1,10795,80
GUERRERO DITEAUX RAUL,Santiago,1,AV. VICUNA MACKENNA 856,233,3,40,SA,233_SA_3,80,10797,10813,10880,10920,10986,11170,12389,233_SA_3,3,1,10797,80
HEIDRICK Y STRUGGLES DE CHILE LTDA.,Providencia,2,AV ANDRES BELLO 2777  PISO 9 OF.903,378,5,30,PR,378_PR_5,80,10802,10838,10898,10923,11010,11243,12449,378_PR_5,5,2,10802,80
HOCHTIEF CHILENA LTDA.,Las Condes,3,AVDA EL BOSQUE NORTE 0440 P9 OF902,234,3,60,LC,234_LC_3,80,10804,10869,10906,10923,11036,11298,12488,234_LC_3,3,3,10804,80
"HONORATO, RUSSI A CIA. LTDA.",Las Condes,3,ROGER DE FLOR 2736 PISO 6,235,3,120,LC,235_LC_3,85,10809,10871,10929,10932,11038,11330,12705,235_LC_3,3,3,10809,85
HOTEL CORP.OF CHILE HYATT REGENCY,Las Condes,3,ALONSO DE CORDOVA 4601 CENTRO NEGOCIOS,379,5,60,LC,379_LC_5,85,10816,10874,10954,10937,11085,11401,12773,379_LC_5,5,3,10816,85
HOTELES DE CHILE S.A.,Las Condes,3,AVDA. KENNEDY 5741 P.1 RECEPCION,50,1,80,LC,50_LC_1,90,10829,10878,10959,10942,11101,11406,12779,50_LC_1,1,3,10829,90
HQI TRANSELEC CHILE S.A.,Providencia,2,APOQUINDO 3721 PISO 6,158,2,85,PR,158_PR_2,90,10834,10880,10983,10962,11113,11444,12869,158_PR_2,2,2,10834,90
I. MUNICIPALIDAD DE VITACURA,Vitacura,4,SANCHO DE LA HOZ 3470 DIREC.DE OPERACI,236,3,90,VI,236_VI_3,90,10843,10895,11001,10965,11210,11531,12942,236_VI_3,3,4,10843,90
I.MUNICIPALIDAD DE PROVIDENCIA,Providencia,2,P DE VALDIVIA 963  DEPTO CATASTRO,308,4,30,PR,308_PR_4,90,10844,10911,11003,10977,11284,11596,12956,308_PR_4,4,2,10844,90
I.MUNICIPALIDAD DE PROVIDENCIA,Providencia,2,PEDRO DE VALDIVIA 963.DIREC.PROTEC CIVIL,237,3,70,PR,237_PR_3,90,10844,10911,11003,10977,11284,11596,12956,237_PR_3,3,2,10844,90
I.MUNICIPALIDAD DE SANTIAGO,Santiago,1,BALMACEDA  1114  3P,159,2,55,SA,159_SA_2,90,10845,10924,11009,10987,11294,11596,12971,159_SA_2,2,1,10845,90
I.MUNICIPALIDAD DE SANTIAGO,Santiago,1,STO DOMINGO 916 PISO 7 OF.703 CENT.FOTO,51,1,90,SA,51_SA_1,90,10845,10924,11009,10987,11294,11596,12971,51_SA_1,1,1,10845,90
IMAX S. A.,Providencia,2,PADRE MARIANO 277 P 3,160,2,60,PR,160_PR_2,90,10854,10928,11028,11016,11297,11605,12976,160_PR_2,2,2,10854,90
IMPRESORA Y COMERCIAL TIEMPO FUTURO SA,Providencia,2,ALMIRANTE PASTENE 259,309,4,60,PR,309_PR_4,90,10857,10931,11036,11018,11331,11643,12980,309_PR_4,4,2,10857,90
IMPRESORA Y COMERCIAL TIEMPO FUTURO SA,Providencia,2,ALMIRANTE PASTENE 259,310,4,120,PR,310_PR_4,90,10857,10931,11036,11018,11331,11643,12980,310_PR_4,4,2,10857,90
INACAP,Las Condes,3,AV. APOQUINDO 7282 P-3 SALA DE PROF.,161,2,180,LC,161_LC_2,90,10864,10932,11077,11025,11409,11873,13193,161_LC_2,2,3,10864,90
INDUSTRIA TEXTIL MONARCH S.A.,Santiago,1,VICUNA MACKENNA 1215 PISO 3,238,3,60,SA,238_SA_3,90,10869,10956,11098,11036,11414,11888,13288,238_SA_3,3,1,10869,90
ING SALUD ISAPRE,Santiago,1,MIRAFLORES 222 E/P,162,2,1,SA,162_SA_2,90,10874,10963,11108,11085,11431,11971,13411,162_SA_2,2,1,10874,90
ING SALUD S.A.,Santiago,1,MORANDE 325 SUBTERRANEO,239,3,180,SA,239_SA_3,90,10877,10970,11111,11102,11553,11990,13477,239_SA_3,3,1,10877,90
ING SEGUROS DE VIDA S.A.,Providencia,2,COYANCURA 2283,52,1,30,PR,52_PR_1,90,10883,10981,11112,11111,11568,12037,13482,52_PR_1,1,2,10883,90
ING SEGUROS DE VIDA S.A.,Providencia,2,COYANCURA 2283,240,3,60,PR,240_PR_3,90,10883,10981,11112,11111,11568,12037,13482,240_PR_3,3,2,10883,90
INGENIERIA ELECTRICA VOLTA LTDA.,"??""u?'oa",5,JOSE MANUEL INFANTE 2670,53,1,90,NU,53_NU_1,90,10885,10981,11113,11122,11591,12051,13530,53_NU_1,1,5,10885,90
INGENIERIA Y CONST. KODAMA LTDA.,Providencia,2,AVDA ELIODORO YA?EZ 1198,311,4,60,PR,311_PR_4,90,10887,10986,11119,11145,11655,12113,13531,311_PR_4,4,2,10887,90
INMOBIL. E INVERSIONES RUCA S.A.,Santiago,1,MAC IVER 225 OF 302,241,3,20,SA,241_SA_3,90,10893,10995,11129,11165,11696,12358,13564,241_SA_3,3,1,10893,90
INMOBILIARIA NORTE VERDE S.A.,Las Condes,3,ENRIQUE FOSTER SUR 20 PISO 14,55,1,60,LC,55_LC_1,90,10893,11004,11129,11191,11812,12430,13573,55_LC_1,1,3,10893,90
INMOBILIARIA NORTE VERDE S.A.,Las Condes,3,ENRIQUE FOSTER SUR 20 PISO 14,54,1,60,LC,54_LC_1,90,10893,11004,11129,11191,11812,12430,13573,54_LC_1,1,3,10893,90
INSTITUTO DE ESTUDIOS GRAFICOS DE CHILE,Providencia,2,CANADA 253  OF A  2257706,312,4,50,PR,312_PR_4,90,10900,11015,11142,11216,11881,12540,13615,312_PR_4,4,2,10900,90
INSTITUTO HEBREO S.A.,Las Condes,3,AV.LAS CONDES 13450,56,1,150,LC,56_LC_1,90,10903,11023,11165,11227,11951,12560,13620,56_LC_1,1,3,10903,90
INSTITUTO NACIONAL DE DEPORTES,Providencia,2,FIDEL OTEIZA 1956 P.3,313,4,50,PR,313_PR_4,90,10916,11033,11167,11284,11962,12569,13783,313_PR_4,4,2,10916,90
INSTITUTO NACIONAL DE DEPORTES,Providencia,2,FIDEL OTEIZA 1956  P.8,163,2,120,PR,163_PR_2,90,10916,11033,11167,11284,11962,12569,13783,163_PR_2,2,2,10916,90
INTERPLUS S.A.,"??""u?'oa",5,JOSE P.ALESSANDRI 1800,164,2,90,NU,164_NU_2,90,10918,11041,11180,11297,12081,12632,13865,164_NU_2,2,5,10918,90
INVERSIONES Y SERVICIOS S.A.,Santiago,1,HUERFANOS 979 P 7,314,4,20,SA,314_SA_4,90,10940,11047,11185,11303,12109,12748,13913,314_SA_4,4,1,10940,90
ISAPRE COLMENA GOLDEN CROSS S.A.,Las Condes,3,APOQUINDO 5009 DPTO DE OPERACIONES,380,5,234,LC,380_LC_5,90,10941,11054,11204,11345,12132,12751,13952,380_LC_5,5,3,10941,90
ISAPRE CONSALUD S.A.,Santiago,1,ALAMEDA 1511 P.7,59,1,60,SA,59_SA_1,90,10945,11074,11222,11354,12135,12756,14333,59_SA_1,1,1,10945,90
ISAPRE CONSALUD S.A.,Santiago,1,SAN MARTIN 30 PISO 1,57,1,60,SA,57_SA_1,90,10945,11074,11222,11354,12135,12756,14333,57_SA_1,1,1,10945,90
ISAPRE CONSALUD S.A.,Santiago,1,ALAMEDA 1511 P.7,58,1,60,SA,58_SA_1,90,10945,11074,11222,11354,12135,12756,14333,58_SA_1,1,1,10945,90
ISAPRE PROMEPART,Santiago,1,MERCED 280 PISO 3,165,2,120,SA,165_SA_2,90,10949,11074,11242,11367,12139,12919,14422,165_SA_2,2,1,10949,90
ISE LAS AMERICAS CIA DE SEG DE VIDA S.A.,Las Condes,3,AV. EL BOSQUE NORTE 0177 OF. 602,60,1,90,LC,60_LC_1,90,10973,11083,11242,11376,12144,12971,14523,60_LC_1,1,3,10973,90
JOHNSON`S S.A.,Santiago,1,"??""UBLE   1055  P. 2",167,2,60,SA,167_SA_2,90,10984,11102,11266,11405,12161,12978,14544,167_SA_2,2,1,10984,90
JOHNSON`S S.A.,Santiago,1,AGUSTINAS 978,64,1,10,SA,64_SA_1,90,10984,11102,11266,11405,12161,12978,14544,64_SA_1,1,1,10984,90
JOHNSON`S S.A.,Santiago,1,AHUMADA 55 PISO 2,62,1,150,SA,62_SA_1,90,10984,11102,11266,11405,12161,12978,14544,62_SA_1,1,1,10984,90
JOHNSON`S S.A.,Santiago,1,NUBLE 1034 PISO 2,61,1,30,SA,61_SA_1,90,10984,11102,11266,11405,12161,12978,14544,61_SA_1,1,1,10984,90
JOHNSON`S S.A.,Santiago,1,AVDA. KENNEDY 5413 L-123,166,2,40,SA,166_SA_2,90,10984,11102,11266,11405,12161,12978,14544,166_SA_2,2,1,10984,90
JOHNSON`S S.A.,Santiago,1,"??""UBLE 1008 REC HUMANOS",65,1,30,SA,65_SA_1,90,10984,11102,11266,11405,12161,12978,14544,65_SA_1,1,1,10984,90
JOHNSON`S S.A.,Santiago,1,"MATIAS COUSI??""O  64 E P OF 1",63,1,75,SA,63_SA_1,90,10984,11102,11266,11405,12161,12978,14544,63_SA_1,1,1,10984,90
JOHNSON`S S.A.,Santiago,1,SAN DIEGO 1856 PISO 2 AUDITORIA,381,5,60,SA,381_SA_5,90,10984,11102,11266,11405,12161,12978,14544,381_SA_5,5,1,10984,90
KOCH INGENIERIA (CHILE) LTDA.,Las Condes,3,EL BOSQUE NORTE 0440 OF.1202,242,3,40,LC,242_LC_3,90,10986,11103,11277,11405,12175,13012,14738,242_LC_3,3,3,10986,90
KPMG JERIA Y ASOC. AUDIT. CONSULT. LTDA.,Santiago,1,MONJITAS 527 PISO 13 OF 1304,315,4,180,SA,315_SA_4,90,10991,11107,11283,11418,12175,13016,14743,315_SA_4,4,1,10991,90
LABORATORIO CHILE S.A.,"??""u?'oa",5,AV MARATON 1315,316,4,60,NU,316_NU_4,90,10992,11141,11299,11425,12197,13026,15062,316_NU_4,4,5,10992,90
LABORATORIO RECALCINE,Providencia,2,PEDRO DE VALDIVIA 428,66,1,75,PR,66_PR_1,90,11001,11157,11301,11438,12212,13092,15120,66_PR_1,1,2,11001,90
LABORATORIO RIDER S.A.,Santiago,1,PLACER 1354  PISO 2,168,2,60,SA,168_SA_2,90,11006,11177,11301,11450,12278,13108,15149,168_SA_2,2,1,11006,90
LAS AGUILAS LTDA.,Santiago,1,BANDERA 84 P2 OF 215,67,1,60,SA,67_SA_1,90,11007,11193,11388,11450,12299,13229,15468,67_SA_1,1,1,11007,90
LE MANS ISE CIA.DE SEG.GENERALES S.A.,Las Condes,3,ENCOMENDEROS 138,317,4,45,LC,317_LC_4,90,11007,11197,11390,11480,12306,13236,15469,317_LC_4,4,3,11007,90
LEXIS NEXIS CHILE LTDA,Santiago,1,MIRAFLORES 383 P.12,243,3,120,SA,243_SA_3,90,11008,11203,11417,11481,12314,13390,15494,243_SA_3,3,1,11008,90
LEXIS NEXIS CHILE LTDA,Santiago,1,MIRAFLORES  383 PISO 12,318,4,240,SA,318_SA_4,90,11008,11203,11417,11481,12314,13390,15494,318_SA_4,4,1,11008,90
LIBRERIA GONZALEZ Y ASPE LTDA,Santiago,1,LIRA 192 LOCAL G,68,1,120,SA,68_SA_1,90,11011,11208,11423,11487,12336,13549,15498,68_SA_1,1,1,11011,90
LOPEZ MARTINEZ MARIA EUGENIA,Vitacura,4,VITACURA 8400 LOCAL   D,69,1,60,VI,69_VI_1,90,11021,11210,11443,11489,12350,13566,15533,69_VI_1,1,4,11021,90
MANQUEHUE NET S.A.,Providencia,2,11 DE SEPTIEMBRE 2260 LOC 51,382,5,30,PR,382_PR_5,93,11023,11214,11455,11549,12372,13636,15575,382_PR_5,5,2,11023,93
MARIANA THOMSEN Y CIA.LTDA.,Providencia,2,MANUEL MONTT 2000,319,4,90,PR,319_PR_4,98,11035,11220,11459,11627,12432,13764,15594,319_PR_4,4,2,11035,98
MAX HUBER REPROTECNICA LTDA.,Providencia,2,GENERAL DEL CANTO 276,71,1,520,PR,71_PR_1,100,11044,11220,11486,11649,12544,13851,15971,71_PR_1,1,2,11044,100
MAX HUBER REPROTECNICA LTDA.,Santiago,1,MIRAFLORES 109,70,1,180,SA,70_SA_1,100,11044,11220,11486,11649,12544,13851,15971,70_SA_1,1,1,11044,100
MAX HUBER REPROTECNICA LTDA.,Santiago,1,MIRAFLORES 109,170,2,120,SA,170_SA_2,100,11044,11220,11486,11649,12544,13851,15971,170_SA_2,2,1,11044,100
MAX HUBER REPROTECNICA LTDA.,Santiago,1,MONEDA 1045,244,3,80,SA,244_SA_3,100,11044,11220,11486,11649,12544,13851,15971,244_SA_3,3,1,11044,100
MAX HUBER REPROTECNICA LTDA.,Las Condes,3,APOQUINDO 4900-LOCAL 82,169,2,135,LC,169_LC_2,100,11044,11220,11486,11649,12544,13851,15971,169_LC_2,2,3,11044,100
MINERA LAS CENIZAS S.A.,Providencia,2,CORONEL 2354,171,2,65,PR,171_PR_2,100,11049,11238,11548,11669,12572,13949,15990,171_PR_2,2,2,11049,100
MINIST DE DEFENSA SUBSEC INVEST,"??""u?'oa",5,AV JOSE PEDRO ALESSANDRI 1800,172,2,60,NU,172_NU_2,100,11057,11240,11557,11677,12615,13970,16299,172_NU_2,2,5,11057,100
MINISTERIO DEL INTERIOR,Santiago,1,PALACIO DE LA MONEDA OF.110,321,4,240,SA,321_SA_4,100,11062,11244,11570,11681,12667,13976,16376,321_SA_4,4,1,11062,100
MINISTERIO DEL INTERIOR,Santiago,1,AGUSTINAS  1235  P. 4,383,5,240,SA,383_SA_5,100,11062,11244,11570,11681,12667,13976,16376,383_SA_5,5,1,11062,100
MINISTERIO DEL INTERIOR,Providencia,2,TORRES BOONEN 511 PISO 1,73,1,120,PR,73_PR_1,100,11062,11244,11570,11681,12667,13976,16376,73_PR_1,1,2,11062,100
MINISTERIO DEL INTERIOR,Santiago,1,AGUSTINAS 1235 P.8,72,1,195,SA,72_SA_1,100,11062,11244,11570,11681,12667,13976,16376,72_SA_1,1,1,11062,100
MINISTERIO DEL INTERIOR,Santiago,1,PALACIO DE MONEDA GAB. SR MINISTRO,320,4,120,SA,320_SA_4,100,11062,11244,11570,11681,12667,13976,16376,320_SA_4,4,1,11062,100
MINISTERIO DEL INTERIOR,Santiago,1,AGUSTINAS 1235 PISO 3 OF.DERECHOS HUMANO,322,4,90,SA,322_SA_4,100,11062,11244,11570,11681,12667,13976,16376,322_SA_4,4,1,11062,100
MINISTERIO SECRETARIA GRAL. DE GOBIERNO,Santiago,1,TEATINOS 20 OF.47,245,3,160,SA,245_SA_3,100,11073,11270,11573,11712,12699,14039,16536,245_SA_3,3,1,11073,100
MINISTERIO SECRETARIA GRAL. DE GOBIERNO,Santiago,1,ALAMEDA 886 PISO 2 ALA NORTE,384,5,240,SA,384_SA_5,100,11073,11270,11573,11712,12699,14039,16536,384_SA_5,5,1,11073,100
MINISTERIO SECRETARIA GRAL. DE GOBIERNO,Santiago,1,PALACIO MONEDA  P 4 DUPLICACION,323,4,120,SA,323_SA_4,100,11073,11270,11573,11712,12699,14039,16536,323_SA_4,4,1,11073,100
MITSUI TRADING AND SERVICE LTDA.,Las Condes,3,AV ANDRES BELLO 2711 P 11,246,3,100,LC,246_LC_3,100,11074,11271,11575,11807,12720,14050,16936,246_LC_3,3,3,11074,100
MMRR.EE.DIR.RELAC.ECONOM.INTERNC,Santiago,1,TEATINOS 20 P.9 PRO CHILE OF. 91,247,3,90,SA,247_SA_3,100,11100,11288,11587,11841,12724,14059,17022,247_SA_3,3,1,11100,100
MONTRONE PLA S.A.,Santiago,1,SANTA R0SA 2055 P 3 RRHH,74,1,60,SA,74_SA_1,100,11100,11302,11600,11867,12772,14066,17036,74_SA_1,1,1,11100,100
MOP DIRECCION GENERAL,Santiago,1,MORANDE 59 P10  DIR.ARQUITEC.OF.1015,75,1,75,SA,75_SA_1,100,11109,11319,11628,11875,12780,14241,17086,75_SA_1,1,1,11109,100
MOP DIRECCION GENERAL,Santiago,1,MORANDE 59 P 7 OF. DE PARTES,174,2,360,SA,174_SA_2,100,11109,11319,11628,11875,12780,14241,17086,174_SA_2,2,1,11109,100
MOP DIRECCION GENERAL,Santiago,1,MORANDE 59 P 10 EDIF.PUBLICA OF.1001,173,2,55,SA,173_SA_2,100,11109,11319,11628,11875,12780,14241,17086,173_SA_2,2,1,11109,100
MOP DIRECCION GENERAL,Santiago,1,BOMBERO SALAS 1351 P 7,175,2,90,SA,175_SA_2,100,11109,11319,11628,11875,12780,14241,17086,175_SA_2,2,1,11109,100
MOP DIRECCION GENERAL,Santiago,1,MORANDE 59  P4  (FISCALIA),385,5,60,SA,385_SA_5,100,11109,11319,11628,11875,12780,14241,17086,385_SA_5,5,1,11109,100
MULTINEGOCIOS S.A.,Santiago,1,AGUSTINAS 785 P.9,248,3,60,SA,248_SA_3,102,11127,11324,11643,11885,12877,14278,17166,248_SA_3,3,1,11127,102
MUTUAL DE SEGURIDAD C CH. C,Santiago,1,ALAMEDA 4848  HOLL,176,2,90,SA,176_SA_2,102,11127,11329,11654,11938,12898,14282,17197,176_SA_2,2,1,11127,102
MUTUALIDAD DEL EJERCITO Y AVIACION,Providencia,2,AV. 11 DE SEPTIEMBRE 2336 P.2,177,2,50,PR,177_PR_2,105,11144,11334,11676,11952,12995,14353,17409,177_PR_2,2,2,11144,105
NCR CHILE LTDA.,Santiago,1,MIRAFLORES 383 P.17,249,3,75,SA,249_SA_3,105,11149,11342,11682,11971,13018,14431,17498,249_SA_3,3,1,11149,105
NETCO LTDA.,Santiago,1,EJERCITO LIBERTADOR 146 SALA MULTIUSO,76,1,100,SA,76_SA_1,105,11157,11355,11686,12019,13079,14439,17535,76_SA_1,1,1,11157,105
NOTARIA PATRICIO RABY BENAVENTE,Santiago,1,MONEDA 920 P 2 OF 205,250,3,60,SA,250_SA_3,105,11159,11405,11687,12047,13081,14446,17667,250_SA_3,3,1,11159,105
NOTARIA PATRICIO RABY BENAVENTE,Santiago,1,MONEDA 920 P 2 OF 205,77,1,120,SA,77_SA_1,105,11159,11405,11687,12047,13081,14446,17667,77_SA_1,1,1,11159,105
NOVARTIS CHILE S.A.,"??""u?'oa",5,FRANCISCO MENESES 1980,178,2,20,NU,178_NU_2,108,11159,11418,11772,12071,13131,14462,17779,178_NU_2,2,5,11159,108
OLIMPIA  SCHNEIDER MOENNE-LOCCOZ,Santiago,1,HUERFANOS 1055 LOCAL 328,324,4,130,SA,324_SA_4,108,11163,11419,11799,12103,13132,14511,17814,324_SA_4,4,1,11163,108
PARIS CORREDORES DE SEGUROS LTDA.,Providencia,2,RICARDO LYON 222 P9 OF 901,325,4,180,PR,325_PR_4,110,11179,11445,11807,12120,13178,14574,17837,325_PR_4,4,2,11179,110
PATINO SABAG EDUARDO,Santiago,1,COMPA?IA 1390 OF. 909,386,5,90,SA,386_SA_5,110,11188,11445,11824,12162,13215,14650,17867,386_SA_5,5,1,11188,110
PATRONATO NAC. DE LA INFANCIA,Providencia,2,PEDRO DE VALDIVIA 844,179,2,100,PR,179_PR_2,110,11188,11482,11826,12171,13230,14778,17893,179_PR_2,2,2,11188,110
PCS-CORP,Providencia,2,"11 DE SEPTIEMBRE 2155 OF. 903, TORRE A",251,3,60,PR,251_PR_3,111,11195,11492,11833,12177,13244,14785,18142,251_PR_3,3,2,11195,111
PIRELLI NEUMATICOS,Las Condes,3,AV. NVA TAJAMAR 555  OF 302,180,2,60,LC,180_LC_2,120,11196,11512,11860,12279,13249,14790,18154,180_LC_2,2,3,11196,120
PONTIFICIA UNIVERSIDAD CATOLICA,Santiago,1,LIRA 41 DPTO 5    (130),326,4,1,SA,326_SA_4,120,11198,11555,11877,12292,13255,14826,18260,326_SA_4,4,1,11198,120
PONTIFICIA UNIVERSIDAD CATOLICA,Santiago,1,EL COMENDADOR 1946 ADM.CAMPUS LO CONTADO,78,1,60,SA,78_SA_1,120,11198,11555,11877,12292,13255,14826,18260,78_SA_1,1,1,11198,120
PONTIFICIA UNIVERSIDAD CATOLICA,Santiago,1,MARCOLETA 345 P 2 B. SANGRE (320),79,1,100,SA,79_SA_1,120,11198,11555,11877,12292,13255,14826,18260,79_SA_1,1,1,11198,120
PONTIFICIA UNIVERSIDAD CATOLICA,Las Condes,3,MALL ALTO LAS CONDES LOCAL 1106,181,2,120,LC,181_LC_2,120,11198,11555,11877,12292,13255,14826,18260,181_LC_2,2,3,11198,120
PONTIFICIA UNIVERSIDAD CATOLICA,Santiago,1,MARCOLETA 352  SALUD PUBLICA P1(670),252,3,55,SA,252_SA_3,120,11198,11555,11877,12292,13255,14826,18260,252_SA_3,3,1,11198,120
PORTA SYSTEMS CHILE,Santiago,1,LIVINGSTONE 72,387,5,90,SA,387_SA_5,120,11206,11561,11886,12321,13266,14849,18310,387_SA_5,5,1,11206,120
PRECISION HISPANA,Santiago,1,EJERCITO 521 PISO 2,80,1,90,SA,80_SA_1,120,11208,11583,11904,12340,13285,14850,18403,80_SA_1,1,1,11208,120
PREFECTURA CARABINEROS SANTIAGO CENTRO,Santiago,1,STO DOMINGO 714 1 COMIS STGO,81,1,60,SA,81_SA_1,120,11211,11589,11911,12348,13311,15070,18801,81_SA_1,1,1,11211,120
PRESIDENCIA DE LA REPUBLICA,Santiago,1,NUEVA YORK 9 PISO 17,388,5,60,SA,388_SA_5,120,11216,11596,11947,12352,13322,15103,19794,388_SA_5,5,1,11216,120
PROCESOS INTEGRALES VIVACOOP S.A.,Santiago,1,AHUMADA 341 PISO 6,389,5,90,SA,389_SA_5,120,11218,11627,11980,12356,13341,15211,19833,389_SA_5,5,1,11218,120
PROCESOS INTEGRALES VIVACOOP S.A.,Santiago,1,AHUMADA 341 PISO 6,253,3,60,SA,253_SA_3,120,11218,11627,11980,12356,13341,15211,19833,253_SA_3,3,1,11218,120
PROSPECTA S.A.,Vitacura,4,VITACURA 2736 P-18,82,1,30,VI,82_VI_1,120,11228,11634,11985,12395,13397,15251,19900,82_VI_1,1,4,11228,120
PUBLICITARIA SUTIL Y ASOCIADOS S.A,Las Condes,3,SAN SEBASTIAN 2909 OF 101,390,5,180,LC,390_LC_5,120,11233,11637,12053,12441,13413,15349,20110,390_LC_5,5,3,11233,120
RED DE TELEVISION CHILEVISION S. A.,Providencia,2,INES MATTE URREJOLA 0825,255,3,150,PR,255_PR_3,120,11239,11654,12056,12447,13415,15482,20245,255_PR_3,3,2,11239,120
RED DE TELEVISION CHILEVISION S. A.,Providencia,2,INES MATTE URREJOLA 0825,254,3,60,PR,254_PR_3,120,11239,11654,12056,12447,13415,15482,20245,254_PR_3,3,2,11239,120
RENE WIEGAND KOCH Y CIA LTDA,Providencia,2,PIO NONO 1  PISO 4 FAC.DERECHO,256,3,90,PR,256_PR_3,120,11248,11683,12069,12486,13476,15526,20263,256_PR_3,3,2,11248,120
ROENSA S.A.,Santiago,1,NATANIEL COX 1481,257,3,5,SA,257_SA_3,120,11253,11715,12113,12489,13487,15594,20288,257_SA_3,3,1,11253,120
RUIZ RUIZ ANGEL GASPAR,Santiago,1,MIRAFLORES 211,258,3,120,SA,258_SA_3,120,11257,11749,12152,12521,13500,15611,20494,258_SA_3,3,1,11257,120
RUIZ RUIZ ANGEL GASPAR,Santiago,1,MIRAFLORES 211,83,1,240,SA,83_SA_1,120,11257,11749,12152,12521,13500,15611,20494,83_SA_1,1,1,11257,120
S.A.C.I. FALABELLA,Santiago,1,ROSAS 1665 P.2 GCIA. ADM. Y FINANZAS,327,4,120,SA,327_SA_4,120,11263,11771,12156,12594,13508,15630,20634,327_SA_4,4,1,11263,120
SAC  CHILE S.A.,Las Condes,3,SAN SEBASTIAN 2839,84,1,15,LC,84_LC_1,120,11263,11781,12157,12600,13511,15696,20691,84_LC_1,1,3,11263,120
SALCOBRAND S.A.,Providencia,2,COYANCURA  2283  OF. 1502,85,1,70,PR,85_PR_1,120,11264,11786,12168,12615,13512,15731,20767,85_PR_1,1,2,11264,120
SALVI HERMANOS LTDA.,Providencia,2,MANUEL MONTT 844,86,1,90,PR,86_PR_1,120,11265,11792,12175,12628,13554,15739,20935,86_PR_1,1,2,11265,120
SANHUEZA VALLADARES CARLOS,Santiago,1,HUERFANOS 1294 OF 21,259,3,110,SA,259_SA_3,120,11268,11823,12205,12628,13608,15778,21231,259_SA_3,3,1,11268,120
SANTANDER GESTION DE RECAUD. Y COB. LTDA,Santiago,1,MONEDA 856 PISO 5 OF. 502,260,3,120,SA,260_SA_3,120,11271,11853,12231,12654,13614,15845,21399,260_SA_3,3,1,11271,120
SEC.REG.M.DE BIENES NAC.P.S.TIT.,Santiago,1,JUAN ANTONIO RIOS 6 P.5 DECRET,261,3,90,SA,261_SA_3,128,11273,11887,12233,12665,13685,15857,21499,261_SA_3,3,1,11273,128
SEC.REG.MINST.DE TRASP.Y TELECOM,Santiago,1,AMUNATEGUI 139 PISO 9,87,1,60,SA,87_SA_1,130,11274,11894,12235,12723,13743,15899,21652,87_SA_1,1,1,11274,130
SEC.REG.MINST.DE TRASP.Y TELECOM,Santiago,1,AMUNATEGUI 139 PISO 2 BIBLIOTECA,262,3,120,SA,262_SA_3,130,11274,11894,12235,12723,13743,15899,21652,262_SA_3,3,1,11274,130
SEGURIDAD Y  TELECOMUNICACIONES S.A.,Las Condes,3,LAS CONDES 7300,88,1,120,LC,88_LC_1,130,11282,11900,12247,12734,13772,15906,21822,88_LC_1,1,3,11282,130
SEGUROS SECURITY PREVISION GENERALES S.A,Las Condes,3,HENDAYA 60 PISO 6 OF.601,328,4,120,LC,328_LC_4,130,11285,11901,12272,12755,13783,15939,21849,328_LC_4,4,3,11285,130
SEGUROS SECURITY PREVISION GENERALES S.A,Las Condes,3,HENDAYA 60 P7,329,4,90,LC,329_LC_4,130,11285,11901,12272,12755,13783,15939,21849,329_LC_4,4,3,11285,130
SEGUROS VIDA SECURITY PREVISION S.A.,Las Condes,3,HENDAYA 60 PISO 7 CASA MATRIZ,182,2,60,LC,182_LC_2,130,11294,11956,12345,12940,13839,15950,21994,182_LC_2,2,3,11294,130
SEGURY CORP S.A.,"??""u?'oa",5,SUCRE 1828,183,2,20,NU,183_NU_2,130,11304,11956,12374,12959,13924,15969,22200,183_NU_2,2,5,11304,130
SENADO DE LA REPUBLICA,Santiago,1,SAN MARTIN 32 P.2,263,3,60,SA,263_SA_3,138,11345,11975,12396,12970,13962,16096,22227,263_SA_3,3,1,11345,138
SENADO DE LA REPUBLICA,Santiago,1,SAN MARTIN 32 P.2,184,2,15,SA,184_SA_2,138,11345,11975,12396,12970,13962,16096,22227,184_SA_2,2,1,11345,138
SER.DE RG.CIVIL E IDENTIFICACION,Santiago,1,CATEDRAL 1772 PISO 6 PRESUPUESTO,185,2,35,SA,185_SA_2,140,11347,11989,12502,12992,14006,16174,22250,185_SA_2,2,1,11347,140
SER.DE RG.CIVIL E IDENTIFICACION,Santiago,1,CATEDRAL 1772 P.4,331,4,160,SA,331_SA_4,140,11347,11989,12502,12992,14006,16174,22250,331_SA_4,4,1,11347,140
SER.DE RG.CIVIL E IDENTIFICACION,Santiago,1,HUERFANOS 1570 P3 DIR REGIONAL,330,4,120,SA,330_SA_4,140,11347,11989,12502,12992,14006,16174,22250,330_SA_4,4,1,11347,140
SERV. INTEGRALES DE COMERCIO EXTERIOR LT,Santiago,1,MONJITAS 392 P 11 OF 1103,264,3,65,SA,264_SA_3,150,11369,12021,12505,13098,14081,16330,23399,264_SA_3,3,1,11369,150
SERV.DE CORRESPONDENCIA ENVIA LTDA,Providencia,2,CALLE BARROS ERRAZURIZ 1954 OF.1602,186,2,120,PR,186_PR_2,150,11376,12029,12547,13121,14191,16369,23427,186_PR_2,2,2,11376,150
SERVICIO DE IMPUESTOS INTERNOS,Santiago,1,TEATINOS 120 SUBTERRANEO,187,2,210,SA,187_SA_2,150,11380,12056,12571,13127,14276,16411,23702,187_SA_2,2,1,11380,150
SERVICIOS DE ADMIN. PREVISIONALES S.A.,Providencia,2,MARCHANT PEREIRA 10  P.16,89,1,70,PR,89_PR_1,150,11402,12056,12583,13198,14301,16429,23828,89_PR_1,1,2,11402,150
SERVICIOS DE CONTROL DE CREDITOS S.A.,Santiago,1,MONJITAS 550 P2 OF 7,90,1,90,SA,90_SA_1,150,11415,12068,12588,13269,14347,16579,24232,90_SA_1,1,1,11415,150
SERVICIOS DE INGENIERIA LTDA.,Las Condes,3,AV VITACURA  2771 OF 1101 B,391,5,75,LC,391_LC_5,150,11415,12071,12722,13359,14385,16636,24285,391_LC_5,5,3,11415,150
SERVICIOS GENERALES LTDA.,Providencia,2,AV. RICARDO LYON 1177 CENTRAL,393,5,150,PR,393_PR_5,150,11421,12084,12730,13441,14440,16661,24744,393_PR_5,5,2,11421,150
SERVICIOS GENERALES LTDA.,Providencia,2,LADISLAO ERRAZURIZ 2121,91,1,120,PR,91_PR_1,150,11421,12084,12730,13441,14440,16661,24744,91_PR_1,1,2,11421,150
SERVICIOS GENERALES LTDA.,Providencia,2,AV. RICARDO LYON 1177 CENTRO D.,392,5,35,PR,392_PR_5,150,11421,12084,12730,13441,14440,16661,24744,392_PR_5,5,2,11421,150
SERVICIOS GRAFICOS JCV S.A.,Vitacura,4,VITACURA 2653 B,188,2,100,VI,188_VI_2,160,11423,12168,12738,13450,14466,16710,24764,188_VI_2,2,4,11423,160
SHELL CHILE S.A.C.E.I.,Providencia,2,CARLOS ANTUNEZ 2490,332,4,120,PR,332_PR_4,168,11435,12168,12770,13456,14507,16853,24927,332_PR_4,4,2,11435,168
SIEMENS S.A.,Providencia,2,AV HOLANDA 64,265,3,100,PR,265_PR_3,170,11455,12177,12781,13526,14513,16865,25034,265_PR_3,3,2,11455,170
SOC FORESTAL LOS ESTEROS LTDA,Santiago,1,COMPANIA 1068  OF 607,92,1,60,SA,92_SA_1,173,11501,12299,12833,13531,14583,17027,25388,92_SA_1,1,1,11501,173
SOC.AGRIC.ABOUGHAZALEH HNOS.LTDA.,Vitacura,4,AV LUIS  PASTEUR  5842  OF. 400,333,4,90,VI,333_VI_4,178,11502,12300,12871,13548,14629,17047,25554,333_VI_4,4,4,11502,178
SOC.INMOBILIARIA SAN CRISTOBAL,Providencia,2,AV.STA. MARIA 1742 INGENIERIA,394,5,75,PR,394_PR_5,180,11506,12306,12939,13582,14702,17106,25842,394_PR_5,5,2,11506,180
SOCIEDAD CONSTRUCTORA ELECTRICA LTDA.,Santiago,1,HUERFANOS  1178 OF 509,93,1,90,SA,93_SA_1,180,11563,12339,12981,13645,14721,17494,26499,93_SA_1,1,1,11563,180
SODEXHO CHILE S.A.,"??""u?'oa",5,WILLIAMS REBOLLEDO 1799  P.2.EDIF NUEVO,94,1,160,NU,94_NU_1,180,11575,12352,12986,13826,14798,17658,26843,94_NU_1,1,5,11575,180
SONDA S.A.,Santiago,1,TEATINOS 500 P.8,95,1,140,SA,95_SA_1,180,11581,12376,13002,13879,14867,17865,26890,95_SA_1,1,1,11581,180
SOUTH EXPRESS CARGO S.A.,Santiago,1,SOTERO DEL RIO 508 OF 1027,334,4,30,SA,334_SA_4,180,11588,12489,13028,13882,14986,18293,27371,334_SA_4,4,1,11588,180
STECK Y CIA. LTDA.,Vitacura,4,BUENAVENTURA 1770 L.6,96,1,50,VI,96_VI_1,180,11606,12508,13051,13997,15012,18562,27796,96_VI_1,1,4,11606,180
STUEDEMANN S.A.,Providencia,2,CONDELL 303 STUDIO PRINT,98,1,10,PR,98_PR_1,180,11611,12548,13053,14004,15056,19058,27836,98_PR_1,1,2,11611,180
STUEDEMANN S.A.,Providencia,2,CONDELL 303 STUDIOPRINT,97,1,20,PR,97_PR_1,180,11611,12548,13053,14004,15056,19058,27836,97_PR_1,1,2,11611,180
SUP.DE ADMNST.FDOS.DE PENSIONES,Santiago,1,HUERFANOS 1273 P.14,335,4,30,SA,335_SA_4,180,11612,12573,13084,14023,15094,19131,28162,335_SA_4,4,1,11612,180
SUPERINT DE INSTIT DE SALUD PREVISIONAL,Santiago,1,MAC IVER 225 P 3,266,3,80,SA,266_SA_3,180,11615,12587,13097,14260,15253,19787,29223,266_SA_3,3,1,11615,180
SUPERINTENDENCIA DE ELECTRICIDAD Y COMBU,Santiago,1,AMUNATEGUI 58 P.5,99,1,75,SA,99_SA_1,200,11669,12617,13137,14293,15372,19877,29842,99_SA_1,1,1,11669,200
SUPERMERCADO VESPUCIO SUR LTDA.,"??""u?'oa",5,A.VESPUCIO SUR 881 OF. DE COMPRAS,267,3,50,NU,267_NU_3,200,11684,12635,13179,14338,15389,20027,30029,267_NU_3,3,5,11684,200
SUPERMERCADOS UNIMARC S.A.,Vitacura,4,AV SANTA MARIA 6940 LIBRERIA,336,4,240,VI,336_VI_4,207,11724,12647,13200,14400,15402,20107,30694,336_VI_4,4,4,11724,207
TECNA-VAL,Providencia,2,BARROS BORGONO 255,337,4,1,PR,337_PR_4,207,11757,12676,13445,14405,15481,20288,30747,337_PR_4,4,2,11757,207
TRANSBANK S.A.,Santiago,1,HUERFANOS 770 P8,395,5,90,SA,395_SA_5,210,11815,12740,13607,14471,15560,20329,31202,395_SA_5,5,1,11815,210
TRANSBANK S.A.,Santiago,1,HUERFANOS 770 P 11 GCIA.GRAL.,338,4,60,SA,338_SA_4,210,11815,12740,13607,14471,15560,20329,31202,338_SA_4,4,1,11815,210
TUR BUS LTDA.,Santiago,1,RUIZ TAGLE 220 P.1 AT CLIENTES,396,5,60,SA,396_SA_5,215,11825,12792,13757,14495,15691,20466,31352,396_SA_5,5,1,11825,215
TUR BUS LTDA.,Santiago,1,DOLORES 800  OPERACIONES P.2,397,5,10,SA,397_SA_5,215,11825,12792,13757,14495,15691,20466,31352,397_SA_5,5,1,11825,215
UNIVERSIDAD CENTRAL,Santiago,1,TOESCA 1783 METRO TOESCA P 1,268,3,90,SA,268_SA_3,230,11825,12862,13917,14504,15835,20500,31847,268_SA_3,3,1,11825,230
UNIVERSIDAD DE CHILE,"??""u?'oa",5,IGNACIO CARRERA PINTO 1045 CENTRAL APUNT,398,5,150,NU,398_NU_5,234,11858,12906,13967,14694,16088,20505,32641,398_NU_5,5,5,11858,234
UNIVERSIDAD DE CHILE,Santiago,1,PLAZA ERCILLA 883 OF.PARTES,340,4,60,SA,340_SA_4,234,11858,12906,13967,14694,16088,20505,32641,340_SA_4,4,1,11858,234
UNIVERSIDAD DE CHILE,Santiago,1,DIAGONAL PARAGUAY 257-PISO 1,339,4,140,SA,339_SA_4,234,11858,12906,13967,14694,16088,20505,32641,339_SA_4,4,1,11858,234
UNIVERSIDAD DE CHILE,Providencia,2,PIO NONO NRO.1,189,2,80,PR,189_PR_2,234,11858,12906,13967,14694,16088,20505,32641,189_PR_2,2,2,11858,234
UNIVERSIDAD DE LA REPUBLICA,Santiago,1,AGUSTINAS 1831 -CENTRAL DE APUNTES,399,5,60,SA,399_SA_5,240,11867,12979,14154,15003,16133,20551,34165,399_SA_5,5,1,11867,240
UNIVERSIDAD DE LA REPUBLICA,Santiago,1,AGUSTINAS 1831,190,2,30,SA,190_SA_2,240,11867,12979,14154,15003,16133,20551,34165,190_SA_2,2,1,11867,240
UNIVERSIDAD FINIS TERRAE,Providencia,2,AV. PEDRO DE VALDIVIA 1543,100,1,60,PR,100_PR_1,240,11886,13041,14249,15009,16250,21709,34620,100_PR_1,1,2,11886,240
UNIVERSIDAD TECNICA METROPOLITANA,Santiago,1,VIDAURRE 1550 P/4 COMPUTACION,269,3,40,SA,269_SA_3,240,11904,13197,14313,15818,16499,22053,35306,269_SA_3,3,1,11904,240
VM.ICA SISTEMAS Y TECNOLOGIA LTDA.,Providencia,2,FIDEL OTEIZA 1916 OF.1001,400,5,45,PR,400_PR_5,240,12064,13281,14560,16103,17331,23141,38747,400_PR_5,5,2,12064,240
WARNER MUSIC CHILE S.A.,Providencia,2,AV. POCURO 2262,270,3,75,PR,270_PR_3,285,12315,13511,14733,16293,17886,30802,40097,270_PR_3,3,2,12315,285
