razonSocial,nomComuna,place,direccion,idCust,weekday,serviceTime,COD,Name,p10,p15,p20,p25,p30,p35,p40,#cliente,day,place,penalty,service
A.F.P. PROVIDA S.A.,Providencia,2,P. DE VALDIVIA 100 PISO 5,191,3,60,PR,191_PR_3,16298,14674,12548,11097,7085,7400,6481,191_PR_3,3,2,14674,60
A.F.P. PROVIDA S.A.,Providencia,2,PEDRO DE VALDIVIA 100  PISO 3,101,2,60,PR,101_PR_2,16298,14674,12548,11097,7085,7400,6481,101_PR_2,2,2,14674,60
A.F.P. SANTA MARIA S.A.,Providencia,2,SUECIA  211  P. 13,1,1,90,PR,1_PR_1,16397,14985,12664,11352,10099,9270,6893,1_PR_1,1,2,14985,90
A.F.P. SUMMA-BANSANDER S.A.,Santiago,1,AGUSTINAS 540 PISO 3,341,5,70,SA,341_SA_5,16712,15003,13228,11448,10533,10161,9786,341_SA_5,5,1,15003,70
ABASTIBLE SA,Santiago,1,"VICU??""A MACKENNA 55 OF.303",102,2,120,SA,102_SA_2,17223,15116,13517,12023,11672,10757,10359,102_SA_2,2,1,15116,120
ACTION LINE CHILE S.A.,Santiago,1,MAC IVER 440 PISO 6,2,1,90,SA,2_SA_1,17536,15214,13825,12134,11917,10815,10542,2_SA_1,1,1,15214,90
ADMINISTRADORA CMR FALABELLA LTDA,Santiago,1,STA ELENA 1422,103,2,120,SA,103_SA_2,17569,15555,13911,12268,12039,10834,10762,103_SA_2,2,1,15555,120
AES GENER S.A.,Las Condes,3,SANCHEZ FONTECILLA 310 P 3,104,2,120,LC,104_LC_2,17842,15752,14105,12277,12067,11188,10894,104_LC_2,2,3,15752,120
AG. DE ADUANA R. FUENZALIDA Y CIA. LTDA.,Providencia,2,LA CONCEPCION 322 PISO 5 OF.504,271,4,60,PR,271_PR_4,17878,15890,14450,12442,12112,11193,11055,271_PR_4,4,2,15890,60
AHK BUSINESS CENTER,Las Condes,3,BOSQUE NORTE 0440 OF.601 (1-2-5),105,2,200,LC,105_LC_2,18067,16014,15053,12801,12281,11748,11082,105_LC_2,2,3,16014,200
ALGAS MARINAS S.A. ALGAMAR,Providencia,2,FIDEL OTEIZA 1956  P 14,342,5,60,PR,342_PR_5,18069,16035,15230,12919,12531,11807,11483,342_PR_5,5,2,16035,60
ALIMENTOS MARINOS S.A.,Providencia,2,MAR DEL PLATA 2111,192,3,130,PR,192_PR_3,18191,16127,15253,13163,12597,11967,11605,192_PR_3,3,2,16127,130
ALIMENTOS MULTIEXPORT S.A.,Las Condes,3,ISIDORA GOYENECHEA  3621  P 17 TORRE B,193,3,70,LC,193_LC_3,18264,16180,15332,13385,12961,12082,11829,193_LC_3,3,3,16180,70
ALMACENES PARIS COMERCIAL S.A.,Las Condes,3,AV KENNEDY 5225 P 4 PQUE ARAUC,272,4,130,LC,272_LC_4,18315,16217,15343,13640,13130,12098,11936,272_LC_4,4,3,16217,130
AMCHAM CHILE,Las Condes,3,AV. KENNEDY 5735 OF.201 TORRE PONIENTE,273,4,90,LC,273_LC_4,18464,16574,15755,14042,13155,12402,11968,273_LC_4,4,3,16574,90
ARAUCO SALUD S.A.,Las Condes,3,KENNEDY 5757 TORRE ORIENTE OF-702,343,5,45,LC,343_LC_5,18487,16802,15796,14122,13199,12596,12033,343_LC_5,5,3,16802,45
ARAWAK S.A. SERVICIOS PERSONALES,Santiago,1,PORVENIR 464,274,4,60,SA,274_SA_4,18492,16905,15817,14132,13228,13025,12080,274_SA_4,4,1,16905,60
ARTEL S.A.I.C.,Santiago,1,"MATIAS COUSI??""O 54 PISO 2",3,1,75,SA,3_SA_1,18594,16915,16052,14599,13248,13170,12124,3_SA_1,1,1,16915,75
ASEA BROWN BOVERI S.A.,"??""u?'oa",5,"VICU??""A MACKENNA 1602 RECEPCION.",106,2,75,NU,106_NU_2,18741,16967,16248,14611,13280,13303,12140,106_NU_2,2,5,16967,75
ASESORES EN VIAJE S.A.,Providencia,2,Las Bellotas # 225,107,2,30,PR,107_PR_2,18757,17075,16254,14667,13520,13445,12258,107_PR_2,2,2,17075,30
ASOC.FUNC.MUNICIP.DE LAS CONDES,Las Condes,3,APOQUINDO 3076 SUBTERRANEO,344,5,120,LC,344_LC_5,18858,17284,16261,14735,13831,13543,12375,344_LC_5,5,3,17284,120
ASOC.FUNC.MUNICIP.DE LAS CONDES,Las Condes,3,AV. APOQUINDO 3076 INTERIOR  SUBTE,108,2,10,LC,108_LC_2,18858,17284,16261,14735,13831,13543,12375,108_LC_2,2,3,17284,10
ASOCIADOS UNDURRAGA IMPRESORES LTDA.,Santiago,1,ANDES 3561,345,5,150,SA,345_SA_5,18867,17314,16458,14808,14036,13745,12432,345_SA_5,5,1,17314,150
AUTOMOVIL CLUB DE CHILE,Providencia,2,ANDRES BELLO 1863 PISO 2,194,3,20,PR,194_PR_3,18983,17429,16491,15027,14357,13791,12527,194_PR_3,3,2,17429,20
"BAEZA Y COMPA??""IA LTDA.",Las Condes,3,APOQUINDO 3001 PISO 12 OFIC. 1203,4,1,120,LC,4_LC_1,19046,17462,16636,15071,14400,13829,12563,4_LC_1,1,3,17462,120
BANCO CONOSUR,Santiago,1,ALAMEDA 1980 P.4,195,3,150,SA,195_SA_3,19074,17507,16844,15203,14660,13966,12572,195_SA_3,3,1,17507,150
BANCO DE CHILE,Santiago,1,AGUSTINAS 733 PISO 1 BCA.ORIVADA,5,1,90,SA,5_SA_1,19132,17520,16910,15280,14675,14041,12594,5_SA_1,1,1,17520,90
BANCO DE CHILE,Santiago,1,"AGUSTINAS 951, P. 5 SALA PROC.",197,3,120,SA,197_SA_3,19132,17520,16910,15280,14675,14041,12594,197_SA_3,3,1,17520,120
BANCO DE CHILE,Las Condes,3,LAS CONDES 10247 OF ESTORIL EDUARD,346,5,70,LC,346_LC_5,19132,17520,16910,15280,14675,14041,12594,346_LC_5,5,3,17520,70
BANCO DE CHILE,Santiago,1,HUERFANOS 980 P.2 COMERCIO EXTERIOR-3,199,3,80,SA,199_SA_3,19132,17520,16910,15280,14675,14041,12594,199_SA_3,3,1,17520,80
BANCO DE CHILE,Providencia,2,PROVIDENCIA 2178 ( STA. ISABEL ),196,3,45,PR,196_PR_3,19132,17520,16910,15280,14675,14041,12594,196_PR_3,3,2,17520,45
BANCO DE CHILE,Santiago,1,ESTADO 387 P.2,198,3,60,SA,198_SA_3,19132,17520,16910,15280,14675,14041,12594,198_SA_3,3,1,17520,60
BANCO DE CREDITO E INVERSIONES,Santiago,1,BANDERA 236 19-A PISO 3 CC.12282,6,1,30,SA,6_SA_1,19195,17533,16915,15351,14687,14173,12675,6_SA_1,1,1,17533,30
BANCO DE CREDITO E INVERSIONES,Santiago,1,SAN DIEGO 2043,200,3,60,SA,200_SA_3,19195,17533,16915,15351,14687,14173,12675,200_SA_3,3,1,17533,60
BANCO DE CREDITO E INVERSIONES,Las Condes,3,APOQUINDO 5710,201,3,270,LC,201_LC_3,19195,17533,16915,15351,14687,14173,12675,201_LC_3,3,3,17533,270
BANCO DEL DESARROLLO,Santiago,1,ALAMEDA 929 P5,347,5,20,SA,347_SA_5,19252,17546,16983,15378,14755,14278,12823,347_SA_5,5,1,17546,20
BANCO DEL ESTADO DE CHILE,Santiago,1,ALAMEDA 1111 P 8 SUBGCIA REGULARIZ.CRED.,7,1,290,SA,7_SA_1,19280,17733,16985,15579,14771,14290,12888,7_SA_1,1,1,17733,290
BANCO DEL ESTADO DE CHILE,Santiago,1,ALAMEDA 1111 P.3 COMERCIO EXT,202,3,180,SA,202_SA_3,19280,17733,16985,15579,14771,14290,12888,202_SA_3,3,1,17733,180
BANCO DEL ESTADO DE CHILE,Santiago,1,HUERFANOS 1202 P.3 OF.310,8,1,60,SA,8_SA_1,19280,17733,16985,15579,14771,14290,12888,8_SA_1,1,1,17733,60
BANCO DEL ESTADO DE CHILE,Santiago,1,MORANDE 25 PISO 3,110,2,120,SA,110_SA_2,19280,17733,16985,15579,14771,14290,12888,110_SA_2,2,1,17733,120
BANCO DEL ESTADO DE CHILE,Santiago,1,ALAMEDA 1111 P.6 GCIA. GRAL.FINANZAS,111,2,120,SA,111_SA_2,19280,17733,16985,15579,14771,14290,12888,111_SA_2,2,1,17733,120
BANCO DEL ESTADO DE CHILE,Santiago,1,NUEVA YORK 33 P 17,112,2,60,SA,112_SA_2,19280,17733,16985,15579,14771,14290,12888,112_SA_2,2,1,17733,60
BANCO DEL ESTADO DE CHILE,Santiago,1,BANDERA 861   1P,109,2,110,SA,109_SA_2,19280,17733,16985,15579,14771,14290,12888,109_SA_2,2,1,17733,110
BANCO DEL ESTADO DE CHILE,Santiago,1,ALAMEDA 1111 P 3 COMERCIO EXTE,114,2,60,SA,114_SA_2,19280,17733,16985,15579,14771,14290,12888,114_SA_2,2,1,17733,60
BANCO DEL ESTADO DE CHILE,Santiago,1,MORANDE 25 FISCALIA P.5 OF 503,113,2,60,SA,113_SA_2,19280,17733,16985,15579,14771,14290,12888,113_SA_2,2,1,17733,60
BANCO DEL ESTADO DE CHILE,Santiago,1,ALAMEDA 1111 P.2 MODULO 6,203,3,45,SA,203_SA_3,19280,17733,16985,15579,14771,14290,12888,203_SA_3,3,1,17733,45
BANCO IND.Y DE COMERCIO EXTERIOR,Providencia,2,ISIDORA GOYENECHEA 3132 P 1,115,2,90,PR,115_PR_2,19418,17798,16985,15664,14773,14344,13058,115_PR_2,2,2,17798,90
BANCO INTERNACIONAL,Santiago,1,MONEDA 818 P.4 CENTRO COPIADO,348,5,60,SA,348_SA_5,19420,17819,17044,15736,14819,14416,13066,348_SA_5,5,1,17819,60
BANCO INTERNACIONAL,Santiago,1,MONEDA 818 PISO 2 GCIA GRAL.,349,5,15,SA,349_SA_5,19420,17819,17044,15736,14819,14416,13066,349_SA_5,5,1,17819,15
BANCO SANTANDER CHILE,Santiago,1,MONEDA 975  PISO 5,9,1,360,SA,9_SA_1,19429,17871,17112,15769,14859,14479,13180,9_SA_1,1,1,17871,360
BANCO SANTANDER CHILE,Santiago,1,AGUSTINAS 920 P.4,10,1,60,SA,10_SA_1,19429,17871,17112,15769,14859,14479,13180,10_SA_1,1,1,17871,60
BANCO SANTANDER CHILE,Santiago,1,MATIAS COUSI?O 199 P-9,13,1,60,SA,13_SA_1,19429,17871,17112,15769,14859,14479,13180,13_SA_1,1,1,17871,60
BANCO SANTANDER CHILE,Santiago,1,BANDERA 140 P.2,14,1,90,SA,14_SA_1,19429,17871,17112,15769,14859,14479,13180,14_SA_1,1,1,17871,90
BANCO SANTANDER CHILE,Santiago,1,MONEDA 971 PISO 1 DPTO SOLUCIONES,350,5,180,SA,350_SA_5,19429,17871,17112,15769,14859,14479,13180,350_SA_5,5,1,17871,180
BANCO SANTANDER CHILE,Santiago,1,AGUSTINAS 1389 P.2,12,1,75,SA,12_SA_1,19429,17871,17112,15769,14859,14479,13180,12_SA_1,1,1,17871,75
BANCO SANTANDER CHILE,Santiago,1,IRENE MORALES 10 PLAZA ITALIA,204,3,80,SA,204_SA_3,19429,17871,17112,15769,14859,14479,13180,204_SA_3,3,1,17871,80
BANCO SANTANDER CHILE,Santiago,1,BANDERA 206 P 8,205,3,60,SA,205_SA_3,19429,17871,17112,15769,14859,14479,13180,205_SA_3,3,1,17871,60
BANCO SANTANDER CHILE,Providencia,2,AV FCO BILBAO 2082 SUBT,352,5,70,PR,352_PR_5,19429,17871,17112,15769,14859,14479,13180,352_PR_5,5,2,17871,70
BANCO SANTANDER CHILE,Santiago,1,AHUMADA 170  1ER SUBTE.,11,1,120,SA,11_SA_1,19429,17871,17112,15769,14859,14479,13180,11_SA_1,1,1,17871,120
BANCO SANTANDER CHILE,Santiago,1,HUERFANOS 1157,275,4,90,SA,275_SA_4,19429,17871,17112,15769,14859,14479,13180,275_SA_4,4,1,17871,90
BANCO SANTANDER CHILE,Santiago,1,HUERFANOS 1269,276,4,60,SA,276_SA_4,19429,17871,17112,15769,14859,14479,13180,276_SA_4,4,1,17871,60
BANCO SANTANDER CHILE,Santiago,1,CURICO 38 PISO 2.,277,4,120,SA,277_SA_4,19429,17871,17112,15769,14859,14479,13180,277_SA_4,4,1,17871,120
BANCO SANTANDER CHILE,Santiago,1,HUERFANOS 1081,120,2,55,SA,120_SA_2,19429,17871,17112,15769,14859,14479,13180,120_SA_2,2,1,17871,55
BANCO SANTANDER CHILE,Santiago,1,MONEDA 975 P5,279,4,300,SA,279_SA_4,19429,17871,17112,15769,14859,14479,13180,279_SA_4,4,1,17871,300
BANCO SANTANDER CHILE,"??""u?'oa",5,IRARRAZAVAL 2709 PISO1 INTERIO,280,4,60,NU,280_NU_4,19429,17871,17112,15769,14859,14479,13180,280_NU_4,4,5,17871,60
BANCO SANTANDER CHILE,Santiago,1,AHUMADA 52 SUBTERRANEO,119,2,60,SA,119_SA_2,19429,17871,17112,15769,14859,14479,13180,119_SA_2,2,1,17871,60
BANCO SANTANDER CHILE,Santiago,1,AGUSTINAS 920 P.2,124,2,30,SA,124_SA_2,19429,17871,17112,15769,14859,14479,13180,124_SA_2,2,1,17871,30
BANCO SANTANDER CHILE,Las Condes,3,EL RODEO 12850 LOCAL 33,121,2,45,LC,121_LC_2,19429,17871,17112,15769,14859,14479,13180,121_LC_2,2,3,17871,45
BANCO SANTANDER CHILE,Santiago,1,AHUMADA 170 PISO 3,122,2,50,SA,122_SA_2,19429,17871,17112,15769,14859,14479,13180,122_SA_2,2,1,17871,50
BANCO SANTANDER CHILE,Santiago,1,BANDERA 172 (12) PISO 5,351,5,60,SA,351_SA_5,19429,17871,17112,15769,14859,14479,13180,351_SA_5,5,1,17871,60
BANCO SANTANDER CHILE,Santiago,1,ALAMEDA 1449 P.6,118,2,120,SA,118_SA_2,19429,17871,17112,15769,14859,14479,13180,118_SA_2,2,1,17871,120
BANCO SANTANDER CHILE,Providencia,2,AV. PROVIDENCIA 2051,278,4,150,PR,278_PR_4,19429,17871,17112,15769,14859,14479,13180,278_PR_4,4,2,17871,150
BANCO SANTANDER CHILE,Santiago,1,AGUSTINAS 1025 P 4,116,2,60,SA,116_SA_2,19429,17871,17112,15769,14859,14479,13180,116_SA_2,2,1,17871,60
BANCO SANTANDER CHILE,Santiago,1,Agustinas 1025 piso 5 Crillon,117,2,140,SA,117_SA_2,19429,17871,17112,15769,14859,14479,13180,117_SA_2,2,1,17871,140
BANCO SANTANDER CHILE,Santiago,1,BANDERA 140 P 18 ADMISION DE R,123,2,50,SA,123_SA_2,19429,17871,17112,15769,14859,14479,13180,123_SA_2,2,1,17871,50
BANCOESTADO CORREDORES DE SEGUROS LTDA.,Santiago,1,MONEDA 1140 PISO 2,15,1,240,SA,15_SA_1,19508,17875,17271,15816,14895,14522,13286,15_SA_1,1,1,17875,240
"BANKBOSTON, N.A.",Santiago,1,NVA.YORK 33 ..SUCURSAL,125,2,60,SA,125_SA_2,19538,17898,17349,15878,14908,14528,13438,125_SA_2,2,1,17898,60
"BANKBOSTON, N.A.",Providencia,2,ENRIQUE FOSTER SUR 20..P-6,281,4,70,PR,281_PR_4,19538,17898,17349,15878,14908,14528,13438,281_PR_4,4,2,17898,70
BAYERISCHE HAUSBAN INMOBILIARIA LTDA.,Las Condes,3,AV APOQUINDO 3721 PISO 21,282,4,90,LC,282_LC_4,19538,18067,17474,15928,15176,14569,13460,282_LC_4,4,3,18067,90
BELLSOUTH INVERSIONES S.A.,Providencia,2,MANUEL MONTT 1404 PISO 3.,127,2,80,PR,127_PR_2,19566,18156,17544,15930,15250,14587,13601,127_PR_2,2,2,18156,80
BELLSOUTH INVERSIONES S.A.,Providencia,2,MANUEL MONTT 1404 PISO 4,206,3,35,PR,206_PR_3,19566,18156,17544,15930,15250,14587,13601,206_PR_3,3,2,18156,35
BELLSOUTH INVERSIONES S.A.,Providencia,2,MANUEL MONTT 1404 PISO 4,126,2,180,PR,126_PR_2,19566,18156,17544,15930,15250,14587,13601,126_PR_2,2,2,18156,180
BESTPHARMA S.A,Santiago,1,ERASMO ESCALA 1875 PISO 2,353,5,5,SA,353_SA_5,19600,18243,17640,16124,15404,14626,13639,353_SA_5,5,1,18243,5
BIOMET CHILE S.A.,Providencia,2,POCURO 2255,354,5,30,PR,354_PR_5,19607,18245,17896,16429,15443,14679,13720,354_PR_5,5,2,18245,30
BOLSA DE C.DE STGO.BOLSA DE VAL.,Santiago,1,LA BOLSA 64 P.1,16,1,110,SA,16_SA_1,19642,18294,17965,16525,15475,14931,13852,16_SA_1,1,1,18294,110
BOLSA DE C.DE STGO.BOLSA DE VAL.,Santiago,1,LA BOLSA 64 P.3 OF.227 SERVICIOS,207,3,50,SA,207_SA_3,19642,18294,17965,16525,15475,14931,13852,207_SA_3,3,1,18294,50
C.M.P.C. PAPELES S.A.,Santiago,1,AGUSTINAS 1357 ENTREPISO,128,2,120,SA,128_SA_2,19659,18306,17981,16546,15554,14933,13877,128_SA_2,2,1,18306,120
CADE IDP.SERV.DE INGENIERIA LTDA,"??""u?'oa",5,VILLASECA 21 PISO 8,17,1,180,NU,17_NU_1,19670,18353,18087,16643,15576,15041,13979,17_NU_1,1,5,18353,180
CADE IDP.SERV.DE INGENIERIA LTDA,"??""u?'oa",5,"JOSE DOMINGO CA??""AS 2640",129,2,120,NU,129_NU_2,19670,18353,18087,16643,15576,15041,13979,129_NU_2,2,5,18353,120
CAJA DE C.A.F.GABRIELA MISTRAL,Santiago,1,"AV. VICU??""A MACKENNA 165 UNIDAD SUBSIDIOS",283,4,180,SA,283_SA_4,19675,18353,18105,16644,15608,15077,14001,283_SA_4,4,1,18353,180
CAJA DE COMPENSAC.DE LOS ANDES,Las Condes,3,ROSARIO SUR 85,355,5,150,LC,355_LC_5,19699,18416,18158,16732,15613,15204,14099,355_LC_5,5,3,18416,150
CAJA DE COMPENSAC.DE LOS ANDES,Santiago,1,HUERFANOS 1133 PISO 2,130,2,90,SA,130_SA_2,19699,18416,18158,16732,15613,15204,14099,130_SA_2,2,1,18416,90
CAMARA DE COMERCIO DE SANTIAGO,Santiago,1,MONJITAS 392 PISO 3,356,5,150,SA,356_SA_5,19724,18561,18170,16839,15743,15260,14359,356_SA_5,5,1,18561,150
CAMPVS MATER S.A.,Providencia,2,AV. PROVIDENCIA 1760 P.14,131,2,215,PR,131_PR_2,19870,18673,18257,16857,15758,15471,14470,131_PR_2,2,2,18673,215
CARABINEROS DE CHILE,Santiago,1,AMUNATEGUI  519 SUB DIR.TRANSITO P9,18,1,90,SA,18_SA_1,19878,18752,18358,16977,15911,15739,14535,18_SA_1,1,1,18752,90
CARABINEROS DE CHILE,Santiago,1,ALAMEDA 1196 P 6 DPTO 2,208,3,90,SA,208_SA_3,19878,18752,18358,16977,15911,15739,14535,208_SA_3,3,1,18752,90
CARABINEROS DE CHILE,Santiago,1,AMUNATEGUI 519 P 11,209,3,45,SA,209_SA_3,19878,18752,18358,16977,15911,15739,14535,209_SA_3,3,1,18752,45
CARABINEROS DE CHILE,Santiago,1,AV BERNARDO OHIGGINS 1196 P 10 ADM CAJA,132,2,20,SA,132_SA_2,19878,18752,18358,16977,15911,15739,14535,132_SA_2,2,1,18752,20
CASA DE ESTUDIOS P.DE VALDIVIA,Santiago,1,AGUSTINAS 1943 PISO 1,19,1,180,SA,19_SA_1,19896,18814,18430,17007,16020,15837,14543,19_SA_1,1,1,18814,180
CASA DE ESTUDIOS P.DE VALDIVIA,Santiago,1,AGUSTINAS 1943 PISO 1,210,3,180,SA,210_SA_3,19896,18814,18430,17007,16020,15837,14543,210_SA_3,3,1,18814,180
CASA DE ESTUDIOS P.DE VALDIVIA,Santiago,1,AGUSTINAS 1943,284,4,240,SA,284_SA_4,19896,18814,18430,17007,16020,15837,14543,284_SA_4,4,1,18814,240
CHILECTRA S.A.,Santiago,1,SANTA ROSA 76 PISO 4,134,2,60,SA,134_SA_2,19898,18827,18434,17009,16122,15848,14564,134_SA_2,2,1,18827,60
CHILECTRA S.A.,Santiago,1,VICTORIA 612 PISO 2,133,2,90,SA,133_SA_2,19898,18827,18434,17009,16122,15848,14564,133_SA_2,2,1,18827,90
CHILECTRA S.A.,Santiago,1,VICTORIA 612 PISO 2,357,5,60,SA,357_SA_5,19898,18827,18434,17009,16122,15848,14564,357_SA_5,5,1,18827,60
CIA. AMERICANA DE MULTISERVICIOS LTDA.,Santiago,1,TARAPACA 934 PISO 2,285,4,60,SA,285_SA_4,19943,18842,18440,17014,16151,15886,14647,285_SA_4,4,1,18842,60
CIA. CERVECERIAS UNIDAS S.A.,Santiago,1,BANDERA 84 P9,135,2,60,SA,135_SA_2,19974,18860,18445,17124,16167,15985,14662,135_SA_2,2,1,18860,60
CIA. CERVECERIAS UNIDAS S.A.,Santiago,1,BANDERA 84 PISO 8  DEPTO.TESORERIA,20,1,60,SA,20_SA_1,19974,18860,18445,17124,16167,15985,14662,20_SA_1,1,1,18860,60
CIA. CHILENA DE PERFORACIONES LTDA.,Las Condes,3,BENJAMIN 2935  PISO 8  OF.802,136,2,30,LC,136_LC_2,19976,19087,18521,17231,16183,16066,14839,136_LC_2,2,3,19087,30
CIA. MINERA DISPUTADA LAS CONDES LTDA.,Providencia,2,PEDRO DE VALDIVIA 291 PISO 13,286,4,60,PR,286_PR_4,19998,19139,18555,17266,16275,16076,14942,286_PR_4,4,2,19139,60
CIA. MINERA DISPUTADA LAS CONDES LTDA.,Las Condes,3,LOS BRONCES PROYECTO SAN FRANC,360,5,10,LC,360_LC_5,19998,19139,18555,17266,16275,16076,14942,360_LC_5,5,3,19139,10
CIA. MINERA DISPUTADA LAS CONDES LTDA.,Providencia,2,P.DE VALDIVIA 291 PISO 1,358,5,70,PR,358_PR_5,19998,19139,18555,17266,16275,16076,14942,358_PR_5,5,2,19139,70
CIA. MINERA DISPUTADA LAS CONDES LTDA.,Providencia,2,"AV. PEDRO DE VALDIVIA 291, 1 SUBTERRANEO",137,2,150,PR,137_PR_2,19998,19139,18555,17266,16275,16076,14942,137_PR_2,2,2,19139,150
CIA. MINERA DISPUTADA LAS CONDES LTDA.,Las Condes,3,"LOS BRONCES,GERENCIA PLANTAS,S",359,5,10,LC,359_LC_5,19998,19139,18555,17266,16275,16076,14942,359_LC_5,5,3,19139,10
CIA. MINERA DISPUTADA LAS CONDES LTDA.,Santiago,1,PEDRO DE VALDIVIA 291 1 SUB,361,5,10,SA,361_SA_5,19998,19139,18555,17266,16275,16076,14942,361_SA_5,5,1,19139,10
CIA.ELECTROMETALURGICA S.A.,"??""u?'oa",5,AV. V.MACKENNA 1570 GCIA.. GEN,21,1,90,NU,21_NU_1,20000,19161,18642,17275,16302,16107,15051,21_NU_1,1,5,19161,90
CIA.ELECTROMETALURGICA S.A.,"??""u?'oa",5,AVDA VICU?A MACKENNA 1570 G COMERCIAL,211,3,40,NU,211_NU_3,20000,19161,18642,17275,16302,16107,15051,211_NU_3,3,5,19161,40
CIENTOCHENTA GRADOS S.A.,Providencia,2,NVA.LOS LEONES 07 PISO 10,362,5,240,PR,362_PR_5,20002,19285,18733,17505,16453,16111,15104,362_PR_5,5,2,19285,240
CITIBANK N.A.,Providencia,2,AV PROVIDENCIA 655,22,1,60,PR,22_PR_1,20033,19326,18744,17512,16484,16296,15285,22_PR_1,1,2,19326,60
CITIBANK N.A.,Las Condes,3,AV EL  BOSQUE  0500  P. 3,213,3,90,LC,213_LC_3,20033,19326,18744,17512,16484,16296,15285,213_LC_3,3,3,19326,90
CITIBANK N.A.,Providencia,2,PROVIDENCIA 2653  P 2,139,2,60,PR,139_PR_2,20033,19326,18744,17512,16484,16296,15285,139_PR_2,2,2,19326,60
CITIBANK N.A.,Santiago,1,HUERFANOS 770,140,2,50,SA,140_SA_2,20033,19326,18744,17512,16484,16296,15285,140_SA_2,2,1,19326,50
CITIBANK N.A.,Santiago,1,TEATINOS 180 P1,288,4,60,SA,288_SA_4,20033,19326,18744,17512,16484,16296,15285,288_SA_4,4,1,19326,60
CITIBANK N.A.,Providencia,2,ORREGOLUCO 58,287,4,90,PR,287_PR_4,20033,19326,18744,17512,16484,16296,15285,287_PR_4,4,2,19326,90
CITIBANK N.A.,Santiago,1,AHUMADA 40,212,3,40,SA,212_SA_3,20033,19326,18744,17512,16484,16296,15285,212_SA_3,3,1,19326,40
CITIBANK N.A.,Vitacura,4,O BRIEN 2235,138,2,90,VI,138_VI_2,20033,19326,18744,17512,16484,16296,15285,138_VI_2,2,4,19326,90
CLINICA ALEMANA DE SANTIAGO S.A.,Vitacura,4,CONCILIO VATICANO 6017,363,5,10,VI,363_VI_5,20063,19335,18753,17582,16512,16323,15295,363_VI_5,5,4,19335,10
CLINICA ALEMANA DE SANTIAGO S.A.,Vitacura,4,AV.  VITACURA 5951 CENTRO COPI,214,3,25,VI,214_VI_3,20063,19335,18753,17582,16512,16323,15295,214_VI_3,3,4,19335,25
CLINITEST LTDA,Providencia,2,RICARDO LYON 1899,215,3,45,PR,215_PR_3,20082,19405,18757,17631,16611,16362,15310,215_PR_3,3,2,19405,45
CMPC CELULOSA S.A.,Santiago,1,AGUSTINAS 1357  P2,23,1,90,SA,23_SA_1,20085,19490,18796,17643,16632,16438,15362,23_SA_1,1,1,19490,90
COASIN CHILE S.A.,Providencia,2,AV. HOLANDA 1292,24,1,100,PR,24_PR_1,20088,19491,18800,17867,16655,16619,15428,24_PR_1,1,2,19491,100
COCA COLA DE CHILE S.A.,Las Condes,3,AV. KENNEDY 5757 P.11,289,4,110,LC,289_LC_4,20109,19565,18800,17884,16675,16664,15455,289_LC_4,4,3,19565,110
COGAN GRUPO NORTE S.A.,Providencia,2,MARCHANT PEREIRA 1030,25,1,90,PR,25_PR_1,20146,19612,18809,17914,16860,16721,15592,25_PR_1,1,2,19612,90
COLEGIO CALASANZ,"??""u?'oa",5,MONTENEGRO 661,141,2,150,NU,141_NU_2,20166,19642,18859,17914,17007,16735,15646,141_NU_2,2,5,19642,150
COLEGIO CALASANZ,"??""u?'oa",5,MONTENEGRO 661,26,1,420,NU,26_NU_1,20166,19642,18859,17914,17007,16735,15646,26_NU_1,1,5,19642,420
COLEGIO DEL SAGRADO CORAZON,Las Condes,3,SANTA MAGDALENA SOFIA 277,27,1,180,LC,27_LC_1,20173,19656,18872,17930,17040,16794,15728,27_LC_1,1,3,19656,180
COMANDANCIA EN JEFE,Santiago,1,ZENTENO 45 P.5 ALA NORTE AYUDANTIA,216,3,80,SA,216_SA_3,20174,19699,18879,17954,17045,16851,15808,216_SA_3,3,1,19699,80
COMERCIAL CYP S.A.,Santiago,1,ESTADO 10 OF. 1701,28,1,30,SA,28_SA_1,20193,19738,18918,17969,17052,16917,15865,28_SA_1,1,1,19738,30
COMERCIAL ECCSA S.A.,Santiago,1,HUERFANOS 979  OF.401,29,1,60,SA,29_SA_1,20215,19740,18956,18018,17067,16922,15930,29_SA_1,1,1,19740,60
COMERCIALIZADORA INTEGRAL LTDA.,Providencia,2,ISIDORITA 143,364,5,1,PR,364_PR_5,20217,19781,18968,18116,17095,16960,16010,364_PR_5,5,2,19781,1
COMERCIALIZADORA S.A.,Santiago,1,ALAMEDA 757 P5,217,3,150,SA,217_SA_3,20237,19796,18970,18122,17156,16996,16010,217_SA_3,3,1,19796,150
COMERCIALIZADORA S.A.,Santiago,1,PUENTE 696 P.2 DPTO.CREDITO,365,5,120,SA,365_SA_5,20237,19796,18970,18122,17156,16996,16010,365_SA_5,5,1,19796,120
COMERCIALIZADORA S.A.,Santiago,1,PUENTE 640 DEPTO CREDITO P1,290,4,60,SA,290_SA_4,20237,19796,18970,18122,17156,16996,16010,290_SA_4,4,1,19796,60
COMISION NACIONAL DE RIEGO,Santiago,1,VALENTIN LETELIER 1350 P.1,291,4,150,SA,291_SA_4,20240,19803,19065,18137,17367,17004,16073,291_SA_4,4,1,19803,150
COMISION NACIONAL DEL MEDIO AMBIENTE,Providencia,2,OBISPO DONOSO 6 PISO 6,292,4,50,PR,292_PR_4,20279,19820,19090,18179,17423,17172,16145,292_PR_4,4,2,19820,50
COMISION NACIONAL DEL MEDIO AMBIENTE,Providencia,2,OBISPO DONOSO 6 PISO 1,293,4,165,PR,293_PR_4,20279,19820,19090,18179,17423,17172,16145,293_PR_4,4,2,19820,165
CONFECCIONES GERARD LTDA.,Santiago,1,NATANIEL COX 1528,294,4,90,SA,294_SA_4,20290,19913,19115,18240,17619,17193,16219,294_SA_4,4,1,19913,90
CONSEJO LOCAL DE DEPORTES LAS CONDES,Las Condes,3,CERRO COLORADO 5435,142,2,50,LC,142_LC_2,20322,19924,19159,18254,17626,17335,16477,142_LC_2,2,3,19924,50
CONSERVADOR DE BIENES RAICES,Santiago,1,MORANDE 440 P.2,218,3,120,SA,218_SA_3,20343,19928,19257,18397,17697,17337,16655,218_SA_3,3,1,19928,120
CONSERVADOR DE BIENES RAICES,Santiago,1,MORANDE 440 P.4,219,3,90,SA,219_SA_3,20343,19928,19257,18397,17697,17337,16655,219_SA_3,3,1,19928,90
CONSERVADOR DE BIENES RAICES,Santiago,1,MORANDE 440  P.2,143,2,180,SA,143_SA_2,20343,19928,19257,18397,17697,17337,16655,143_SA_2,2,1,19928,180
CONSORCIO ARA-INGENDESA LTDA.,Santiago,1,SAN ISIDRO 65,144,2,90,SA,144_SA_2,20367,19942,19265,18441,17883,17340,16812,144_SA_2,2,1,19942,90
CONSORCIO NAC.SEG.S.A.CIA.SEG.V.,Las Condes,3,CALLAO 2928 PISO 1,145,2,60,LC,145_LC_2,20374,19978,19317,18560,17917,17360,16896,145_LC_2,2,3,19978,60
CONSORCIO NAC.SEG.S.A.CIA.SEG.V.,Santiago,1,BANDERA 248 LC.1,146,2,165,SA,146_SA_2,20374,19978,19317,18560,17917,17360,16896,146_SA_2,2,1,19978,165
CONSORCIO NAC.SEG.S.A.CIA.SEG.V.,Las Condes,3,AV.EL BOSQUE SUR 180 P6 RRHH,147,2,30,LC,147_LC_2,20374,19978,19317,18560,17917,17360,16896,147_LC_2,2,3,19978,30
CONSORCIO NAC.SEG.S.A.CIA.SEG.V.,Providencia,2,EL BOSQUE 180 PISO 6,220,3,60,PR,220_PR_3,20374,19978,19317,18560,17917,17360,16896,220_PR_3,3,2,19978,60
CONSTRA.ASOC.B Y C LTDA.,Providencia,2,LAS URBINA 53 OF 141,30,1,60,PR,30_PR_1,20414,19993,19360,18678,17922,17390,17038,30_PR_1,1,2,19993,60
CONSTRUCTORA CABO DE HORNOS LTDA.,Las Condes,3,LINEO 6557,295,4,60,LC,295_LC_4,20423,20052,19395,18733,17984,17446,17328,295_LC_4,4,3,20052,60
CONSTRUCTORA COPEVA S. A.,Santiago,1,PHILLIPS 84 OF 49,366,5,20,SA,366_SA_5,20442,20083,19421,18864,18062,17583,17359,366_SA_5,5,1,20083,20
CORPBANCA,Santiago,1,HUERFANOS 1072   P8,32,1,90,SA,32_SA_1,20461,20101,19444,18866,18139,17604,17534,32_SA_1,1,1,20101,90
CORPBANCA,Santiago,1,ALAMEDA 2206 PISO 1,31,1,90,SA,31_SA_1,20461,20101,19444,18866,18139,17604,17534,31_SA_1,1,1,20101,90
CORPORACION DE AYUDA AL PACIENTE MENTAL,Providencia,2,MELCHOR CONCHA 9 BARRIO BELLAVISTA,367,5,15,PR,367_PR_5,20467,20104,19476,18914,18151,17758,17651,367_PR_5,5,2,20104,15
COZ Y CIA. LTDA.,Las Condes,3,AV LAS CONDES 11380 OF. 101,33,1,150,LC,33_LC_1,20519,20272,19548,18954,18181,17789,17657,33_LC_1,1,3,20272,150
CTRO. DE ANALISIS Y ASES DE MERCADO  LTD,Providencia,2,CARLOS ANTUNEZ  1843 DEPTO  105  BLOCK22,221,3,35,PR,221_PR_3,20672,20284,19566,18962,18289,17914,17695,221_PR_3,3,2,20284,35
DEFENSA CIVIL DE CHILE,Santiago,1,VERGARA 135,296,4,90,SA,296_SA_4,20706,20289,19682,19051,18343,17952,17821,296_SA_4,4,1,20289,90
DELOITTE & TOUCHE,Providencia,2,PROVIDENCIA 1760 PISO 9,222,3,60,PR,222_PR_3,20709,20376,19821,19103,18346,17976,18118,222_PR_3,3,2,20376,60
DELOITTE & TOUCHE OUTSOURCING S.A.,Providencia,2,AV PROVIDENCIA 1760 PISO 6,223,3,40,PR,223_PR_3,20712,20382,19836,19155,18356,18013,18134,223_PR_3,3,2,20382,40
DELTOUR,Providencia,2,MONSE?OR FELIX CABRERA 62,224,3,50,PR,224_PR_3,20743,20385,19905,19212,18408,18099,18145,224_PR_3,3,2,20385,50
DERCO AUTOS S.A.,Las Condes,3,AV KENNEDY 5601 1ER SUBTE,34,1,80,LC,34_LC_1,20744,20389,19908,19348,18556,18112,18161,34_LC_1,1,3,20389,80
DIARIO EL SUR S.A.,Santiago,1,CATEDRAL 1009   OF 306,148,2,90,SA,148_SA_2,20759,20433,19975,19357,18612,18569,18185,148_SA_2,2,1,20433,90
DILACO LTDA,Providencia,2,PEREZ VALENZUELA  N? 1138 P 4,368,5,5,PR,368_PR_5,20791,20465,19997,19404,18764,18681,18323,368_PR_5,5,2,20465,5
DIRECCION DEL TRABAJO,Santiago,1,AGUSTINAS 1253 P.6 OF.601 PRES,369,5,120,SA,369_SA_5,20802,20470,20056,19428,18764,18759,18540,369_SA_5,5,1,20470,120
DIRECCION DEL TRABAJO,Santiago,1,AGUSTINAS 1253 PISO 6 OFIC. PA,370,5,140,SA,370_SA_5,20802,20470,20056,19428,18764,18759,18540,370_SA_5,5,1,20470,140
DIRECCION NACIONAL GENDARMERIA DE CHILE,Santiago,1,ROSAS 1274 PISO 3,225,3,80,SA,225_SA_3,20816,20475,20064,19493,18883,18876,18745,225_SA_3,3,1,20475,80
DIRECCION NACIONAL GENDARMERIA DE CHILE,Santiago,1,ROSAS 1274 PISO 1 (CONTAB Y PR,35,1,105,SA,35_SA_1,20816,20475,20064,19493,18883,18876,18745,35_SA_1,1,1,20475,105
DISTRIBUIDORA AUTOMOTRIZ SANTIAGO S.A.,Santiago,1,COQUIMBO 345,297,4,100,SA,297_SA_4,20847,20499,20076,19531,18884,18919,18805,297_SA_4,4,1,20499,100
"ECHEVERRIA,IZQUIERDO,ING. Y CONST. S.A.",Las Condes,3,BENJAMIN 2944 PISO 2.,36,1,60,LC,36_LC_1,20850,20540,20085,19607,18936,18941,18839,36_LC_1,1,3,20540,60
ECOLAB S.A.,Providencia,2,PEDRO DE VALDIVIA 3801,298,4,120,PR,298_PR_4,20870,20548,20108,19666,18942,18982,18957,298_PR_4,4,2,20548,120
EJERCITO DE CHILE DIRECCION DE LOGISTICA,Santiago,1,ZENTENO 45 P 8,150,2,120,SA,150_SA_2,20914,20566,20140,19708,18944,18983,19199,150_SA_2,2,1,20566,120
EJERCITO DE CHILE DIRECCION DE LOGISTICA,Santiago,1,ZENTENO 45 P.8 AYUDANTIA PERS.,149,2,235,SA,149_SA_2,20914,20566,20140,19708,18944,18983,19199,149_SA_2,2,1,20566,235
EJERCITO DE SALVACION,Santiago,1,"AV.ESPA??""A 46-PISO 2",151,2,120,SA,151_SA_2,20916,20571,20153,19734,18952,19004,19207,151_SA_2,2,1,20571,120
EMBAJADA DE ITALIA,Providencia,2,CLEMENTE FABRES 1050,38,1,80,PR,38_PR_1,21005,20700,20235,19759,19140,19048,19242,38_PR_1,1,2,20700,80
EMBAJADA DE ITALIA,Providencia,2,CLEMENTE FABRES 1050,371,5,30,PR,371_PR_5,21005,20700,20235,19759,19140,19048,19242,371_PR_5,5,2,20700,30
EMBAJADA DE ITALIA,Providencia,2,CLEMENTE FABRES 1050,37,1,60,PR,37_PR_1,21005,20700,20235,19759,19140,19048,19242,37_PR_1,1,2,20700,60
EMBAJADA DE RUSIA,Las Condes,3,COLON 4152,39,1,90,LC,39_LC_1,21034,20732,20289,19792,19254,19067,19298,39_LC_1,1,3,20732,90
EMP.CONST.AVELLANEDA LTDA.,Providencia,2,AV. LUIS TAYER OJEDA 0191 P 16,226,3,65,PR,226_PR_3,21075,20733,20305,19847,19260,19081,19362,226_PR_3,3,2,20733,65
EMP.PARA EL DEPORTE Y LA SALUD LTDA,Las Condes,3,AVDA LAS CONDES 13635,372,5,60,LC,372_LC_5,21081,20796,20307,19912,19297,19183,19456,372_LC_5,5,3,20796,60
EMPRESA NACIONAL DE EXPLOSIVOS,Las Condes,3,RENATO SANCHEZ 3859,227,3,120,LC,227_LC_3,21090,20823,20376,19950,19355,19292,19502,227_LC_3,3,3,20823,120
EMPRESAS C.M.P.C. S.A.,Santiago,1,AGUSTINAS  1343 P.9,40,1,60,SA,40_SA_1,21120,20834,20390,19986,19411,19319,19521,40_SA_1,1,1,20834,60
EMPRESAS JUAN YARUR S.A.C.,Santiago,1,MONEDA 920 OF.801,228,3,100,SA,228_SA_3,21128,20860,20435,19995,19582,19380,19584,228_SA_3,3,1,20860,100
ENRIQUE OSIAC BROSKY,Las Condes,3,LAS CONDESAS 2436,152,2,1,LC,152_LC_2,21156,20887,20471,20023,19681,19445,19702,152_LC_2,2,3,20887,1
ENTEL PCS TELECOMUNICACIONES S.A.,Las Condes,3,AV. ANDRES BELLO 2711 PISO 14,41,1,120,LC,41_LC_1,21184,20922,20499,20063,19691,19514,19706,41_LC_1,1,3,20922,120
ENTEL PCS TELECOMUNICACIONES S.A.,Providencia,2,AV. ANDRES BELLO 2777 P11,42,1,60,PR,42_PR_1,21184,20922,20499,20063,19691,19514,19706,42_PR_1,1,2,20922,60
ESCUELA MILITAR,Las Condes,3,LOS MILITARES 4500 1 COMPA?IA,299,4,60,LC,299_LC_4,21190,20965,20531,20215,19714,19543,19732,299_LC_4,4,3,20965,60
ESEDEI INGENIEROS S.A.,Santiago,1,COYANCURA 2283 P7,43,1,207,SA,43_SA_1,21198,20984,20533,20318,19769,19545,19793,43_SA_1,1,1,20984,207
ESTUDIO RAUL DE LA FUENTE M. Y CIA. LTDA,Santiago,1,Agustinas 1235 of.32 Raul de la Fuente M,300,4,105,SA,300_SA_4,21204,21004,20570,20370,19780,19617,19907,300_SA_4,4,1,21004,105
EVASA S.A.,Santiago,1,TEATINOS 449 PISO 3,301,4,75,SA,301_SA_4,21276,21010,20612,20429,19864,19649,20052,301_SA_4,4,1,21010,75
EXAMENES DE LABORATORIOS S.A.,Providencia,2,11 DE SEPTIEMBRE 1920 P4,44,1,25,PR,44_PR_1,21278,21021,20633,20602,19927,19750,20138,44_PR_1,1,2,21021,25
EXTRACTOS NATURALES GELYMAR S.A.,Providencia,2,AV. STA. MARIA 2050 P.3,153,2,230,PR,153_PR_2,21330,21040,20728,20693,20034,19903,20378,153_PR_2,2,2,21040,230
FACH COMANDO LOGISTICO,Santiago,1,ALAMEDA 1170 PISO 3,302,4,90,SA,302_SA_4,21374,21125,20738,20697,20074,19964,20448,302_SA_4,4,1,21125,90
FALABELLA Y CIA. CORREDORA DE SEGUROS LT,Santiago,1,AHUMADA 179  PISO 9  CORREDORA,373,5,60,SA,373_SA_5,21378,21207,20796,20714,20090,20023,20459,373_SA_5,5,1,21207,60
FED. INTERN. DE TRAB. DE LA IND. METALUR,Providencia,2,PROV.2019 42-B P4,154,2,170,PR,154_PR_2,21400,21245,20803,20719,20091,20151,20823,154_PR_2,2,2,21245,170
FED. INTERN. DE TRAB. DE LA IND. METALUR,Providencia,2,PROV.2019 42-B P4,374,5,105,PR,374_PR_5,21400,21245,20803,20719,20091,20151,20823,374_PR_5,5,2,21245,105
FED.NAC.DE TRABAJADORES DEL COBRE,Santiago,1,GENERAL BUSTAMANTE 627 PISO 2,155,2,240,SA,155_SA_2,21443,21269,20811,20896,20151,20176,20825,155_SA_2,2,1,21269,240
FOCUS GROUP CONSULTORES LTDA.,Providencia,2,ISIDORO GOYENECHEA 3621 P9 OF 902,375,5,170,PR,375_PR_5,21500,21309,20842,20899,20158,20205,20829,375_PR_5,5,2,21309,170
FORWARD COMPUTACION LTDA,Santiago,1,ALAMEDA 108 L 119,229,3,60,SA,229_SA_3,21511,21355,20908,20994,20162,20289,20930,229_SA_3,3,1,21355,60
FUNDACION ALCAZAR,Providencia,2,GUARDIA VIEJA 255 OF. 704,156,2,80,PR,156_PR_2,21547,21386,20982,21052,20252,20412,20968,156_PR_2,2,2,21386,80
FUNDACION EDUCACIONAL TABANCURA,Vitacura,4,LAS HUALTATAS 10030,45,1,75,VI,45_VI_1,21586,21389,21112,21225,20264,20532,21094,45_VI_1,1,4,21389,75
FUNDACION NACIONAL PARA LA SUPERACION DE,Santiago,1,LONDRES 69,46,1,90,SA,46_SA_1,21629,21431,21125,21241,20400,20545,21112,46_SA_1,1,1,21431,90
FUNDACION NACIONAL PARA LA SUPERACION DE,Santiago,1,LONDRES   69,47,1,90,SA,47_SA_1,21629,21431,21125,21241,20400,20545,21112,47_SA_1,1,1,21431,90
FUNDACION VIDA,Providencia,2,RICCARDO MATTE PEREZ 0156,230,3,30,PR,230_PR_3,21683,21450,21160,21270,20400,20567,21117,230_PR_3,3,2,21450,30
GASTON FUENZALIDA PROPIEDADES LTDA,Las Condes,3,REYES LAVALLE 3330,303,4,60,LC,303_LC_4,21702,21485,21203,21314,20500,20645,21392,303_LC_4,4,3,21485,60
GOLDER ASSOCIATES S.A.,Providencia,2,AV. 11 DE SEPTIEMBRE 2353 PISO16,376,5,75,PR,376_PR_5,21741,21488,21218,21456,20779,20876,21412,376_PR_5,5,2,21488,75
GRAFHIKA COPY CENTER LTDA.,Vitacura,4,ANDRES   BELLO 2879  P. 1,304,4,120,VI,304_VI_4,21755,21558,21237,21660,20794,20982,21508,304_VI_4,4,4,21558,120
GRAFHIKA COPY CENTER LTDA.,Santiago,1,DOMEYKO 2338,231,3,80,SA,231_SA_3,21755,21558,21237,21660,20794,20982,21508,231_SA_3,3,1,21558,80
GRAFHIKA COPY CENTER LTDA.,Santiago,1,TENDERINI 78,49,1,60,SA,49_SA_1,21755,21558,21237,21660,20794,20982,21508,49_SA_1,1,1,21558,60
GRAFHIKA COPY CENTER LTDA.,Santiago,1,TENDERINI 78,306,4,270,SA,306_SA_4,21755,21558,21237,21660,20794,20982,21508,306_SA_4,4,1,21558,270
GRAFHIKA COPY CENTER LTDA.,Providencia,2,GUARDIA VIEJA 240,305,4,25,PR,305_PR_4,21755,21558,21237,21660,20794,20982,21508,305_PR_4,4,2,21558,25
GRAFHIKA COPY CENTER LTDA.,Providencia,2,GUARDIA VIEJA 240,377,5,30,PR,377_PR_5,21755,21558,21237,21660,20794,20982,21508,377_PR_5,5,2,21558,30
GRAFHIKA COPY CENTER LTDA.,Santiago,1,STO.  DOMINGO  1862,157,2,150,SA,157_SA_2,21755,21558,21237,21660,20794,20982,21508,157_SA_2,2,1,21558,150
GRAFHIKA COPY CENTER LTDA.,Santiago,1,DOMEYKO 2338,48,1,60,SA,48_SA_1,21755,21558,21237,21660,20794,20982,21508,48_SA_1,1,1,21558,60
GRAFHIKA COPY CENTER LTDA.,Providencia,2,GUARDIA VIEJA 240,232,3,120,PR,232_PR_3,21755,21558,21237,21660,20794,20982,21508,232_PR_3,3,2,21558,120
GRAFICA LETRILANDIA LTDA.,Santiago,1,PORTUGAL 658,307,4,120,SA,307_SA_4,21787,21602,21309,21675,20855,21102,21759,307_SA_4,4,1,21602,120
GUERRERO DITEAUX RAUL,Santiago,1,AV. VICUNA MACKENNA 856,233,3,40,SA,233_SA_3,21796,21615,21335,21685,20940,21173,21782,233_SA_3,3,1,21615,40
HEIDRICK Y STRUGGLES DE CHILE LTDA.,Providencia,2,AV ANDRES BELLO 2777  PISO 9 OF.903,378,5,30,PR,378_PR_5,21815,21638,21342,21747,21108,21207,21830,378_PR_5,5,2,21638,30
HOCHTIEF CHILENA LTDA.,Las Condes,3,AVDA EL BOSQUE NORTE 0440 P9 OF902,234,3,60,LC,234_LC_3,21820,21651,21347,21895,21147,21227,21852,234_LC_3,3,3,21651,60
"HONORATO, RUSSI A CIA. LTDA.",Las Condes,3,ROGER DE FLOR 2736 PISO 6,235,3,120,LC,235_LC_3,21823,21693,21351,21941,21153,21389,21855,235_LC_3,3,3,21693,120
HOTEL CORP.OF CHILE HYATT REGENCY,Las Condes,3,ALONSO DE CORDOVA 4601 CENTRO NEGOCIOS,379,5,60,LC,379_LC_5,21824,21702,21369,21946,21319,21455,22215,379_LC_5,5,3,21702,60
HOTELES DE CHILE S.A.,Las Condes,3,AVDA. KENNEDY 5741 P.1 RECEPCION,50,1,80,LC,50_LC_1,21950,21708,21378,21955,21547,21486,22225,50_LC_1,1,3,21708,80
HQI TRANSELEC CHILE S.A.,Providencia,2,APOQUINDO 3721 PISO 6,158,2,85,PR,158_PR_2,21972,21717,21434,22135,21583,21495,22354,158_PR_2,2,2,21717,85
I. MUNICIPALIDAD DE VITACURA,Vitacura,4,SANCHO DE LA HOZ 3470 DIREC.DE OPERACI,236,3,90,VI,236_VI_3,21981,21780,21493,22167,21653,21609,22395,236_VI_3,3,4,21780,90
I.MUNICIPALIDAD DE PROVIDENCIA,Providencia,2,P DE VALDIVIA 963  DEPTO CATASTRO,308,4,30,PR,308_PR_4,21991,21784,21515,22446,21710,21626,22475,308_PR_4,4,2,21784,30
I.MUNICIPALIDAD DE PROVIDENCIA,Providencia,2,PEDRO DE VALDIVIA 963.DIREC.PROTEC CIVIL,237,3,70,PR,237_PR_3,21991,21784,21515,22446,21710,21626,22475,237_PR_3,3,2,21784,70
I.MUNICIPALIDAD DE SANTIAGO,Santiago,1,BALMACEDA  1114  3P,159,2,55,SA,159_SA_2,22011,21846,21545,22578,21743,22010,22517,159_SA_2,2,1,21846,55
I.MUNICIPALIDAD DE SANTIAGO,Santiago,1,STO DOMINGO 916 PISO 7 OF.703 CENT.FOTO,51,1,90,SA,51_SA_1,22011,21846,21545,22578,21743,22010,22517,51_SA_1,1,1,21846,90
IMAX S. A.,Providencia,2,PADRE MARIANO 277 P 3,160,2,60,PR,160_PR_2,22068,21865,21580,22585,21786,22054,23066,160_PR_2,2,2,21865,60
IMPRESORA Y COMERCIAL TIEMPO FUTURO SA,Providencia,2,ALMIRANTE PASTENE 259,309,4,60,PR,309_PR_4,22085,22011,21632,22607,21787,22245,23090,309_PR_4,4,2,22011,60
IMPRESORA Y COMERCIAL TIEMPO FUTURO SA,Providencia,2,ALMIRANTE PASTENE 259,310,4,120,PR,310_PR_4,22085,22011,21632,22607,21787,22245,23090,310_PR_4,4,2,22011,120
INACAP,Las Condes,3,AV. APOQUINDO 7282 P-3 SALA DE PROF.,161,2,180,LC,161_LC_2,22166,22025,21711,22645,21904,22437,23145,161_LC_2,2,3,22025,180
INDUSTRIA TEXTIL MONARCH S.A.,Santiago,1,VICUNA MACKENNA 1215 PISO 3,238,3,60,SA,238_SA_3,22173,22072,21731,22721,21962,22473,23178,238_SA_3,3,1,22072,60
ING SALUD ISAPRE,Santiago,1,MIRAFLORES 222 E/P,162,2,1,SA,162_SA_2,22228,22083,21851,22725,21998,22578,23208,162_SA_2,2,1,22083,1
ING SALUD S.A.,Santiago,1,MORANDE 325 SUBTERRANEO,239,3,180,SA,239_SA_3,22274,22099,21890,22849,22004,22620,23244,239_SA_3,3,1,22099,180
ING SEGUROS DE VIDA S.A.,Providencia,2,COYANCURA 2283,52,1,30,PR,52_PR_1,22344,22125,21961,22854,22040,22675,23372,52_PR_1,1,2,22125,30
ING SEGUROS DE VIDA S.A.,Providencia,2,COYANCURA 2283,240,3,60,PR,240_PR_3,22344,22125,21961,22854,22040,22675,23372,240_PR_3,3,2,22125,60
INGENIERIA ELECTRICA VOLTA LTDA.,"??""u?'oa",5,JOSE MANUEL INFANTE 2670,53,1,90,NU,53_NU_1,22359,22143,21983,22882,22273,22677,23382,53_NU_1,1,5,22143,90
INGENIERIA Y CONST. KODAMA LTDA.,Providencia,2,AVDA ELIODORO YA?EZ 1198,311,4,60,PR,311_PR_4,22404,22169,22079,22969,22369,22702,23467,311_PR_4,4,2,22169,60
INMOBIL. E INVERSIONES RUCA S.A.,Santiago,1,MAC IVER 225 OF 302,241,3,20,SA,241_SA_3,22407,22172,22080,22991,22453,22775,23767,241_SA_3,3,1,22172,20
INMOBILIARIA NORTE VERDE S.A.,Las Condes,3,ENRIQUE FOSTER SUR 20 PISO 14,55,1,60,LC,55_LC_1,22410,22204,22107,23044,22503,22869,23829,55_LC_1,1,3,22204,60
INMOBILIARIA NORTE VERDE S.A.,Las Condes,3,ENRIQUE FOSTER SUR 20 PISO 14,54,1,60,LC,54_LC_1,22410,22204,22107,23044,22503,22869,23829,54_LC_1,1,3,22204,60
INSTITUTO DE ESTUDIOS GRAFICOS DE CHILE,Providencia,2,CANADA 253  OF A  2257706,312,4,50,PR,312_PR_4,22416,22281,22114,23155,22775,23113,23870,312_PR_4,4,2,22281,50
INSTITUTO HEBREO S.A.,Las Condes,3,AV.LAS CONDES 13450,56,1,150,LC,56_LC_1,22419,22322,22203,23200,22814,23173,23904,56_LC_1,1,3,22322,150
INSTITUTO NACIONAL DE DEPORTES,Providencia,2,FIDEL OTEIZA 1956 P.3,313,4,50,PR,313_PR_4,22458,22358,22289,23262,22835,23214,23931,313_PR_4,4,2,22358,50
INSTITUTO NACIONAL DE DEPORTES,Providencia,2,FIDEL OTEIZA 1956  P.8,163,2,120,PR,163_PR_2,22458,22358,22289,23262,22835,23214,23931,163_PR_2,2,2,22358,120
INTERPLUS S.A.,"??""u?'oa",5,JOSE P.ALESSANDRI 1800,164,2,90,NU,164_NU_2,22492,22390,22325,23303,22902,23267,23939,164_NU_2,2,5,22390,90
INVERSIONES Y SERVICIOS S.A.,Santiago,1,HUERFANOS 979 P 7,314,4,20,SA,314_SA_4,22512,22514,22371,23326,22906,23380,24069,314_SA_4,4,1,22514,20
ISAPRE COLMENA GOLDEN CROSS S.A.,Las Condes,3,APOQUINDO 5009 DPTO DE OPERACIONES,380,5,234,LC,380_LC_5,22527,22555,22403,23350,22961,23427,24256,380_LC_5,5,3,22555,234
ISAPRE CONSALUD S.A.,Santiago,1,ALAMEDA 1511 P.7,59,1,60,SA,59_SA_1,22532,22619,22574,23355,23185,23430,24265,59_SA_1,1,1,22619,60
ISAPRE CONSALUD S.A.,Santiago,1,SAN MARTIN 30 PISO 1,57,1,60,SA,57_SA_1,22532,22619,22574,23355,23185,23430,24265,57_SA_1,1,1,22619,60
ISAPRE CONSALUD S.A.,Santiago,1,ALAMEDA 1511 P.7,58,1,60,SA,58_SA_1,22532,22619,22574,23355,23185,23430,24265,58_SA_1,1,1,22619,60
ISAPRE PROMEPART,Santiago,1,MERCED 280 PISO 3,165,2,120,SA,165_SA_2,22532,22646,22606,23432,23189,23552,24541,165_SA_2,2,1,22646,120
ISE LAS AMERICAS CIA DE SEG DE VIDA S.A.,Las Condes,3,AV. EL BOSQUE NORTE 0177 OF. 602,60,1,90,LC,60_LC_1,22540,22690,22632,23500,23269,23556,24732,60_LC_1,1,3,22690,90
JOHNSON`S S.A.,Santiago,1,"??""UBLE   1055  P. 2",167,2,60,SA,167_SA_2,22546,22700,22672,23652,23282,23897,24824,167_SA_2,2,1,22700,60
JOHNSON`S S.A.,Santiago,1,AGUSTINAS 978,64,1,10,SA,64_SA_1,22546,22700,22672,23652,23282,23897,24824,64_SA_1,1,1,22700,10
JOHNSON`S S.A.,Santiago,1,AHUMADA 55 PISO 2,62,1,150,SA,62_SA_1,22546,22700,22672,23652,23282,23897,24824,62_SA_1,1,1,22700,150
JOHNSON`S S.A.,Santiago,1,NUBLE 1034 PISO 2,61,1,30,SA,61_SA_1,22546,22700,22672,23652,23282,23897,24824,61_SA_1,1,1,22700,30
JOHNSON`S S.A.,Santiago,1,AVDA. KENNEDY 5413 L-123,166,2,40,SA,166_SA_2,22546,22700,22672,23652,23282,23897,24824,166_SA_2,2,1,22700,40
JOHNSON`S S.A.,Santiago,1,"??""UBLE 1008 REC HUMANOS",65,1,30,SA,65_SA_1,22546,22700,22672,23652,23282,23897,24824,65_SA_1,1,1,22700,30
JOHNSON`S S.A.,Santiago,1,"MATIAS COUSI??""O  64 E P OF 1",63,1,75,SA,63_SA_1,22546,22700,22672,23652,23282,23897,24824,63_SA_1,1,1,22700,75
JOHNSON`S S.A.,Santiago,1,SAN DIEGO 1856 PISO 2 AUDITORIA,381,5,60,SA,381_SA_5,22546,22700,22672,23652,23282,23897,24824,381_SA_5,5,1,22700,60
KOCH INGENIERIA (CHILE) LTDA.,Las Condes,3,EL BOSQUE NORTE 0440 OF.1202,242,3,40,LC,242_LC_3,22573,22702,22696,23676,23473,23925,24851,242_LC_3,3,3,22702,40
KPMG JERIA Y ASOC. AUDIT. CONSULT. LTDA.,Santiago,1,MONJITAS 527 PISO 13 OF 1304,315,4,180,SA,315_SA_4,22580,22705,22731,23733,23478,24181,24930,315_SA_4,4,1,22705,180
LABORATORIO CHILE S.A.,"??""u?'oa",5,AV MARATON 1315,316,4,60,NU,316_NU_4,22605,22755,22734,23841,23521,24446,25014,316_NU_4,4,5,22755,60
LABORATORIO RECALCINE,Providencia,2,PEDRO DE VALDIVIA 428,66,1,75,PR,66_PR_1,22615,22772,22735,23853,23551,24511,25154,66_PR_1,1,2,22772,75
LABORATORIO RIDER S.A.,Santiago,1,PLACER 1354  PISO 2,168,2,60,SA,168_SA_2,22618,22800,22763,23912,23604,24758,25195,168_SA_2,2,1,22800,60
LAS AGUILAS LTDA.,Santiago,1,BANDERA 84 P2 OF 215,67,1,60,SA,67_SA_1,22620,22847,22804,23999,23828,24860,25218,67_SA_1,1,1,22847,60
LE MANS ISE CIA.DE SEG.GENERALES S.A.,Las Condes,3,ENCOMENDEROS 138,317,4,45,LC,317_LC_4,22640,22887,22855,24048,24064,24921,25277,317_LC_4,4,3,22887,45
LEXIS NEXIS CHILE LTDA,Santiago,1,MIRAFLORES 383 P.12,243,3,120,SA,243_SA_3,22645,22900,22859,24102,24092,25046,25471,243_SA_3,3,1,22900,120
LEXIS NEXIS CHILE LTDA,Santiago,1,MIRAFLORES  383 PISO 12,318,4,240,SA,318_SA_4,22645,22900,22859,24102,24092,25046,25471,318_SA_4,4,1,22900,240
LIBRERIA GONZALEZ Y ASPE LTDA,Santiago,1,LIRA 192 LOCAL G,68,1,120,SA,68_SA_1,22646,23011,22928,24191,24304,25098,25533,68_SA_1,1,1,23011,120
LOPEZ MARTINEZ MARIA EUGENIA,Vitacura,4,VITACURA 8400 LOCAL   D,69,1,60,VI,69_VI_1,22662,23012,22980,24314,24673,25326,25561,69_VI_1,1,4,23012,60
MANQUEHUE NET S.A.,Providencia,2,11 DE SEPTIEMBRE 2260 LOC 51,382,5,30,PR,382_PR_5,22693,23050,23008,24405,24790,25327,25586,382_PR_5,5,2,23050,30
MARIANA THOMSEN Y CIA.LTDA.,Providencia,2,MANUEL MONTT 2000,319,4,90,PR,319_PR_4,22723,23084,23036,24450,24829,25664,25627,319_PR_4,4,2,23084,90
MAX HUBER REPROTECNICA LTDA.,Providencia,2,GENERAL DEL CANTO 276,71,1,520,PR,71_PR_1,22726,23093,23041,24575,24830,25715,25631,71_PR_1,1,2,23093,520
MAX HUBER REPROTECNICA LTDA.,Santiago,1,MIRAFLORES 109,70,1,180,SA,70_SA_1,22726,23093,23041,24575,24830,25715,25631,70_SA_1,1,1,23093,180
MAX HUBER REPROTECNICA LTDA.,Santiago,1,MIRAFLORES 109,170,2,120,SA,170_SA_2,22726,23093,23041,24575,24830,25715,25631,170_SA_2,2,1,23093,120
MAX HUBER REPROTECNICA LTDA.,Santiago,1,MONEDA 1045,244,3,80,SA,244_SA_3,22726,23093,23041,24575,24830,25715,25631,244_SA_3,3,1,23093,80
MAX HUBER REPROTECNICA LTDA.,Las Condes,3,APOQUINDO 4900-LOCAL 82,169,2,135,LC,169_LC_2,22726,23093,23041,24575,24830,25715,25631,169_LC_2,2,3,23093,135
MINERA LAS CENIZAS S.A.,Providencia,2,CORONEL 2354,171,2,65,PR,171_PR_2,22740,23097,23104,24759,24868,25847,25660,171_PR_2,2,2,23097,65
MINIST DE DEFENSA SUBSEC INVEST,"??""u?'oa",5,AV JOSE PEDRO ALESSANDRI 1800,172,2,60,NU,172_NU_2,22750,23109,23172,24785,24950,25903,25679,172_NU_2,2,5,23109,60
MINISTERIO DEL INTERIOR,Santiago,1,PALACIO DE LA MONEDA OF.110,321,4,240,SA,321_SA_4,22771,23140,23221,24791,25123,26231,25681,321_SA_4,4,1,23140,240
MINISTERIO DEL INTERIOR,Santiago,1,AGUSTINAS  1235  P. 4,383,5,240,SA,383_SA_5,22771,23140,23221,24791,25123,26231,25681,383_SA_5,5,1,23140,240
MINISTERIO DEL INTERIOR,Providencia,2,TORRES BOONEN 511 PISO 1,73,1,120,PR,73_PR_1,22771,23140,23221,24791,25123,26231,25681,73_PR_1,1,2,23140,120
MINISTERIO DEL INTERIOR,Santiago,1,AGUSTINAS 1235 P.8,72,1,195,SA,72_SA_1,22771,23140,23221,24791,25123,26231,25681,72_SA_1,1,1,23140,195
MINISTERIO DEL INTERIOR,Santiago,1,PALACIO DE MONEDA GAB. SR MINISTRO,320,4,120,SA,320_SA_4,22771,23140,23221,24791,25123,26231,25681,320_SA_4,4,1,23140,120
MINISTERIO DEL INTERIOR,Santiago,1,AGUSTINAS 1235 PISO 3 OF.DERECHOS HUMANO,322,4,90,SA,322_SA_4,22771,23140,23221,24791,25123,26231,25681,322_SA_4,4,1,23140,90
MINISTERIO SECRETARIA GRAL. DE GOBIERNO,Santiago,1,TEATINOS 20 OF.47,245,3,160,SA,245_SA_3,22782,23165,23225,24791,25330,26291,25728,245_SA_3,3,1,23165,160
MINISTERIO SECRETARIA GRAL. DE GOBIERNO,Santiago,1,ALAMEDA 886 PISO 2 ALA NORTE,384,5,240,SA,384_SA_5,22782,23165,23225,24791,25330,26291,25728,384_SA_5,5,1,23165,240
MINISTERIO SECRETARIA GRAL. DE GOBIERNO,Santiago,1,PALACIO MONEDA  P 4 DUPLICACION,323,4,120,SA,323_SA_4,22782,23165,23225,24791,25330,26291,25728,323_SA_4,4,1,23165,120
MITSUI TRADING AND SERVICE LTDA.,Las Condes,3,AV ANDRES BELLO 2711 P 11,246,3,100,LC,246_LC_3,22845,23189,23288,24856,25577,26616,25751,246_LC_3,3,3,23189,100
MMRR.EE.DIR.RELAC.ECONOM.INTERNC,Santiago,1,TEATINOS 20 P.9 PRO CHILE OF. 91,247,3,90,SA,247_SA_3,22853,23207,23534,24864,25585,26743,26129,247_SA_3,3,1,23207,90
MONTRONE PLA S.A.,Santiago,1,SANTA R0SA 2055 P 3 RRHH,74,1,60,SA,74_SA_1,22873,23220,23585,24920,25726,26904,26287,74_SA_1,1,1,23220,60
MOP DIRECCION GENERAL,Santiago,1,MORANDE 59 P10  DIR.ARQUITEC.OF.1015,75,1,75,SA,75_SA_1,22877,23231,23842,24994,25817,26935,26332,75_SA_1,1,1,23231,75
MOP DIRECCION GENERAL,Santiago,1,MORANDE 59 P 7 OF. DE PARTES,174,2,360,SA,174_SA_2,22877,23231,23842,24994,25817,26935,26332,174_SA_2,2,1,23231,360
MOP DIRECCION GENERAL,Santiago,1,MORANDE 59 P 10 EDIF.PUBLICA OF.1001,173,2,55,SA,173_SA_2,22877,23231,23842,24994,25817,26935,26332,173_SA_2,2,1,23231,55
MOP DIRECCION GENERAL,Santiago,1,BOMBERO SALAS 1351 P 7,175,2,90,SA,175_SA_2,22877,23231,23842,24994,25817,26935,26332,175_SA_2,2,1,23231,90
MOP DIRECCION GENERAL,Santiago,1,MORANDE 59  P4  (FISCALIA),385,5,60,SA,385_SA_5,22877,23231,23842,24994,25817,26935,26332,385_SA_5,5,1,23231,60
MULTINEGOCIOS S.A.,Santiago,1,AGUSTINAS 785 P.9,248,3,60,SA,248_SA_3,22996,23264,23885,25006,25819,26991,26697,248_SA_3,3,1,23264,60
MUTUAL DE SEGURIDAD C CH. C,Santiago,1,ALAMEDA 4848  HOLL,176,2,90,SA,176_SA_2,23068,23339,23931,25080,25827,27220,26713,176_SA_2,2,1,23339,90
MUTUALIDAD DEL EJERCITO Y AVIACION,Providencia,2,AV. 11 DE SEPTIEMBRE 2336 P.2,177,2,50,PR,177_PR_2,23112,23354,23965,25094,25833,27226,27518,177_PR_2,2,2,23354,50
NCR CHILE LTDA.,Santiago,1,MIRAFLORES 383 P.17,249,3,75,SA,249_SA_3,23134,23355,23985,25234,26019,27509,27580,249_SA_3,3,1,23355,75
NETCO LTDA.,Santiago,1,EJERCITO LIBERTADOR 146 SALA MULTIUSO,76,1,100,SA,76_SA_1,23165,23373,23987,25239,26042,27651,27607,76_SA_1,1,1,23373,100
NOTARIA PATRICIO RABY BENAVENTE,Santiago,1,MONEDA 920 P 2 OF 205,250,3,60,SA,250_SA_3,23185,23388,24065,25241,26285,27790,27892,250_SA_3,3,1,23388,60
NOTARIA PATRICIO RABY BENAVENTE,Santiago,1,MONEDA 920 P 2 OF 205,77,1,120,SA,77_SA_1,23185,23388,24065,25241,26285,27790,27892,77_SA_1,1,1,23388,120
NOVARTIS CHILE S.A.,"??""u?'oa",5,FRANCISCO MENESES 1980,178,2,20,NU,178_NU_2,23209,23445,24129,25280,26344,27886,28032,178_NU_2,2,5,23445,20
OLIMPIA  SCHNEIDER MOENNE-LOCCOZ,Santiago,1,HUERFANOS 1055 LOCAL 328,324,4,130,SA,324_SA_4,23230,23528,24213,25284,26460,27949,28112,324_SA_4,4,1,23528,130
PARIS CORREDORES DE SEGUROS LTDA.,Providencia,2,RICARDO LYON 222 P9 OF 901,325,4,180,PR,325_PR_4,23285,23561,24216,25420,26530,28024,28387,325_PR_4,4,2,23561,180
PATINO SABAG EDUARDO,Santiago,1,COMPA?IA 1390 OF. 909,386,5,90,SA,386_SA_5,23302,23569,24220,25448,26588,28160,28464,386_SA_5,5,1,23569,90
PATRONATO NAC. DE LA INFANCIA,Providencia,2,PEDRO DE VALDIVIA 844,179,2,100,PR,179_PR_2,23332,23679,24248,25569,26663,28253,28558,179_PR_2,2,2,23679,100
PCS-CORP,Providencia,2,"11 DE SEPTIEMBRE 2155 OF. 903, TORRE A",251,3,60,PR,251_PR_3,23341,23699,24366,25644,26930,28439,28562,251_PR_3,3,2,23699,60
PIRELLI NEUMATICOS,Las Condes,3,AV. NVA TAJAMAR 555  OF 302,180,2,60,LC,180_LC_2,23360,23749,24374,25684,26995,28559,28584,180_LC_2,2,3,23749,60
PONTIFICIA UNIVERSIDAD CATOLICA,Santiago,1,LIRA 41 DPTO 5    (130),326,4,1,SA,326_SA_4,23415,23753,24377,25799,27025,28735,28787,326_SA_4,4,1,23753,1
PONTIFICIA UNIVERSIDAD CATOLICA,Santiago,1,EL COMENDADOR 1946 ADM.CAMPUS LO CONTADO,78,1,60,SA,78_SA_1,23415,23753,24377,25799,27025,28735,28787,78_SA_1,1,1,23753,60
PONTIFICIA UNIVERSIDAD CATOLICA,Santiago,1,MARCOLETA 345 P 2 B. SANGRE (320),79,1,100,SA,79_SA_1,23415,23753,24377,25799,27025,28735,28787,79_SA_1,1,1,23753,100
PONTIFICIA UNIVERSIDAD CATOLICA,Las Condes,3,MALL ALTO LAS CONDES LOCAL 1106,181,2,120,LC,181_LC_2,23415,23753,24377,25799,27025,28735,28787,181_LC_2,2,3,23753,120
PONTIFICIA UNIVERSIDAD CATOLICA,Santiago,1,MARCOLETA 352  SALUD PUBLICA P1(670),252,3,55,SA,252_SA_3,23415,23753,24377,25799,27025,28735,28787,252_SA_3,3,1,23753,55
PORTA SYSTEMS CHILE,Santiago,1,LIVINGSTONE 72,387,5,90,SA,387_SA_5,23472,23764,24401,25935,27188,28885,29048,387_SA_5,5,1,23764,90
PRECISION HISPANA,Santiago,1,EJERCITO 521 PISO 2,80,1,90,SA,80_SA_1,23483,23826,24506,25951,27214,29226,29176,80_SA_1,1,1,23826,90
PREFECTURA CARABINEROS SANTIAGO CENTRO,Santiago,1,STO DOMINGO 714 1 COMIS STGO,81,1,60,SA,81_SA_1,23567,23842,24613,26022,27289,29336,29251,81_SA_1,1,1,23842,60
PRESIDENCIA DE LA REPUBLICA,Santiago,1,NUEVA YORK 9 PISO 17,388,5,60,SA,388_SA_5,23567,23880,24700,26123,27565,29456,29350,388_SA_5,5,1,23880,60
PROCESOS INTEGRALES VIVACOOP S.A.,Santiago,1,AHUMADA 341 PISO 6,389,5,90,SA,389_SA_5,23600,23992,24733,26124,27606,29459,29371,389_SA_5,5,1,23992,90
PROCESOS INTEGRALES VIVACOOP S.A.,Santiago,1,AHUMADA 341 PISO 6,253,3,60,SA,253_SA_3,23600,23992,24733,26124,27606,29459,29371,253_SA_3,3,1,23992,60
PROSPECTA S.A.,Vitacura,4,VITACURA 2736 P-18,82,1,30,VI,82_VI_1,23622,24049,24919,26161,27823,30177,29373,82_VI_1,1,4,24049,30
PUBLICITARIA SUTIL Y ASOCIADOS S.A,Las Condes,3,SAN SEBASTIAN 2909 OF 101,390,5,180,LC,390_LC_5,23646,24064,24986,26219,27834,30222,29431,390_LC_5,5,3,24064,180
RED DE TELEVISION CHILEVISION S. A.,Providencia,2,INES MATTE URREJOLA 0825,255,3,150,PR,255_PR_3,23648,24190,25109,26295,27854,30711,29628,255_PR_3,3,2,24190,150
RED DE TELEVISION CHILEVISION S. A.,Providencia,2,INES MATTE URREJOLA 0825,254,3,60,PR,254_PR_3,23648,24190,25109,26295,27854,30711,29628,254_PR_3,3,2,24190,60
RENE WIEGAND KOCH Y CIA LTDA,Providencia,2,PIO NONO 1  PISO 4 FAC.DERECHO,256,3,90,PR,256_PR_3,23666,24321,25272,26391,27933,30826,29965,256_PR_3,3,2,24321,90
ROENSA S.A.,Santiago,1,NATANIEL COX 1481,257,3,5,SA,257_SA_3,23670,24371,25334,26573,28036,30945,30085,257_SA_3,3,1,24371,5
RUIZ RUIZ ANGEL GASPAR,Santiago,1,MIRAFLORES 211,258,3,120,SA,258_SA_3,23762,24383,25422,26679,28080,30947,30205,258_SA_3,3,1,24383,120
RUIZ RUIZ ANGEL GASPAR,Santiago,1,MIRAFLORES 211,83,1,240,SA,83_SA_1,23762,24383,25422,26679,28080,30947,30205,83_SA_1,1,1,24383,240
S.A.C.I. FALABELLA,Santiago,1,ROSAS 1665 P.2 GCIA. ADM. Y FINANZAS,327,4,120,SA,327_SA_4,23781,24403,25616,27000,28709,31188,30332,327_SA_4,4,1,24403,120
SAC  CHILE S.A.,Las Condes,3,SAN SEBASTIAN 2839,84,1,15,LC,84_LC_1,23800,24658,25629,27029,28717,31528,30432,84_LC_1,1,3,24658,15
SALCOBRAND S.A.,Providencia,2,COYANCURA  2283  OF. 1502,85,1,70,PR,85_PR_1,23807,24660,25669,27097,28755,31907,30666,85_PR_1,1,2,24660,70
SALVI HERMANOS LTDA.,Providencia,2,MANUEL MONTT 844,86,1,90,PR,86_PR_1,23820,24677,25687,27140,28777,32010,31048,86_PR_1,1,2,24677,90
SANHUEZA VALLADARES CARLOS,Santiago,1,HUERFANOS 1294 OF 21,259,3,110,SA,259_SA_3,23829,24694,25771,27257,29273,32251,31344,259_SA_3,3,1,24694,110
SANTANDER GESTION DE RECAUD. Y COB. LTDA,Santiago,1,MONEDA 856 PISO 5 OF. 502,260,3,120,SA,260_SA_3,23856,24701,25781,27396,29345,32311,31671,260_SA_3,3,1,24701,120
SEC.REG.M.DE BIENES NAC.P.S.TIT.,Santiago,1,JUAN ANTONIO RIOS 6 P.5 DECRET,261,3,90,SA,261_SA_3,23926,24849,25795,27431,29412,32774,31964,261_SA_3,3,1,24849,90
SEC.REG.MINST.DE TRASP.Y TELECOM,Santiago,1,AMUNATEGUI 139 PISO 9,87,1,60,SA,87_SA_1,23942,24900,25863,28256,29590,32842,32125,87_SA_1,1,1,24900,60
SEC.REG.MINST.DE TRASP.Y TELECOM,Santiago,1,AMUNATEGUI 139 PISO 2 BIBLIOTECA,262,3,120,SA,262_SA_3,23942,24900,25863,28256,29590,32842,32125,262_SA_3,3,1,24900,120
SEGURIDAD Y  TELECOMUNICACIONES S.A.,Las Condes,3,LAS CONDES 7300,88,1,120,LC,88_LC_1,23943,24969,25874,28335,29680,32952,32336,88_LC_1,1,3,24969,120
SEGUROS SECURITY PREVISION GENERALES S.A,Las Condes,3,HENDAYA 60 PISO 6 OF.601,328,4,120,LC,328_LC_4,23958,25087,25878,28366,29714,33001,32388,328_LC_4,4,3,25087,120
SEGUROS SECURITY PREVISION GENERALES S.A,Las Condes,3,HENDAYA 60 P7,329,4,90,LC,329_LC_4,23958,25087,25878,28366,29714,33001,32388,329_LC_4,4,3,25087,90
SEGUROS VIDA SECURITY PREVISION S.A.,Las Condes,3,HENDAYA 60 PISO 7 CASA MATRIZ,182,2,60,LC,182_LC_2,23967,25137,25896,28637,29969,33062,32715,182_LC_2,2,3,25137,60
SEGURY CORP S.A.,"??""u?'oa",5,SUCRE 1828,183,2,20,NU,183_NU_2,23971,25182,26077,28674,30326,33313,33010,183_NU_2,2,5,25182,20
SENADO DE LA REPUBLICA,Santiago,1,SAN MARTIN 32 P.2,263,3,60,SA,263_SA_3,23987,25197,26130,28966,30480,33800,33156,263_SA_3,3,1,25197,60
SENADO DE LA REPUBLICA,Santiago,1,SAN MARTIN 32 P.2,184,2,15,SA,184_SA_2,23987,25197,26130,28966,30480,33800,33156,184_SA_2,2,1,25197,15
SER.DE RG.CIVIL E IDENTIFICACION,Santiago,1,CATEDRAL 1772 PISO 6 PRESUPUESTO,185,2,35,SA,185_SA_2,24015,25262,26177,29097,30874,33833,33675,185_SA_2,2,1,25262,35
SER.DE RG.CIVIL E IDENTIFICACION,Santiago,1,CATEDRAL 1772 P.4,331,4,160,SA,331_SA_4,24015,25262,26177,29097,30874,33833,33675,331_SA_4,4,1,25262,160
SER.DE RG.CIVIL E IDENTIFICACION,Santiago,1,HUERFANOS 1570 P3 DIR REGIONAL,330,4,120,SA,330_SA_4,24015,25262,26177,29097,30874,33833,33675,330_SA_4,4,1,25262,120
SERV. INTEGRALES DE COMERCIO EXTERIOR LT,Santiago,1,MONJITAS 392 P 11 OF 1103,264,3,65,SA,264_SA_3,24016,25283,26214,29409,30894,33893,33858,264_SA_3,3,1,25283,65
SERV.DE CORRESPONDENCIA ENVIA LTDA,Providencia,2,CALLE BARROS ERRAZURIZ 1954 OF.1602,186,2,120,PR,186_PR_2,24114,25301,26342,29440,31014,33958,34986,186_PR_2,2,2,25301,120
SERVICIO DE IMPUESTOS INTERNOS,Santiago,1,TEATINOS 120 SUBTERRANEO,187,2,210,SA,187_SA_2,24130,25319,26412,29453,31215,34528,35183,187_SA_2,2,1,25319,210
SERVICIOS DE ADMIN. PREVISIONALES S.A.,Providencia,2,MARCHANT PEREIRA 10  P.16,89,1,70,PR,89_PR_1,24243,25336,27133,29515,31341,34630,35427,89_PR_1,1,2,25336,70
SERVICIOS DE CONTROL DE CREDITOS S.A.,Santiago,1,MONJITAS 550 P2 OF 7,90,1,90,SA,90_SA_1,24266,25510,27142,29549,31670,35027,35472,90_SA_1,1,1,25510,90
SERVICIOS DE INGENIERIA LTDA.,Las Condes,3,AV VITACURA  2771 OF 1101 B,391,5,75,LC,391_LC_5,24317,25577,27415,30021,31875,35190,36740,391_LC_5,5,3,25577,75
SERVICIOS GENERALES LTDA.,Providencia,2,AV. RICARDO LYON 1177 CENTRAL,393,5,150,PR,393_PR_5,24335,25612,27443,30108,31921,35800,36909,393_PR_5,5,2,25612,150
SERVICIOS GENERALES LTDA.,Providencia,2,LADISLAO ERRAZURIZ 2121,91,1,120,PR,91_PR_1,24335,25612,27443,30108,31921,35800,36909,91_PR_1,1,2,25612,120
SERVICIOS GENERALES LTDA.,Providencia,2,AV. RICARDO LYON 1177 CENTRO D.,392,5,35,PR,392_PR_5,24335,25612,27443,30108,31921,35800,36909,392_PR_5,5,2,25612,35
SERVICIOS GRAFICOS JCV S.A.,Vitacura,4,VITACURA 2653 B,188,2,100,VI,188_VI_2,24469,25623,27559,30213,32014,36035,37279,188_VI_2,2,4,25623,100
SHELL CHILE S.A.C.E.I.,Providencia,2,CARLOS ANTUNEZ 2490,332,4,120,PR,332_PR_4,24519,25669,27578,30275,32044,36156,38140,332_PR_4,4,2,25669,120
SIEMENS S.A.,Providencia,2,AV HOLANDA 64,265,3,100,PR,265_PR_3,24602,25711,27686,30346,32440,36706,38198,265_PR_3,3,2,25711,100
SOC FORESTAL LOS ESTEROS LTDA,Santiago,1,COMPANIA 1068  OF 607,92,1,60,SA,92_SA_1,24650,25797,27698,30487,32704,36771,38411,92_SA_1,1,1,25797,60
SOC.AGRIC.ABOUGHAZALEH HNOS.LTDA.,Vitacura,4,AV LUIS  PASTEUR  5842  OF. 400,333,4,90,VI,333_VI_4,24668,25811,27787,30663,32785,37752,38683,333_VI_4,4,4,25811,90
SOC.INMOBILIARIA SAN CRISTOBAL,Providencia,2,AV.STA. MARIA 1742 INGENIERIA,394,5,75,PR,394_PR_5,24689,25822,27825,31015,33108,37778,38853,394_PR_5,5,2,25822,75
SOCIEDAD CONSTRUCTORA ELECTRICA LTDA.,Santiago,1,HUERFANOS  1178 OF 509,93,1,90,SA,93_SA_1,24899,25895,27895,31316,33186,38275,39046,93_SA_1,1,1,25895,90
SODEXHO CHILE S.A.,"??""u?'oa",5,WILLIAMS REBOLLEDO 1799  P.2.EDIF NUEVO,94,1,160,NU,94_NU_1,24913,25929,27913,31497,34385,38324,40576,94_NU_1,1,5,25929,160
SONDA S.A.,Santiago,1,TEATINOS 500 P.8,95,1,140,SA,95_SA_1,24965,25946,27934,31512,34529,38498,40691,95_SA_1,1,1,25946,140
SOUTH EXPRESS CARGO S.A.,Santiago,1,SOTERO DEL RIO 508 OF 1027,334,4,30,SA,334_SA_4,24995,26127,27955,31638,35038,39119,41559,334_SA_4,4,1,26127,30
STECK Y CIA. LTDA.,Vitacura,4,BUENAVENTURA 1770 L.6,96,1,50,VI,96_VI_1,25040,26372,28417,31830,35104,39553,42180,96_VI_1,1,4,26372,50
STUEDEMANN S.A.,Providencia,2,CONDELL 303 STUDIO PRINT,98,1,10,PR,98_PR_1,25129,26611,28740,32049,35210,39560,42374,98_PR_1,1,2,26611,10
STUEDEMANN S.A.,Providencia,2,CONDELL 303 STUDIOPRINT,97,1,20,PR,97_PR_1,25129,26611,28740,32049,35210,39560,42374,97_PR_1,1,2,26611,20
SUP.DE ADMNST.FDOS.DE PENSIONES,Santiago,1,HUERFANOS 1273 P.14,335,4,30,SA,335_SA_4,25190,26757,29436,32435,35429,40161,42443,335_SA_4,4,1,26757,30
SUPERINT DE INSTIT DE SALUD PREVISIONAL,Santiago,1,MAC IVER 225 P 3,266,3,80,SA,266_SA_3,25272,26880,29886,32593,36344,40330,42543,266_SA_3,3,1,26880,80
SUPERINTENDENCIA DE ELECTRICIDAD Y COMBU,Santiago,1,AMUNATEGUI 58 P.5,99,1,75,SA,99_SA_1,25290,26939,30146,32884,36377,40958,43313,99_SA_1,1,1,26939,75
SUPERMERCADO VESPUCIO SUR LTDA.,"??""u?'oa",5,A.VESPUCIO SUR 881 OF. DE COMPRAS,267,3,50,NU,267_NU_3,25304,26940,30270,33016,36434,40979,43894,267_NU_3,3,5,26940,50
SUPERMERCADOS UNIMARC S.A.,Vitacura,4,AV SANTA MARIA 6940 LIBRERIA,336,4,240,VI,336_VI_4,25412,26947,30298,34079,36570,41067,44797,336_VI_4,4,4,26947,240
TECNA-VAL,Providencia,2,BARROS BORGONO 255,337,4,1,PR,337_PR_4,25559,27121,30651,34411,37080,41606,46605,337_PR_4,4,2,27121,1
TRANSBANK S.A.,Santiago,1,HUERFANOS 770 P8,395,5,90,SA,395_SA_5,25619,27234,31155,34539,37329,41940,47380,395_SA_5,5,1,27234,90
TRANSBANK S.A.,Santiago,1,HUERFANOS 770 P 11 GCIA.GRAL.,338,4,60,SA,338_SA_4,25619,27234,31155,34539,37329,41940,47380,338_SA_4,4,1,27234,60
TUR BUS LTDA.,Santiago,1,RUIZ TAGLE 220 P.1 AT CLIENTES,396,5,60,SA,396_SA_5,25701,28131,31249,36143,37400,41999,47841,396_SA_5,5,1,28131,60
TUR BUS LTDA.,Santiago,1,DOLORES 800  OPERACIONES P.2,397,5,10,SA,397_SA_5,25701,28131,31249,36143,37400,41999,47841,397_SA_5,5,1,28131,10
UNIVERSIDAD CENTRAL,Santiago,1,TOESCA 1783 METRO TOESCA P 1,268,3,90,SA,268_SA_3,25789,28244,31829,36431,37454,42717,50003,268_SA_3,3,1,28244,90
UNIVERSIDAD DE CHILE,"??""u?'oa",5,IGNACIO CARRERA PINTO 1045 CENTRAL APUNT,398,5,150,NU,398_NU_5,25864,28555,31851,36889,37830,43035,50875,398_NU_5,5,5,28555,150
UNIVERSIDAD DE CHILE,Santiago,1,PLAZA ERCILLA 883 OF.PARTES,340,4,60,SA,340_SA_4,25864,28555,31851,36889,37830,43035,50875,340_SA_4,4,1,28555,60
UNIVERSIDAD DE CHILE,Santiago,1,DIAGONAL PARAGUAY 257-PISO 1,339,4,140,SA,339_SA_4,25864,28555,31851,36889,37830,43035,50875,339_SA_4,4,1,28555,140
UNIVERSIDAD DE CHILE,Providencia,2,PIO NONO NRO.1,189,2,80,PR,189_PR_2,25864,28555,31851,36889,37830,43035,50875,189_PR_2,2,2,28555,80
UNIVERSIDAD DE LA REPUBLICA,Santiago,1,AGUSTINAS 1831 -CENTRAL DE APUNTES,399,5,60,SA,399_SA_5,26151,28643,32058,38122,42244,43067,50965,399_SA_5,5,1,28643,60
UNIVERSIDAD DE LA REPUBLICA,Santiago,1,AGUSTINAS 1831,190,2,30,SA,190_SA_2,26151,28643,32058,38122,42244,43067,50965,190_SA_2,2,1,28643,30
UNIVERSIDAD FINIS TERRAE,Providencia,2,AV. PEDRO DE VALDIVIA 1543,100,1,60,PR,100_PR_1,26407,29409,32734,38525,44019,43559,56559,100_PR_1,1,2,29409,60
UNIVERSIDAD TECNICA METROPOLITANA,Santiago,1,VIDAURRE 1550 P/4 COMPUTACION,269,3,40,SA,269_SA_3,26480,29725,33049,40324,45515,45685,63666,269_SA_3,3,1,29725,40
VM.ICA SISTEMAS Y TECNOLOGIA LTDA.,Providencia,2,FIDEL OTEIZA 1916 OF.1001,400,5,45,PR,400_PR_5,27769,31645,34367,43059,46044,47577,68065,400_PR_5,5,2,31645,45
WARNER MUSIC CHILE S.A.,Providencia,2,AV. POCURO 2262,270,3,75,PR,270_PR_3,29523,34225,35702,43192,51584,52383,68231,270_PR_3,3,2,34225,75
