razonSocial,nomComuna,place,direccion,idCust,weekday,serviceTime,COD,Name,penalty,c,p,damage,penalty,#cliente,day,place,penalty,service
A.F.P. PROVIDA S.A.,Providencia,2,P. DE VALDIVIA 100 PISO 5,191,3,60,PR,191_PR_3,28800,3,0.461336187,0.099565854,2151,191_PR_3,3,2,2151,60
A.F.P. PROVIDA S.A.,Providencia,2,PEDRO DE VALDIVIA 100  PISO 3,101,2,60,PR,101_PR_2,28800,3,0.461336187,0.099565854,2151,101_PR_2,2,2,2151,60
A.F.P. SANTA MARIA S.A.,Providencia,2,SUECIA  211  P. 13,1,1,90,PR,1_PR_1,28800,4,0.400682868,0.018582861,401,1_PR_1,1,2,401,90
A.F.P. SUMMA-BANSANDER S.A.,Santiago,1,AGUSTINAS 540 PISO 3,341,5,70,SA,341_SA_5,28800,2,0.283890802,0.097021449,2096,341_SA_5,5,1,2096,70
ABASTIBLE SA,Santiago,1,VICU—A MACKENNA 55 OF.303,102,2,120,SA,102_SA_2,28800,3,0.505080151,0.158476899,3423,102_SA_2,2,1,3423,120
ACTION LINE CHILE S.A.,Santiago,1,MAC IVER 440 PISO 6,2,1,90,SA,2_SA_1,28800,1,0.354840837,inf,50000,2_SA_1,1,1,50000,90
ADMINISTRADORA CMR FALABELLA LTDA,Santiago,1,STA ELENA 1422,103,2,120,SA,103_SA_2,28800,4,0.732827739,2.47983989,53565,103_SA_2,2,1,53565,120
AES GENER S.A.,Las Condes,3,SANCHEZ FONTECILLA 310 P 3,104,2,120,LC,104_LC_2,28800,3,0.277592845,0.015519108,335,104_LC_2,2,3,335,120
AG. DE ADUANA R. FUENZALIDA Y CIA. LTDA.,Providencia,2,LA CONCEPCION 322 PISO 5 OF.504,271,4,60,PR,271_PR_4,28800,3,0.62592342,1.122545928,24247,271_PR_4,4,2,24247,60
AHK BUSINESS CENTER,Las Condes,3,BOSQUE NORTE 0440 OF.601 (1-2-5),105,2,200,LC,105_LC_2,28800,1,0.473447882,inf,50000,105_LC_2,2,3,50000,200
ALGAS MARINAS S.A. ALGAMAR,Providencia,2,FIDEL OTEIZA 1956  P 14,342,5,60,PR,342_PR_5,28800,4,0.444259311,0.028598906,618,342_PR_5,5,2,618,60
ALIMENTOS MARINOS S.A.,Providencia,2,MAR DEL PLATA 2111,192,3,130,PR,192_PR_3,28800,4,0.617231923,0.174862437,3777,192_PR_3,3,2,3777,130
ALIMENTOS MULTIEXPORT S.A.,Las Condes,3,ISIDORA GOYENECHEA  3621  P 17 TORRE B,193,3,70,LC,193_LC_3,28800,3,0.448009048,0.087036649,1880,193_LC_3,3,3,1880,70
ALMACENES PARIS COMERCIAL S.A.,Las Condes,3,AV KENNEDY 5225 P 4 PQUE ARAUC,272,4,130,LC,272_LC_4,28800,1,0.397022443,inf,50000,272_LC_4,4,3,50000,130
AMCHAM CHILE,Las Condes,3,AV. KENNEDY 5735 OF.201 TORRE PONIENTE,273,4,90,LC,273_LC_4,28800,4,0.582694999,0.115902802,2504,273_LC_4,4,3,2504,90
ARAUCO SALUD S.A.,Las Condes,3,KENNEDY 5757 TORRE ORIENTE OF-702,343,5,45,LC,343_LC_5,28800,2,0.579541231,inf,50000,343_LC_5,5,3,50000,45
ARAWAK S.A. SERVICIOS PERSONALES,Santiago,1,PORVENIR 464,274,4,60,SA,274_SA_4,28800,3,0.673729443,inf,50000,274_SA_4,4,1,50000,60
ARTEL S.A.I.C.,Santiago,1,MATIAS COUSI—O 54 PISO 2,3,1,75,SA,3_SA_1,28800,3,0.742326608,inf,50000,3_SA_1,1,1,50000,75
ASEA BROWN BOVERI S.A.,—uÒoa,5,VICU—A MACKENNA 1602 RECEPCION.,106,2,75,NU,106_NU_2,28800,3,0.74952347,inf,50000,106_NU_2,2,5,50000,75
ASESORES EN VIAJE S.A.,Providencia,2,Las Bellotas # 225,107,2,30,PR,107_PR_2,28800,1,0.738595191,inf,50000,107_PR_2,2,2,50000,30
ASOC.FUNC.MUNICIP.DE LAS CONDES,Las Condes,3,APOQUINDO 3076 SUBTERRANEO,344,5,120,LC,344_LC_5,28800,1,0.642650271,inf,50000,344_LC_5,5,3,50000,120
ASOC.FUNC.MUNICIP.DE LAS CONDES,Las Condes,3,AV. APOQUINDO 3076 INTERIOR  SUBTE,108,2,10,LC,108_LC_2,28800,1,0.642650271,inf,50000,108_LC_2,2,3,50000,10
ASOCIADOS UNDURRAGA IMPRESORES LTDA.,Santiago,1,ANDES 3561,345,5,150,SA,345_SA_5,28800,3,0.250951083,0.011364244,245,345_SA_5,5,1,245,150
AUTOMOVIL CLUB DE CHILE,Providencia,2,ANDRES BELLO 1863 PISO 2,194,3,20,PR,194_PR_3,28800,1,0.51279091,inf,50000,194_PR_3,3,2,50000,20
BAEZA Y COMPA—IA LTDA.,Las Condes,3,APOQUINDO 3001 PISO 12 OFIC. 1203,4,1,120,LC,4_LC_1,28800,3,0.460501521,0.098723638,2132,4_LC_1,1,3,2132,120
BANCO CONOSUR,Santiago,1,ALAMEDA 1980 P.4,195,3,150,SA,195_SA_3,28800,2,0.319702014,0.144434212,3120,195_SA_3,3,1,3120,150
BANCO DE CHILE,Santiago,1,AGUSTINAS 733 PISO 1 BCA.ORIVADA,5,1,90,SA,5_SA_1,28800,2,0.705070531,inf,50000,5_SA_1,1,1,50000,90
BANCO DE CHILE,Santiago,1,"AGUSTINAS 951, P. 5 SALA PROC.",197,3,120,SA,197_SA_3,28800,2,0.705070531,inf,50000,197_SA_3,3,1,50000,120
BANCO DE CHILE,Las Condes,3,LAS CONDES 10247 OF ESTORIL EDUARD,346,5,70,LC,346_LC_5,28800,2,0.705070531,inf,50000,346_LC_5,5,3,50000,70
BANCO DE CHILE,Santiago,1,HUERFANOS 980 P.2 COMERCIO EXTERIOR-3,199,3,80,SA,199_SA_3,28800,2,0.705070531,inf,50000,199_SA_3,3,1,50000,80
BANCO DE CHILE,Providencia,2,PROVIDENCIA 2178 ( STA. ISABEL ),196,3,45,PR,196_PR_3,28800,2,0.705070531,inf,50000,196_PR_3,3,2,50000,45
BANCO DE CHILE,Santiago,1,ESTADO 387 P.2,198,3,60,SA,198_SA_3,28800,2,0.705070531,inf,50000,198_SA_3,3,1,50000,60
BANCO DE CREDITO E INVERSIONES,Santiago,1,BANDERA 236 19-A PISO 3 CC.12282,6,1,30,SA,6_SA_1,28800,2,0.370351424,0.264141556,5705,6_SA_1,1,1,5705,30
BANCO DE CREDITO E INVERSIONES,Santiago,1,SAN DIEGO 2043,200,3,60,SA,200_SA_3,28800,2,0.370351424,0.264141556,5705,200_SA_3,3,1,5705,60
BANCO DE CREDITO E INVERSIONES,Las Condes,3,APOQUINDO 5710,201,3,270,LC,201_LC_3,28800,2,0.370351424,0.264141556,5705,201_LC_3,3,3,5705,270
BANCO DEL DESARROLLO,Santiago,1,ALAMEDA 929 P5,347,5,20,SA,347_SA_5,28800,1,0.725216168,inf,50000,347_SA_5,5,1,50000,20
BANCO DEL ESTADO DE CHILE,Santiago,1,ALAMEDA 1111 P 8 SUBGCIA REGULARIZ.CRED.,7,1,290,SA,7_SA_1,28800,1,0.264045935,inf,50000,7_SA_1,1,1,50000,290
BANCO DEL ESTADO DE CHILE,Santiago,1,ALAMEDA 1111 P.3 COMERCIO EXT,202,3,180,SA,202_SA_3,28800,1,0.264045935,inf,50000,202_SA_3,3,1,50000,180
BANCO DEL ESTADO DE CHILE,Santiago,1,HUERFANOS 1202 P.3 OF.310,8,1,60,SA,8_SA_1,28800,1,0.264045935,inf,50000,8_SA_1,1,1,50000,60
BANCO DEL ESTADO DE CHILE,Santiago,1,MORANDE 25 PISO 3,110,2,120,SA,110_SA_2,28800,1,0.264045935,inf,50000,110_SA_2,2,1,50000,120
BANCO DEL ESTADO DE CHILE,Santiago,1,ALAMEDA 1111 P.6 GCIA. GRAL.FINANZAS,111,2,120,SA,111_SA_2,28800,1,0.264045935,inf,50000,111_SA_2,2,1,50000,120
BANCO DEL ESTADO DE CHILE,Santiago,1,NUEVA YORK 33 P 17,112,2,60,SA,112_SA_2,28800,1,0.264045935,inf,50000,112_SA_2,2,1,50000,60
BANCO DEL ESTADO DE CHILE,Santiago,1,BANDERA 861   1P,109,2,110,SA,109_SA_2,28800,1,0.264045935,inf,50000,109_SA_2,2,1,50000,110
BANCO DEL ESTADO DE CHILE,Santiago,1,ALAMEDA 1111 P 3 COMERCIO EXTE,114,2,60,SA,114_SA_2,28800,1,0.264045935,inf,50000,114_SA_2,2,1,50000,60
BANCO DEL ESTADO DE CHILE,Santiago,1,MORANDE 25 FISCALIA P.5 OF 503,113,2,60,SA,113_SA_2,28800,1,0.264045935,inf,50000,113_SA_2,2,1,50000,60
BANCO DEL ESTADO DE CHILE,Santiago,1,ALAMEDA 1111 P.2 MODULO 6,203,3,45,SA,203_SA_3,28800,1,0.264045935,inf,50000,203_SA_3,3,1,50000,45
BANCO IND.Y DE COMERCIO EXTERIOR,Providencia,2,ISIDORA GOYENECHEA 3132 P 1,115,2,90,PR,115_PR_2,28800,2,0.662057768,inf,50000,115_PR_2,2,2,50000,90
BANCO INTERNACIONAL,Santiago,1,MONEDA 818 P.4 CENTRO COPIADO,348,5,60,SA,348_SA_5,28800,2,0.374488191,0.278652192,6019,348_SA_5,5,1,6019,60
BANCO INTERNACIONAL,Santiago,1,MONEDA 818 PISO 2 GCIA GRAL.,349,5,15,SA,349_SA_5,28800,2,0.374488191,0.278652192,6019,349_SA_5,5,1,6019,15
BANCO SANTANDER CHILE,Santiago,1,MONEDA 975  PISO 5,9,1,360,SA,9_SA_1,28800,3,0.340590621,0.030251682,653,9_SA_1,1,1,653,360
BANCO SANTANDER CHILE,Santiago,1,AGUSTINAS 920 P.4,10,1,60,SA,10_SA_1,28800,3,0.340590621,0.030251682,653,10_SA_1,1,1,653,60
BANCO SANTANDER CHILE,Santiago,1,MATIAS COUSI?O 199 P-9,13,1,60,SA,13_SA_1,28800,3,0.340590621,0.030251682,653,13_SA_1,1,1,653,60
BANCO SANTANDER CHILE,Santiago,1,BANDERA 140 P.2,14,1,90,SA,14_SA_1,28800,3,0.340590621,0.030251682,653,14_SA_1,1,1,653,90
BANCO SANTANDER CHILE,Santiago,1,MONEDA 971 PISO 1 DPTO SOLUCIONES,350,5,180,SA,350_SA_5,28800,3,0.340590621,0.030251682,653,350_SA_5,5,1,653,180
BANCO SANTANDER CHILE,Santiago,1,AGUSTINAS 1389 P.2,12,1,75,SA,12_SA_1,28800,3,0.340590621,0.030251682,653,12_SA_1,1,1,653,75
BANCO SANTANDER CHILE,Santiago,1,IRENE MORALES 10 PLAZA ITALIA,204,3,80,SA,204_SA_3,28800,3,0.340590621,0.030251682,653,204_SA_3,3,1,653,80
BANCO SANTANDER CHILE,Santiago,1,BANDERA 206 P 8,205,3,60,SA,205_SA_3,28800,3,0.340590621,0.030251682,653,205_SA_3,3,1,653,60
BANCO SANTANDER CHILE,Providencia,2,AV FCO BILBAO 2082 SUBT,352,5,70,PR,352_PR_5,28800,3,0.340590621,0.030251682,653,352_PR_5,5,2,653,70
BANCO SANTANDER CHILE,Santiago,1,AHUMADA 170  1ER SUBTE.,11,1,120,SA,11_SA_1,28800,3,0.340590621,0.030251682,653,11_SA_1,1,1,653,120
BANCO SANTANDER CHILE,Santiago,1,HUERFANOS 1157,275,4,90,SA,275_SA_4,28800,3,0.340590621,0.030251682,653,275_SA_4,4,1,653,90
BANCO SANTANDER CHILE,Santiago,1,HUERFANOS 1269,276,4,60,SA,276_SA_4,28800,3,0.340590621,0.030251682,653,276_SA_4,4,1,653,60
BANCO SANTANDER CHILE,Santiago,1,CURICO 38 PISO 2.,277,4,120,SA,277_SA_4,28800,3,0.340590621,0.030251682,653,277_SA_4,4,1,653,120
BANCO SANTANDER CHILE,Santiago,1,HUERFANOS 1081,120,2,55,SA,120_SA_2,28800,3,0.340590621,0.030251682,653,120_SA_2,2,1,653,55
BANCO SANTANDER CHILE,Santiago,1,MONEDA 975 P5,279,4,300,SA,279_SA_4,28800,3,0.340590621,0.030251682,653,279_SA_4,4,1,653,300
BANCO SANTANDER CHILE,—uÒoa,5,IRARRAZAVAL 2709 PISO1 INTERIO,280,4,60,NU,280_NU_4,28800,3,0.340590621,0.030251682,653,280_NU_4,4,5,653,60
BANCO SANTANDER CHILE,Santiago,1,AHUMADA 52 SUBTERRANEO,119,2,60,SA,119_SA_2,28800,3,0.340590621,0.030251682,653,119_SA_2,2,1,653,60
BANCO SANTANDER CHILE,Santiago,1,AGUSTINAS 920 P.2,124,2,30,SA,124_SA_2,28800,3,0.340590621,0.030251682,653,124_SA_2,2,1,653,30
BANCO SANTANDER CHILE,Las Condes,3,EL RODEO 12850 LOCAL 33,121,2,45,LC,121_LC_2,28800,3,0.340590621,0.030251682,653,121_LC_2,2,3,653,45
BANCO SANTANDER CHILE,Santiago,1,AHUMADA 170 PISO 3,122,2,50,SA,122_SA_2,28800,3,0.340590621,0.030251682,653,122_SA_2,2,1,653,50
BANCO SANTANDER CHILE,Santiago,1,BANDERA 172 (12) PISO 5,351,5,60,SA,351_SA_5,28800,3,0.340590621,0.030251682,653,351_SA_5,5,1,653,60
BANCO SANTANDER CHILE,Santiago,1,ALAMEDA 1449 P.6,118,2,120,SA,118_SA_2,28800,3,0.340590621,0.030251682,653,118_SA_2,2,1,653,120
BANCO SANTANDER CHILE,Providencia,2,AV. PROVIDENCIA 2051,278,4,150,PR,278_PR_4,28800,3,0.340590621,0.030251682,653,278_PR_4,4,2,653,150
BANCO SANTANDER CHILE,Santiago,1,AGUSTINAS 1025 P 4,116,2,60,SA,116_SA_2,28800,3,0.340590621,0.030251682,653,116_SA_2,2,1,653,60
BANCO SANTANDER CHILE,Santiago,1,Agustinas 1025 piso 5 Crillon,117,2,140,SA,117_SA_2,28800,3,0.340590621,0.030251682,653,117_SA_2,2,1,653,140
BANCO SANTANDER CHILE,Santiago,1,BANDERA 140 P 18 ADMISION DE R,123,2,50,SA,123_SA_2,28800,3,0.340590621,0.030251682,653,123_SA_2,2,1,653,50
BANCOESTADO CORREDORES DE SEGUROS LTDA.,Santiago,1,MONEDA 1140 PISO 2,15,1,240,SA,15_SA_1,28800,2,0.620501964,inf,50000,15_SA_1,1,1,50000,240
"BANKBOSTON, N.A.",Santiago,1,NVA.YORK 33 ..SUCURSAL,125,2,60,SA,125_SA_2,28800,1,0.668913234,inf,50000,125_SA_2,2,1,50000,60
"BANKBOSTON, N.A.",Providencia,2,ENRIQUE FOSTER SUR 20..P-6,281,4,70,PR,281_PR_4,28800,1,0.668913234,inf,50000,281_PR_4,4,2,50000,70
BAYERISCHE HAUSBAN INMOBILIARIA LTDA.,Las Condes,3,AV APOQUINDO 3721 PISO 21,282,4,90,LC,282_LC_4,28800,3,0.63255089,1.383366803,29881,282_LC_4,4,3,29881,90
BELLSOUTH INVERSIONES S.A.,Providencia,2,MANUEL MONTT 1404 PISO 3.,127,2,80,PR,127_PR_2,28800,4,0.741719477,5.402909952,116703,127_PR_2,2,2,116703,80
BELLSOUTH INVERSIONES S.A.,Providencia,2,MANUEL MONTT 1404 PISO 4,206,3,35,PR,206_PR_3,28800,4,0.741719477,5.402909952,116703,206_PR_3,3,2,116703,35
BELLSOUTH INVERSIONES S.A.,Providencia,2,MANUEL MONTT 1404 PISO 4,126,2,180,PR,126_PR_2,28800,4,0.741719477,5.402909952,116703,126_PR_2,2,2,116703,180
BESTPHARMA S.A,Santiago,1,ERASMO ESCALA 1875 PISO 2,353,5,5,SA,353_SA_5,28800,4,0.314454801,0.007308992,158,353_SA_5,5,1,158,5
BIOMET CHILE S.A.,Providencia,2,POCURO 2255,354,5,30,PR,354_PR_5,28800,3,0.690208232,inf,50000,354_PR_5,5,2,50000,30
BOLSA DE C.DE STGO.BOLSA DE VAL.,Santiago,1,LA BOLSA 64 P.1,16,1,110,SA,16_SA_1,28800,4,0.392026354,0.017021477,368,16_SA_1,1,1,368,110
BOLSA DE C.DE STGO.BOLSA DE VAL.,Santiago,1,LA BOLSA 64 P.3 OF.227 SERVICIOS,207,3,50,SA,207_SA_3,28800,4,0.392026354,0.017021477,368,207_SA_3,3,1,368,50
C.M.P.C. PAPELES S.A.,Santiago,1,AGUSTINAS 1357 ENTREPISO,128,2,120,SA,128_SA_2,28800,4,0.323933417,0.008165235,176,128_SA_2,2,1,176,120
CADE IDP.SERV.DE INGENIERIA LTDA,—uÒoa,5,VILLASECA 21 PISO 8,17,1,180,NU,17_NU_1,28800,4,0.502936851,0.050655137,1094,17_NU_1,1,5,1094,180
CADE IDP.SERV.DE INGENIERIA LTDA,—uÒoa,5,JOSE DOMINGO CA—AS 2640,129,2,120,NU,129_NU_2,28800,4,0.502936851,0.050655137,1094,129_NU_2,2,5,1094,120
CAJA DE C.A.F.GABRIELA MISTRAL,Santiago,1,AV. VICU—A MACKENNA 165 UNIDAD SUBSIDIOS,283,4,180,SA,283_SA_4,28800,4,0.566643017,0.097131571,2098,283_SA_4,4,1,2098,180
CAJA DE COMPENSAC.DE LOS ANDES,Las Condes,3,ROSARIO SUR 85,355,5,150,LC,355_LC_5,28800,2,0.254728304,0.070283485,1518,355_LC_5,5,3,1518,150
CAJA DE COMPENSAC.DE LOS ANDES,Santiago,1,HUERFANOS 1133 PISO 2,130,2,90,SA,130_SA_2,28800,2,0.254728304,0.070283485,1518,130_SA_2,2,1,1518,90
CAMARA DE COMERCIO DE SANTIAGO,Santiago,1,MONJITAS 392 PISO 3,356,5,150,SA,356_SA_5,28800,4,0.378932791,0.014877318,321,356_SA_5,5,1,321,150
CAMPVS MATER S.A.,Providencia,2,AV. PROVIDENCIA 1760 P.14,131,2,215,PR,131_PR_2,28800,1,0.524011284,inf,50000,131_PR_2,2,2,50000,215
CARABINEROS DE CHILE,Santiago,1,AMUNATEGUI  519 SUB DIR.TRANSITO P9,18,1,90,SA,18_SA_1,28800,4,0.518460659,0.059068683,1276,18_SA_1,1,1,1276,90
CARABINEROS DE CHILE,Santiago,1,ALAMEDA 1196 P 6 DPTO 2,208,3,90,SA,208_SA_3,28800,4,0.518460659,0.059068683,1276,208_SA_3,3,1,1276,90
CARABINEROS DE CHILE,Santiago,1,AMUNATEGUI 519 P 11,209,3,45,SA,209_SA_3,28800,4,0.518460659,0.059068683,1276,209_SA_3,3,1,1276,45
CARABINEROS DE CHILE,Santiago,1,AV BERNARDO OHIGGINS 1196 P 10 ADM CAJA,132,2,20,SA,132_SA_2,28800,4,0.518460659,0.059068683,1276,132_SA_2,2,1,1276,20
CASA DE ESTUDIOS P.DE VALDIVIA,Santiago,1,AGUSTINAS 1943 PISO 1,19,1,180,SA,19_SA_1,28800,3,0.654650003,4.363466747,94251,19_SA_1,1,1,94251,180
CASA DE ESTUDIOS P.DE VALDIVIA,Santiago,1,AGUSTINAS 1943 PISO 1,210,3,180,SA,210_SA_3,28800,3,0.654650003,4.363466747,94251,210_SA_3,3,1,94251,180
CASA DE ESTUDIOS P.DE VALDIVIA,Santiago,1,AGUSTINAS 1943,284,4,240,SA,284_SA_4,28800,3,0.654650003,4.363466747,94251,284_SA_4,4,1,94251,240
CHILECTRA S.A.,Santiago,1,SANTA ROSA 76 PISO 4,134,2,60,SA,134_SA_2,28800,1,0.264634215,inf,50000,134_SA_2,2,1,50000,60
CHILECTRA S.A.,Santiago,1,VICTORIA 612 PISO 2,133,2,90,SA,133_SA_2,28800,1,0.264634215,inf,50000,133_SA_2,2,1,50000,90
CHILECTRA S.A.,Santiago,1,VICTORIA 612 PISO 2,357,5,60,SA,357_SA_5,28800,1,0.264634215,inf,50000,357_SA_5,5,1,50000,60
CIA. AMERICANA DE MULTISERVICIOS LTDA.,Santiago,1,TARAPACA 934 PISO 2,285,4,60,SA,285_SA_4,28800,1,0.626974542,inf,50000,285_SA_4,4,1,50000,60
CIA. CERVECERIAS UNIDAS S.A.,Santiago,1,BANDERA 84 P9,135,2,60,SA,135_SA_2,28800,3,0.742357235,inf,50000,135_SA_2,2,1,50000,60
CIA. CERVECERIAS UNIDAS S.A.,Santiago,1,BANDERA 84 PISO 8  DEPTO.TESORERIA,20,1,60,SA,20_SA_1,28800,3,0.742357235,inf,50000,20_SA_1,1,1,50000,60
CIA. CHILENA DE PERFORACIONES LTDA.,Las Condes,3,BENJAMIN 2935  PISO 8  OF.802,136,2,30,LC,136_LC_2,28800,3,0.28302334,0.016493311,356,136_LC_2,2,3,356,30
CIA. MINERA DISPUTADA LAS CONDES LTDA.,Providencia,2,PEDRO DE VALDIVIA 291 PISO 13,286,4,60,PR,286_PR_4,28800,2,0.625956574,inf,50000,286_PR_4,4,2,50000,60
CIA. MINERA DISPUTADA LAS CONDES LTDA.,Las Condes,3,LOS BRONCES PROYECTO SAN FRANC,360,5,10,LC,360_LC_5,28800,2,0.625956574,inf,50000,360_LC_5,5,3,50000,10
CIA. MINERA DISPUTADA LAS CONDES LTDA.,Providencia,2,P.DE VALDIVIA 291 PISO 1,358,5,70,PR,358_PR_5,28800,2,0.625956574,inf,50000,358_PR_5,5,2,50000,70
CIA. MINERA DISPUTADA LAS CONDES LTDA.,Providencia,2,"AV. PEDRO DE VALDIVIA 291, 1 SUBTERRANEO",137,2,150,PR,137_PR_2,28800,2,0.625956574,inf,50000,137_PR_2,2,2,50000,150
CIA. MINERA DISPUTADA LAS CONDES LTDA.,Las Condes,3,"LOS BRONCES,GERENCIA PLANTAS,S",359,5,10,LC,359_LC_5,28800,2,0.625956574,inf,50000,359_LC_5,5,3,50000,10
CIA. MINERA DISPUTADA LAS CONDES LTDA.,Santiago,1,PEDRO DE VALDIVIA 291 1 SUB,361,5,10,SA,361_SA_5,28800,2,0.625956574,inf,50000,361_SA_5,5,1,50000,10
CIA.ELECTROMETALURGICA S.A.,—uÒoa,5,AV. V.MACKENNA 1570 GCIA.. GEN,21,1,90,NU,21_NU_1,28800,3,0.621662345,0.995985141,21513,21_NU_1,1,5,21513,90
CIA.ELECTROMETALURGICA S.A.,—uÒoa,5,AVDA VICU?A MACKENNA 1570 G COMERCIAL,211,3,40,NU,211_NU_3,28800,3,0.621662345,0.995985141,21513,211_NU_3,3,5,21513,40
CIENTOCHENTA GRADOS S.A.,Providencia,2,NVA.LOS LEONES 07 PISO 10,362,5,240,PR,362_PR_5,28800,1,0.258517924,inf,50000,362_PR_5,5,2,50000,240
CITIBANK N.A.,Providencia,2,AV PROVIDENCIA 655,22,1,60,PR,22_PR_1,28800,1,0.398372895,inf,50000,22_PR_1,1,2,50000,60
CITIBANK N.A.,Las Condes,3,AV EL  BOSQUE  0500  P. 3,213,3,90,LC,213_LC_3,28800,1,0.398372895,inf,50000,213_LC_3,3,3,50000,90
CITIBANK N.A.,Providencia,2,PROVIDENCIA 2653  P 2,139,2,60,PR,139_PR_2,28800,1,0.398372895,inf,50000,139_PR_2,2,2,50000,60
CITIBANK N.A.,Santiago,1,HUERFANOS 770,140,2,50,SA,140_SA_2,28800,1,0.398372895,inf,50000,140_SA_2,2,1,50000,50
CITIBANK N.A.,Santiago,1,TEATINOS 180 P1,288,4,60,SA,288_SA_4,28800,1,0.398372895,inf,50000,288_SA_4,4,1,50000,60
CITIBANK N.A.,Providencia,2,ORREGOLUCO 58,287,4,90,PR,287_PR_4,28800,1,0.398372895,inf,50000,287_PR_4,4,2,50000,90
CITIBANK N.A.,Santiago,1,AHUMADA 40,212,3,40,SA,212_SA_3,28800,1,0.398372895,inf,50000,212_SA_3,3,1,50000,40
CITIBANK N.A.,Vitacura,4,O BRIEN 2235,138,2,90,VI,138_VI_2,28800,1,0.398372895,inf,50000,138_VI_2,2,4,50000,90
CLINICA ALEMANA DE SANTIAGO S.A.,Vitacura,4,CONCILIO VATICANO 6017,363,5,10,VI,363_VI_5,28800,2,0.302777877,0.119524515,2582,363_VI_5,5,4,2582,10
CLINICA ALEMANA DE SANTIAGO S.A.,Vitacura,4,AV.  VITACURA 5951 CENTRO COPI,214,3,25,VI,214_VI_3,28800,2,0.302777877,0.119524515,2582,214_VI_3,3,4,2582,25
CLINITEST LTDA,Providencia,2,RICARDO LYON 1899,215,3,45,PR,215_PR_3,28800,1,0.41805945,inf,50000,215_PR_3,3,2,50000,45
CMPC CELULOSA S.A.,Santiago,1,AGUSTINAS 1357  P2,23,1,90,SA,23_SA_1,28800,1,0.653299277,inf,50000,23_SA_1,1,1,50000,90
COASIN CHILE S.A.,Providencia,2,AV. HOLANDA 1292,24,1,100,PR,24_PR_1,28800,4,0.64933569,0.27217803,5879,24_PR_1,1,2,5879,100
COCA COLA DE CHILE S.A.,Las Condes,3,AV. KENNEDY 5757 P.11,289,4,110,LC,289_LC_4,28800,2,0.465681161,1.56665106,33840,289_LC_4,4,3,33840,110
COGAN GRUPO NORTE S.A.,Providencia,2,MARCHANT PEREIRA 1030,25,1,90,PR,25_PR_1,28800,3,0.551861581,0.280416976,6057,25_PR_1,1,2,6057,90
COLEGIO CALASANZ,—uÒoa,5,MONTENEGRO 661,141,2,150,NU,141_NU_2,28800,3,0.289781768,0.017772531,384,141_NU_2,2,5,384,150
COLEGIO CALASANZ,—uÒoa,5,MONTENEGRO 661,26,1,420,NU,26_NU_1,28800,3,0.289781768,0.017772531,384,26_NU_1,1,5,384,420
COLEGIO DEL SAGRADO CORAZON,Las Condes,3,SANTA MAGDALENA SOFIA 277,27,1,180,LC,27_LC_1,28800,3,0.479805738,0.120521861,2603,27_LC_1,1,3,2603,180
COMANDANCIA EN JEFE,Santiago,1,ZENTENO 45 P.5 ALA NORTE AYUDANTIA,216,3,80,SA,216_SA_3,28800,4,0.70129475,0.737489393,15930,216_SA_3,3,1,15930,80
COMERCIAL CYP S.A.,Santiago,1,ESTADO 10 OF. 1701,28,1,30,SA,28_SA_1,28800,4,0.388227818,0.016373501,354,28_SA_1,1,1,354,30
COMERCIAL ECCSA S.A.,Santiago,1,HUERFANOS 979  OF.401,29,1,60,SA,29_SA_1,28800,2,0.715905907,inf,50000,29_SA_1,1,1,50000,60
COMERCIALIZADORA INTEGRAL LTDA.,Providencia,2,ISIDORITA 143,364,5,1,PR,364_PR_5,28800,3,0.446385692,0.085635377,1850,364_PR_5,5,2,1850,1
COMERCIALIZADORA S.A.,Santiago,1,ALAMEDA 757 P5,217,3,150,SA,217_SA_3,28800,4,0.47682993,0.039253624,848,217_SA_3,3,1,848,150
COMERCIALIZADORA S.A.,Santiago,1,PUENTE 696 P.2 DPTO.CREDITO,365,5,120,SA,365_SA_5,28800,4,0.47682993,0.039253624,848,365_SA_5,5,1,848,120
COMERCIALIZADORA S.A.,Santiago,1,PUENTE 640 DEPTO CREDITO P1,290,4,60,SA,290_SA_4,28800,4,0.47682993,0.039253624,848,290_SA_4,4,1,848,60
COMISION NACIONAL DE RIEGO,Santiago,1,VALENTIN LETELIER 1350 P.1,291,4,150,SA,291_SA_4,28800,2,0.325861555,0.154888201,3346,291_SA_4,4,1,3346,150
COMISION NACIONAL DEL MEDIO AMBIENTE,Providencia,2,OBISPO DONOSO 6 PISO 6,292,4,50,PR,292_PR_4,28800,4,0.57065174,0.101445744,2191,292_PR_4,4,2,2191,50
COMISION NACIONAL DEL MEDIO AMBIENTE,Providencia,2,OBISPO DONOSO 6 PISO 1,293,4,165,PR,293_PR_4,28800,4,0.57065174,0.101445744,2191,293_PR_4,4,2,2191,165
CONFECCIONES GERARD LTDA.,Santiago,1,NATANIEL COX 1528,294,4,90,SA,294_SA_4,28800,3,0.63130604,1.326813514,28659,294_SA_4,4,1,28659,90
CONSEJO LOCAL DE DEPORTES LAS CONDES,Las Condes,3,CERRO COLORADO 5435,142,2,50,LC,142_LC_2,28800,2,0.359651258,0.230881706,4987,142_LC_2,2,3,4987,50
CONSERVADOR DE BIENES RAICES,Santiago,1,MORANDE 440 P.2,218,3,120,SA,218_SA_3,28800,2,0.328870676,0.16030661,3463,218_SA_3,3,1,3463,120
CONSERVADOR DE BIENES RAICES,Santiago,1,MORANDE 440 P.4,219,3,90,SA,219_SA_3,28800,2,0.328870676,0.16030661,3463,219_SA_3,3,1,3463,90
CONSERVADOR DE BIENES RAICES,Santiago,1,MORANDE 440  P.2,143,2,180,SA,143_SA_2,28800,2,0.328870676,0.16030661,3463,143_SA_2,2,1,3463,180
CONSORCIO ARA-INGENDESA LTDA.,Santiago,1,SAN ISIDRO 65,144,2,90,SA,144_SA_2,28800,3,0.272321564,0.014617063,316,144_SA_2,2,1,316,90
CONSORCIO NAC.SEG.S.A.CIA.SEG.V.,Las Condes,3,CALLAO 2928 PISO 1,145,2,60,LC,145_LC_2,28800,4,0.326978852,0.008456508,183,145_LC_2,2,3,183,60
CONSORCIO NAC.SEG.S.A.CIA.SEG.V.,Santiago,1,BANDERA 248 LC.1,146,2,165,SA,146_SA_2,28800,4,0.326978852,0.008456508,183,146_SA_2,2,1,183,165
CONSORCIO NAC.SEG.S.A.CIA.SEG.V.,Las Condes,3,AV.EL BOSQUE SUR 180 P6 RRHH,147,2,30,LC,147_LC_2,28800,4,0.326978852,0.008456508,183,147_LC_2,2,3,183,30
CONSORCIO NAC.SEG.S.A.CIA.SEG.V.,Providencia,2,EL BOSQUE 180 PISO 6,220,3,60,PR,220_PR_3,28800,4,0.326978852,0.008456508,183,220_PR_3,3,2,183,60
CONSTRA.ASOC.B Y C LTDA.,Providencia,2,LAS URBINA 53 OF 141,30,1,60,PR,30_PR_1,28800,4,0.673976344,0.409408402,8843,30_PR_1,1,2,8843,60
CONSTRUCTORA CABO DE HORNOS LTDA.,Las Condes,3,LINEO 6557,295,4,60,LC,295_LC_4,28800,4,0.270597416,0.004206388,91,295_LC_4,4,3,91,60
CONSTRUCTORA COPEVA S. A.,Santiago,1,PHILLIPS 84 OF 49,366,5,20,SA,366_SA_5,28800,2,0.405768806,0.43298932,9353,366_SA_5,5,1,9353,20
CORPBANCA,Santiago,1,HUERFANOS 1072   P8,32,1,90,SA,32_SA_1,28800,3,0.616023865,0.861823451,18615,32_SA_1,1,1,18615,90
CORPBANCA,Santiago,1,ALAMEDA 2206 PISO 1,31,1,90,SA,31_SA_1,28800,3,0.616023865,0.861823451,18615,31_SA_1,1,1,18615,90
CORPORACION DE AYUDA AL PACIENTE MENTAL,Providencia,2,MELCHOR CONCHA 9 BARRIO BELLAVISTA,367,5,15,PR,367_PR_5,28800,1,0.505372353,inf,50000,367_PR_5,5,2,50000,15
COZ Y CIA. LTDA.,Las Condes,3,AV LAS CONDES 11380 OF. 101,33,1,150,LC,33_LC_1,28800,2,0.335303464,0.172641506,3729,33_LC_1,1,3,3729,150
CTRO. DE ANALISIS Y ASES DE MERCADO  LTD,Providencia,2,CARLOS ANTUNEZ  1843 DEPTO  105  BLOCK22,221,3,35,PR,221_PR_3,28800,2,0.665598746,inf,50000,221_PR_3,3,2,50000,35
DEFENSA CIVIL DE CHILE,Santiago,1,VERGARA 135,296,4,90,SA,296_SA_4,28800,2,0.72418995,inf,50000,296_SA_4,4,1,50000,90
DELOITTE & TOUCHE,Providencia,2,PROVIDENCIA 1760 PISO 9,222,3,60,PR,222_PR_3,28800,1,0.709892473,inf,50000,222_PR_3,3,2,50000,60
DELOITTE & TOUCHE OUTSOURCING S.A.,Providencia,2,AV PROVIDENCIA 1760 PISO 6,223,3,40,PR,223_PR_3,28800,1,0.739069367,inf,50000,223_PR_3,3,2,50000,40
DELTOUR,Providencia,2,MONSE?OR FELIX CABRERA 62,224,3,50,PR,224_PR_3,28800,3,0.471341022,0.110334643,2383,224_PR_3,3,2,2383,50
DERCO AUTOS S.A.,Las Condes,3,AV KENNEDY 5601 1ER SUBTE,34,1,80,LC,34_LC_1,28800,2,0.552376259,inf,50000,34_LC_1,1,3,50000,80
DIARIO EL SUR S.A.,Santiago,1,CATEDRAL 1009   OF 306,148,2,90,SA,148_SA_2,28800,2,0.414399137,0.496650998,10728,148_SA_2,2,1,10728,90
DILACO LTDA,Providencia,2,PEREZ VALENZUELA  N? 1138 P 4,368,5,5,PR,368_PR_5,28800,3,0.611572624,0.775716106,16755,368_PR_5,5,2,16755,5
DIRECCION DEL TRABAJO,Santiago,1,AGUSTINAS 1253 P.6 OF.601 PRES,369,5,120,SA,369_SA_5,28800,2,0.534474102,inf,50000,369_SA_5,5,1,50000,120
DIRECCION DEL TRABAJO,Santiago,1,AGUSTINAS 1253 PISO 6 OFIC. PA,370,5,140,SA,370_SA_5,28800,2,0.534474102,inf,50000,370_SA_5,5,1,50000,140
DIRECCION NACIONAL GENDARMERIA DE CHILE,Santiago,1,ROSAS 1274 PISO 3,225,3,80,SA,225_SA_3,28800,3,0.28703592,0.017243634,372,225_SA_3,3,1,372,80
DIRECCION NACIONAL GENDARMERIA DE CHILE,Santiago,1,ROSAS 1274 PISO 1 (CONTAB Y PR,35,1,105,SA,35_SA_1,28800,3,0.28703592,0.017243634,372,35_SA_1,1,1,372,105
DISTRIBUIDORA AUTOMOTRIZ SANTIAGO S.A.,Santiago,1,COQUIMBO 345,297,4,100,SA,297_SA_4,28800,2,0.264461763,0.078306698,1691,297_SA_4,4,1,1691,100
"ECHEVERRIA,IZQUIERDO,ING. Y CONST. S.A.",Las Condes,3,BENJAMIN 2944 PISO 2.,36,1,60,LC,36_LC_1,28800,1,0.501689396,inf,50000,36_LC_1,1,3,50000,60
ECOLAB S.A.,Providencia,2,PEDRO DE VALDIVIA 3801,298,4,120,PR,298_PR_4,28800,4,0.359800544,0.012160738,263,298_PR_4,4,2,263,120
EJERCITO DE CHILE DIRECCION DE LOGISTICA,Santiago,1,ZENTENO 45 P 8,150,2,120,SA,150_SA_2,28800,3,0.441351227,0.081446064,1759,150_SA_2,2,1,1759,120
EJERCITO DE CHILE DIRECCION DE LOGISTICA,Santiago,1,ZENTENO 45 P.8 AYUDANTIA PERS.,149,2,235,SA,149_SA_2,28800,3,0.441351227,0.081446064,1759,149_SA_2,2,1,1759,235
EJERCITO DE SALVACION,Santiago,1,AV.ESPA—A 46-PISO 2,151,2,120,SA,151_SA_2,28800,4,0.737285356,3.432842363,74149,151_SA_2,2,1,74149,120
EMBAJADA DE ITALIA,Providencia,2,CLEMENTE FABRES 1050,38,1,80,PR,38_PR_1,28800,1,0.577652743,inf,50000,38_PR_1,1,2,50000,80
EMBAJADA DE ITALIA,Providencia,2,CLEMENTE FABRES 1050,371,5,30,PR,371_PR_5,28800,1,0.577652743,inf,50000,371_PR_5,5,2,50000,30
EMBAJADA DE ITALIA,Providencia,2,CLEMENTE FABRES 1050,37,1,60,PR,37_PR_1,28800,1,0.577652743,inf,50000,37_PR_1,1,2,50000,60
EMBAJADA DE RUSIA,Las Condes,3,COLON 4152,39,1,90,LC,39_LC_1,28800,2,0.327176449,0.157229634,3396,39_LC_1,1,3,3396,90
EMP.CONST.AVELLANEDA LTDA.,Providencia,2,AV. LUIS TAYER OJEDA 0191 P 16,226,3,65,PR,226_PR_3,28800,3,0.700792597,inf,50000,226_PR_3,3,2,50000,65
EMP.PARA EL DEPORTE Y LA SALUD LTDA,Las Condes,3,AVDA LAS CONDES 13635,372,5,60,LC,372_LC_5,28800,1,0.372389218,inf,50000,372_LC_5,5,3,50000,60
EMPRESA NACIONAL DE EXPLOSIVOS,Las Condes,3,RENATO SANCHEZ 3859,227,3,120,LC,227_LC_3,28800,3,0.495473913,0.142525289,3079,227_LC_3,3,3,3079,120
EMPRESAS C.M.P.C. S.A.,Santiago,1,AGUSTINAS  1343 P.9,40,1,60,SA,40_SA_1,28800,3,0.502902769,0.154673257,3341,40_SA_1,1,1,3341,60
EMPRESAS JUAN YARUR S.A.C.,Santiago,1,MONEDA 920 OF.801,228,3,100,SA,228_SA_3,28800,1,0.630762754,inf,50000,228_SA_3,3,1,50000,100
ENRIQUE OSIAC BROSKY,Las Condes,3,LAS CONDESAS 2436,152,2,1,LC,152_LC_2,28800,2,0.271314751,0.084466643,1824,152_LC_2,2,3,1824,1
ENTEL PCS TELECOMUNICACIONES S.A.,Las Condes,3,AV. ANDRES BELLO 2711 PISO 14,41,1,120,LC,41_LC_1,28800,3,0.494815535,0.141506738,3057,41_LC_1,1,3,3057,120
ENTEL PCS TELECOMUNICACIONES S.A.,Providencia,2,AV. ANDRES BELLO 2777 P11,42,1,60,PR,42_PR_1,28800,3,0.494815535,0.141506738,3057,42_PR_1,1,2,3057,60
ESCUELA MILITAR,Las Condes,3,LOS MILITARES 4500 1 COMPA?IA,299,4,60,LC,299_LC_4,28800,3,0.252273384,0.011547906,249,299_LC_4,4,3,249,60
ESEDEI INGENIEROS S.A.,Santiago,1,COYANCURA 2283 P7,43,1,207,SA,43_SA_1,28800,3,0.521938568,0.192363937,4155,43_SA_1,1,1,4155,207
ESTUDIO RAUL DE LA FUENTE M. Y CIA. LTDA,Santiago,1,Agustinas 1235 of.32 Raul de la Fuente M,300,4,105,SA,300_SA_4,28800,2,0.577880279,inf,50000,300_SA_4,4,1,50000,105
EVASA S.A.,Santiago,1,TEATINOS 449 PISO 3,301,4,75,SA,301_SA_4,28800,4,0.413382695,0.021104382,456,301_SA_4,4,1,456,75
EXAMENES DE LABORATORIOS S.A.,Providencia,2,11 DE SEPTIEMBRE 1920 P4,44,1,25,PR,44_PR_1,28800,4,0.505666888,0.052035114,1124,44_PR_1,1,2,1124,25
EXTRACTOS NATURALES GELYMAR S.A.,Providencia,2,AV. STA. MARIA 2050 P.3,153,2,230,PR,153_PR_2,28800,2,0.615167749,inf,50000,153_PR_2,2,2,50000,230
FACH COMANDO LOGISTICO,Santiago,1,ALAMEDA 1170 PISO 3,302,4,90,SA,302_SA_4,28800,1,0.437827185,inf,50000,302_SA_4,4,1,50000,90
FALABELLA Y CIA. CORREDORA DE SEGUROS LT,Santiago,1,AHUMADA 179  PISO 9  CORREDORA,373,5,60,SA,373_SA_5,28800,4,0.545648622,0.077824031,1681,373_SA_5,5,1,1681,60
FED. INTERN. DE TRAB. DE LA IND. METALUR,Providencia,2,PROV.2019 42-B P4,154,2,170,PR,154_PR_2,28800,2,0.686129521,inf,50000,154_PR_2,2,2,50000,170
FED. INTERN. DE TRAB. DE LA IND. METALUR,Providencia,2,PROV.2019 42-B P4,374,5,105,PR,374_PR_5,28800,2,0.686129521,inf,50000,374_PR_5,5,2,50000,105
FED.NAC.DE TRABAJADORES DEL COBRE,Santiago,1,GENERAL BUSTAMANTE 627 PISO 2,155,2,240,SA,155_SA_2,28800,1,0.594191219,inf,50000,155_SA_2,2,1,50000,240
FOCUS GROUP CONSULTORES LTDA.,Providencia,2,ISIDORO GOYENECHEA 3621 P9 OF 902,375,5,170,PR,375_PR_5,28800,1,0.432898261,inf,50000,375_PR_5,5,2,50000,170
FORWARD COMPUTACION LTDA,Santiago,1,ALAMEDA 108 L 119,229,3,60,SA,229_SA_3,28800,4,0.410996914,0.020608446,445,229_SA_3,3,1,445,60
FUNDACION ALCAZAR,Providencia,2,GUARDIA VIEJA 255 OF. 704,156,2,80,PR,156_PR_2,28800,2,0.540868363,inf,50000,156_PR_2,2,2,50000,80
FUNDACION EDUCACIONAL TABANCURA,Vitacura,4,LAS HUALTATAS 10030,45,1,75,VI,45_VI_1,28800,3,0.58169098,0.43671574,9433,45_VI_1,1,4,9433,75
FUNDACION NACIONAL PARA LA SUPERACION DE,Santiago,1,LONDRES 69,46,1,90,SA,46_SA_1,28800,4,0.270420252,0.004196351,91,46_SA_1,1,1,91,90
FUNDACION NACIONAL PARA LA SUPERACION DE,Santiago,1,LONDRES   69,47,1,90,SA,47_SA_1,28800,4,0.270420252,0.004196351,91,47_SA_1,1,1,91,90
FUNDACION VIDA,Providencia,2,RICCARDO MATTE PEREZ 0156,230,3,30,PR,230_PR_3,28800,2,0.466671112,1.62030101,34999,230_PR_3,3,2,34999,30
GASTON FUENZALIDA PROPIEDADES LTDA,Las Condes,3,REYES LAVALLE 3330,303,4,60,LC,303_LC_4,28800,1,0.29060353,inf,50000,303_LC_4,4,3,50000,60
GOLDER ASSOCIATES S.A.,Providencia,2,AV. 11 DE SEPTIEMBRE 2353 PISO16,376,5,75,PR,376_PR_5,28800,2,0.697497556,inf,50000,376_PR_5,5,2,50000,75
GRAFHIKA COPY CENTER LTDA.,Vitacura,4,ANDRES   BELLO 2879  P. 1,304,4,120,VI,304_VI_4,28800,4,0.530518747,0.066669561,1440,304_VI_4,4,4,1440,120
GRAFHIKA COPY CENTER LTDA.,Santiago,1,DOMEYKO 2338,231,3,80,SA,231_SA_3,28800,4,0.530518747,0.066669561,1440,231_SA_3,3,1,1440,80
GRAFHIKA COPY CENTER LTDA.,Santiago,1,TENDERINI 78,49,1,60,SA,49_SA_1,28800,4,0.530518747,0.066669561,1440,49_SA_1,1,1,1440,60
GRAFHIKA COPY CENTER LTDA.,Santiago,1,TENDERINI 78,306,4,270,SA,306_SA_4,28800,4,0.530518747,0.066669561,1440,306_SA_4,4,1,1440,270
GRAFHIKA COPY CENTER LTDA.,Providencia,2,GUARDIA VIEJA 240,305,4,25,PR,305_PR_4,28800,4,0.530518747,0.066669561,1440,305_PR_4,4,2,1440,25
GRAFHIKA COPY CENTER LTDA.,Providencia,2,GUARDIA VIEJA 240,377,5,30,PR,377_PR_5,28800,4,0.530518747,0.066669561,1440,377_PR_5,5,2,1440,30
GRAFHIKA COPY CENTER LTDA.,Santiago,1,STO.  DOMINGO  1862,157,2,150,SA,157_SA_2,28800,4,0.530518747,0.066669561,1440,157_SA_2,2,1,1440,150
GRAFHIKA COPY CENTER LTDA.,Santiago,1,DOMEYKO 2338,48,1,60,SA,48_SA_1,28800,4,0.530518747,0.066669561,1440,48_SA_1,1,1,1440,60
GRAFHIKA COPY CENTER LTDA.,Providencia,2,GUARDIA VIEJA 240,232,3,120,PR,232_PR_3,28800,4,0.530518747,0.066669561,1440,232_PR_3,3,2,1440,120
GRAFICA LETRILANDIA LTDA.,Santiago,1,PORTUGAL 658,307,4,120,SA,307_SA_4,28800,1,0.473087617,inf,50000,307_SA_4,4,1,50000,120
GUERRERO DITEAUX RAUL,Santiago,1,AV. VICUNA MACKENNA 856,233,3,40,SA,233_SA_3,28800,1,0.513074351,inf,50000,233_SA_3,3,1,50000,40
HEIDRICK Y STRUGGLES DE CHILE LTDA.,Providencia,2,AV ANDRES BELLO 2777  PISO 9 OF.903,378,5,30,PR,378_PR_5,28800,1,0.45703047,inf,50000,378_PR_5,5,2,50000,30
HOCHTIEF CHILENA LTDA.,Las Condes,3,AVDA EL BOSQUE NORTE 0440 P9 OF902,234,3,60,LC,234_LC_3,28800,2,0.291291204,0.105265705,2274,234_LC_3,3,3,2274,60
"HONORATO, RUSSI A CIA. LTDA.",Las Condes,3,ROGER DE FLOR 2736 PISO 6,235,3,120,LC,235_LC_3,28800,4,0.39755806,0.018005256,389,235_LC_3,3,3,389,120
HOTEL CORP.OF CHILE HYATT REGENCY,Las Condes,3,ALONSO DE CORDOVA 4601 CENTRO NEGOCIOS,379,5,60,LC,379_LC_5,28800,3,0.68693506,inf,50000,379_LC_5,5,3,50000,60
HOTELES DE CHILE S.A.,Las Condes,3,AVDA. KENNEDY 5741 P.1 RECEPCION,50,1,80,LC,50_LC_1,28800,1,0.694372855,inf,50000,50_LC_1,1,3,50000,80
HQI TRANSELEC CHILE S.A.,Providencia,2,APOQUINDO 3721 PISO 6,158,2,85,PR,158_PR_2,28800,4,0.582559402,0.115726274,2500,158_PR_2,2,2,2500,85
I. MUNICIPALIDAD DE VITACURA,Vitacura,4,SANCHO DE LA HOZ 3470 DIREC.DE OPERACI,236,3,90,VI,236_VI_3,28800,4,0.299557878,0.006106558,132,236_VI_3,3,4,132,90
I.MUNICIPALIDAD DE PROVIDENCIA,Providencia,2,P DE VALDIVIA 963  DEPTO CATASTRO,308,4,30,PR,308_PR_4,28800,1,0.319541638,inf,50000,308_PR_4,4,2,50000,30
I.MUNICIPALIDAD DE PROVIDENCIA,Providencia,2,PEDRO DE VALDIVIA 963.DIREC.PROTEC CIVIL,237,3,70,PR,237_PR_3,28800,1,0.319541638,inf,50000,237_PR_3,3,2,50000,70
I.MUNICIPALIDAD DE SANTIAGO,Santiago,1,BALMACEDA  1114  3P,159,2,55,SA,159_SA_2,28800,3,0.481607792,0.122832575,2653,159_SA_2,2,1,2653,55
I.MUNICIPALIDAD DE SANTIAGO,Santiago,1,STO DOMINGO 916 PISO 7 OF.703 CENT.FOTO,51,1,90,SA,51_SA_1,28800,3,0.481607792,0.122832575,2653,51_SA_1,1,1,2653,90
IMAX S. A.,Providencia,2,PADRE MARIANO 277 P 3,160,2,60,PR,160_PR_2,28800,1,0.318298029,inf,50000,160_PR_2,2,2,50000,60
IMPRESORA Y COMERCIAL TIEMPO FUTURO SA,Providencia,2,ALMIRANTE PASTENE 259,309,4,60,PR,309_PR_4,28800,2,0.561527521,inf,50000,309_PR_4,4,2,50000,60
IMPRESORA Y COMERCIAL TIEMPO FUTURO SA,Providencia,2,ALMIRANTE PASTENE 259,310,4,120,PR,310_PR_4,28800,2,0.561527521,inf,50000,310_PR_4,4,2,50000,120
INACAP,Las Condes,3,AV. APOQUINDO 7282 P-3 SALA DE PROF.,161,2,180,LC,161_LC_2,28800,1,0.595669051,inf,50000,161_LC_2,2,3,50000,180
INDUSTRIA TEXTIL MONARCH S.A.,Santiago,1,VICUNA MACKENNA 1215 PISO 3,238,3,60,SA,238_SA_3,28800,2,0.375470922,0.282252184,6097,238_SA_3,3,1,6097,60
ING SALUD ISAPRE,Santiago,1,MIRAFLORES 222 E/P,162,2,1,SA,162_SA_2,28800,4,0.650869622,0.278585644,6017,162_SA_2,2,1,6017,1
ING SALUD S.A.,Santiago,1,MORANDE 325 SUBTERRANEO,239,3,180,SA,239_SA_3,28800,3,0.683706613,inf,50000,239_SA_3,3,1,50000,180
ING SEGUROS DE VIDA S.A.,Providencia,2,COYANCURA 2283,52,1,30,PR,52_PR_1,28800,3,0.524491545,0.198288422,4283,52_PR_1,1,2,4283,30
ING SEGUROS DE VIDA S.A.,Providencia,2,COYANCURA 2283,240,3,60,PR,240_PR_3,28800,3,0.524491545,0.198288422,4283,240_PR_3,3,2,4283,60
INGENIERIA ELECTRICA VOLTA LTDA.,—uÒoa,5,JOSE MANUEL INFANTE 2670,53,1,90,NU,53_NU_1,28800,1,0.686689553,inf,50000,53_NU_1,1,5,50000,90
INGENIERIA Y CONST. KODAMA LTDA.,Providencia,2,AVDA ELIODORO YA?EZ 1198,311,4,60,PR,311_PR_4,28800,1,0.45104952,inf,50000,311_PR_4,4,2,50000,60
INMOBIL. E INVERSIONES RUCA S.A.,Santiago,1,MAC IVER 225 OF 302,241,3,20,SA,241_SA_3,28800,2,0.659417906,inf,50000,241_SA_3,3,1,50000,20
INMOBILIARIA NORTE VERDE S.A.,Las Condes,3,ENRIQUE FOSTER SUR 20 PISO 14,55,1,60,LC,55_LC_1,28800,4,0.505720004,0.052062361,1125,55_LC_1,1,3,1125,60
INMOBILIARIA NORTE VERDE S.A.,Las Condes,3,ENRIQUE FOSTER SUR 20 PISO 14,54,1,60,LC,54_LC_1,28800,4,0.505720004,0.052062361,1125,54_LC_1,1,3,1125,60
INSTITUTO DE ESTUDIOS GRAFICOS DE CHILE,Providencia,2,CANADA 253  OF A  2257706,312,4,50,PR,312_PR_4,28800,3,0.660973478,9.493964505,205070,312_PR_4,4,2,205070,50
INSTITUTO HEBREO S.A.,Las Condes,3,AV.LAS CONDES 13450,56,1,150,LC,56_LC_1,28800,4,0.256276143,0.003450913,75,56_LC_1,1,3,75,150
INSTITUTO NACIONAL DE DEPORTES,Providencia,2,FIDEL OTEIZA 1956 P.3,313,4,50,PR,313_PR_4,28800,3,0.422941408,0.067923028,1467,313_PR_4,4,2,1467,50
INSTITUTO NACIONAL DE DEPORTES,Providencia,2,FIDEL OTEIZA 1956  P.8,163,2,120,PR,163_PR_2,28800,3,0.422941408,0.067923028,1467,163_PR_2,2,2,1467,120
INTERPLUS S.A.,—uÒoa,5,JOSE P.ALESSANDRI 1800,164,2,90,NU,164_NU_2,28800,4,0.555305887,0.086077242,1859,164_NU_2,2,5,1859,90
INVERSIONES Y SERVICIOS S.A.,Santiago,1,HUERFANOS 979 P 7,314,4,20,SA,314_SA_4,28800,4,0.572669032,0.103705202,2240,314_SA_4,4,1,2240,20
ISAPRE COLMENA GOLDEN CROSS S.A.,Las Condes,3,APOQUINDO 5009 DPTO DE OPERACIONES,380,5,234,LC,380_LC_5,28800,2,0.345611726,0.194821835,4208,380_LC_5,5,3,4208,234
ISAPRE CONSALUD S.A.,Santiago,1,ALAMEDA 1511 P.7,59,1,60,SA,59_SA_1,28800,3,0.537259527,0.231849831,5008,59_SA_1,1,1,5008,60
ISAPRE CONSALUD S.A.,Santiago,1,SAN MARTIN 30 PISO 1,57,1,60,SA,57_SA_1,28800,3,0.537259527,0.231849831,5008,57_SA_1,1,1,5008,60
ISAPRE CONSALUD S.A.,Santiago,1,ALAMEDA 1511 P.7,58,1,60,SA,58_SA_1,28800,3,0.537259527,0.231849831,5008,58_SA_1,1,1,5008,60
ISAPRE PROMEPART,Santiago,1,MERCED 280 PISO 3,165,2,120,SA,165_SA_2,28800,1,0.489344707,inf,50000,165_SA_2,2,1,50000,120
ISE LAS AMERICAS CIA DE SEG DE VIDA S.A.,Las Condes,3,AV. EL BOSQUE NORTE 0177 OF. 602,60,1,90,LC,60_LC_1,28800,2,0.36096393,0.234662914,5069,60_LC_1,1,3,5069,90
JOHNSON`S S.A.,Santiago,1,—UBLE   1055  P. 2,167,2,60,SA,167_SA_2,28800,3,0.696470454,inf,50000,167_SA_2,2,1,50000,60
JOHNSON`S S.A.,Santiago,1,AGUSTINAS 978,64,1,10,SA,64_SA_1,28800,3,0.696470454,inf,50000,64_SA_1,1,1,50000,10
JOHNSON`S S.A.,Santiago,1,AHUMADA 55 PISO 2,62,1,150,SA,62_SA_1,28800,3,0.696470454,inf,50000,62_SA_1,1,1,50000,150
JOHNSON`S S.A.,Santiago,1,NUBLE 1034 PISO 2,61,1,30,SA,61_SA_1,28800,3,0.696470454,inf,50000,61_SA_1,1,1,50000,30
JOHNSON`S S.A.,Santiago,1,AVDA. KENNEDY 5413 L-123,166,2,40,SA,166_SA_2,28800,3,0.696470454,inf,50000,166_SA_2,2,1,50000,40
JOHNSON`S S.A.,Santiago,1,—UBLE 1008 REC HUMANOS,65,1,30,SA,65_SA_1,28800,3,0.696470454,inf,50000,65_SA_1,1,1,50000,30
JOHNSON`S S.A.,Santiago,1,MATIAS COUSI—O  64 E P OF 1,63,1,75,SA,63_SA_1,28800,3,0.696470454,inf,50000,63_SA_1,1,1,50000,75
JOHNSON`S S.A.,Santiago,1,SAN DIEGO 1856 PISO 2 AUDITORIA,381,5,60,SA,381_SA_5,28800,3,0.696470454,inf,50000,381_SA_5,5,1,50000,60
KOCH INGENIERIA (CHILE) LTDA.,Las Condes,3,EL BOSQUE NORTE 0440 OF.1202,242,3,40,LC,242_LC_3,28800,1,0.651274989,inf,50000,242_LC_3,3,3,50000,40
KPMG JERIA Y ASOC. AUDIT. CONSULT. LTDA.,Santiago,1,MONJITAS 527 PISO 13 OF 1304,315,4,180,SA,315_SA_4,28800,2,0.304855242,0.122314052,2642,315_SA_4,4,1,2642,180
LABORATORIO CHILE S.A.,—uÒoa,5,AV MARATON 1315,316,4,60,NU,316_NU_4,28800,3,0.588996796,0.494601334,10683,316_NU_4,4,5,10683,60
LABORATORIO RECALCINE,Providencia,2,PEDRO DE VALDIVIA 428,66,1,75,PR,66_PR_1,28800,4,0.392620249,0.017124785,370,66_PR_1,1,2,370,75
LABORATORIO RIDER S.A.,Santiago,1,PLACER 1354  PISO 2,168,2,60,SA,168_SA_2,28800,4,0.475269621,0.038662782,835,168_SA_2,2,1,835,60
LAS AGUILAS LTDA.,Santiago,1,BANDERA 84 P2 OF 215,67,1,60,SA,67_SA_1,28800,4,0.329114372,0.008665629,187,67_SA_1,1,1,187,60
LE MANS ISE CIA.DE SEG.GENERALES S.A.,Las Condes,3,ENCOMENDEROS 138,317,4,45,LC,317_LC_4,28800,1,0.425577212,inf,50000,317_LC_4,4,3,50000,45
LEXIS NEXIS CHILE LTDA,Santiago,1,MIRAFLORES 383 P.12,243,3,120,SA,243_SA_3,28800,4,0.500384245,0.049400303,1067,243_SA_3,3,1,1067,120
LEXIS NEXIS CHILE LTDA,Santiago,1,MIRAFLORES  383 PISO 12,318,4,240,SA,318_SA_4,28800,4,0.500384245,0.049400303,1067,318_SA_4,4,1,1067,240
LIBRERIA GONZALEZ Y ASPE LTDA,Santiago,1,LIRA 192 LOCAL G,68,1,120,SA,68_SA_1,28800,4,0.342669674,0.010091639,218,68_SA_1,1,1,218,120
LOPEZ MARTINEZ MARIA EUGENIA,Vitacura,4,VITACURA 8400 LOCAL   D,69,1,60,VI,69_VI_1,28800,1,0.625184599,inf,50000,69_VI_1,1,4,50000,60
MANQUEHUE NET S.A.,Providencia,2,11 DE SEPTIEMBRE 2260 LOC 51,382,5,30,PR,382_PR_5,28800,2,0.311480818,0.131689786,2844,382_PR_5,5,2,2844,30
MARIANA THOMSEN Y CIA.LTDA.,Providencia,2,MANUEL MONTT 2000,319,4,90,PR,319_PR_4,28800,3,0.453486335,0.091956994,1986,319_PR_4,4,2,1986,90
MAX HUBER REPROTECNICA LTDA.,Providencia,2,GENERAL DEL CANTO 276,71,1,520,PR,71_PR_1,28800,3,0.614348553,0.827651961,17877,71_PR_1,1,2,17877,520
MAX HUBER REPROTECNICA LTDA.,Santiago,1,MIRAFLORES 109,70,1,180,SA,70_SA_1,28800,3,0.614348553,0.827651961,17877,70_SA_1,1,1,17877,180
MAX HUBER REPROTECNICA LTDA.,Santiago,1,MIRAFLORES 109,170,2,120,SA,170_SA_2,28800,3,0.614348553,0.827651961,17877,170_SA_2,2,1,17877,120
MAX HUBER REPROTECNICA LTDA.,Santiago,1,MONEDA 1045,244,3,80,SA,244_SA_3,28800,3,0.614348553,0.827651961,17877,244_SA_3,3,1,17877,80
MAX HUBER REPROTECNICA LTDA.,Las Condes,3,APOQUINDO 4900-LOCAL 82,169,2,135,LC,169_LC_2,28800,3,0.614348553,0.827651961,17877,169_LC_2,2,3,17877,135
MINERA LAS CENIZAS S.A.,Providencia,2,CORONEL 2354,171,2,65,PR,171_PR_2,28800,2,0.392463364,0.355710285,7683,171_PR_2,2,2,7683,65
MINIST DE DEFENSA SUBSEC INVEST,—uÒoa,5,AV JOSE PEDRO ALESSANDRI 1800,172,2,60,NU,172_NU_2,28800,2,0.689878861,inf,50000,172_NU_2,2,5,50000,60
MINISTERIO DEL INTERIOR,Santiago,1,PALACIO DE LA MONEDA OF.110,321,4,240,SA,321_SA_4,28800,1,0.624942192,inf,50000,321_SA_4,4,1,50000,240
MINISTERIO DEL INTERIOR,Santiago,1,AGUSTINAS  1235  P. 4,383,5,240,SA,383_SA_5,28800,1,0.624942192,inf,50000,383_SA_5,5,1,50000,240
MINISTERIO DEL INTERIOR,Providencia,2,TORRES BOONEN 511 PISO 1,73,1,120,PR,73_PR_1,28800,1,0.624942192,inf,50000,73_PR_1,1,2,50000,120
MINISTERIO DEL INTERIOR,Santiago,1,AGUSTINAS 1235 P.8,72,1,195,SA,72_SA_1,28800,1,0.624942192,inf,50000,72_SA_1,1,1,50000,195
MINISTERIO DEL INTERIOR,Santiago,1,PALACIO DE MONEDA GAB. SR MINISTRO,320,4,120,SA,320_SA_4,28800,1,0.624942192,inf,50000,320_SA_4,4,1,50000,120
MINISTERIO DEL INTERIOR,Santiago,1,AGUSTINAS 1235 PISO 3 OF.DERECHOS HUMANO,322,4,90,SA,322_SA_4,28800,1,0.624942192,inf,50000,322_SA_4,4,1,50000,90
MINISTERIO SECRETARIA GRAL. DE GOBIERNO,Santiago,1,TEATINOS 20 OF.47,245,3,160,SA,245_SA_3,28800,3,0.283447476,0.016571377,358,245_SA_3,3,1,358,160
MINISTERIO SECRETARIA GRAL. DE GOBIERNO,Santiago,1,ALAMEDA 886 PISO 2 ALA NORTE,384,5,240,SA,384_SA_5,28800,3,0.283447476,0.016571377,358,384_SA_5,5,1,358,240
MINISTERIO SECRETARIA GRAL. DE GOBIERNO,Santiago,1,PALACIO MONEDA  P 4 DUPLICACION,323,4,120,SA,323_SA_4,28800,3,0.283447476,0.016571377,358,323_SA_4,4,1,358,120
MITSUI TRADING AND SERVICE LTDA.,Las Condes,3,AV ANDRES BELLO 2711 P 11,246,3,100,LC,246_LC_3,28800,2,0.339242132,0.18074233,3904,246_LC_3,3,3,3904,100
MMRR.EE.DIR.RELAC.ECONOM.INTERNC,Santiago,1,TEATINOS 20 P.9 PRO CHILE OF. 91,247,3,90,SA,247_SA_3,28800,1,0.472766481,inf,50000,247_SA_3,3,1,50000,90
MONTRONE PLA S.A.,Santiago,1,SANTA R0SA 2055 P 3 RRHH,74,1,60,SA,74_SA_1,28800,4,0.359688132,0.012146104,262,74_SA_1,1,1,262,60
MOP DIRECCION GENERAL,Santiago,1,MORANDE 59 P10  DIR.ARQUITEC.OF.1015,75,1,75,SA,75_SA_1,28800,2,0.503943873,inf,50000,75_SA_1,1,1,50000,75
MOP DIRECCION GENERAL,Santiago,1,MORANDE 59 P 7 OF. DE PARTES,174,2,360,SA,174_SA_2,28800,2,0.503943873,inf,50000,174_SA_2,2,1,50000,360
MOP DIRECCION GENERAL,Santiago,1,MORANDE 59 P 10 EDIF.PUBLICA OF.1001,173,2,55,SA,173_SA_2,28800,2,0.503943873,inf,50000,173_SA_2,2,1,50000,55
MOP DIRECCION GENERAL,Santiago,1,BOMBERO SALAS 1351 P 7,175,2,90,SA,175_SA_2,28800,2,0.503943873,inf,50000,175_SA_2,2,1,50000,90
MOP DIRECCION GENERAL,Santiago,1,MORANDE 59  P4  (FISCALIA),385,5,60,SA,385_SA_5,28800,2,0.503943873,inf,50000,385_SA_5,5,1,50000,60
MULTINEGOCIOS S.A.,Santiago,1,AGUSTINAS 785 P.9,248,3,60,SA,248_SA_3,28800,2,0.262824479,0.076899677,1661,248_SA_3,3,1,1661,60
MUTUAL DE SEGURIDAD C CH. C,Santiago,1,ALAMEDA 4848  HOLL,176,2,90,SA,176_SA_2,28800,3,0.377679429,0.043677952,943,176_SA_2,2,1,943,90
MUTUALIDAD DEL EJERCITO Y AVIACION,Providencia,2,AV. 11 DE SEPTIEMBRE 2336 P.2,177,2,50,PR,177_PR_2,28800,4,0.288640165,0.005326792,115,177_PR_2,2,2,115,50
NCR CHILE LTDA.,Santiago,1,MIRAFLORES 383 P.17,249,3,75,SA,249_SA_3,28800,2,0.645602021,inf,50000,249_SA_3,3,1,50000,75
NETCO LTDA.,Santiago,1,EJERCITO LIBERTADOR 146 SALA MULTIUSO,76,1,100,SA,76_SA_1,28800,4,0.337725063,0.009551149,206,76_SA_1,1,1,206,100
NOTARIA PATRICIO RABY BENAVENTE,Santiago,1,MONEDA 920 P 2 OF 205,250,3,60,SA,250_SA_3,28800,3,0.685799679,inf,50000,250_SA_3,3,1,50000,60
NOTARIA PATRICIO RABY BENAVENTE,Santiago,1,MONEDA 920 P 2 OF 205,77,1,120,SA,77_SA_1,28800,3,0.685799679,inf,50000,77_SA_1,1,1,50000,120
NOVARTIS CHILE S.A.,—uÒoa,5,FRANCISCO MENESES 1980,178,2,20,NU,178_NU_2,28800,4,0.351763935,0.011150573,241,178_NU_2,2,5,241,20
OLIMPIA  SCHNEIDER MOENNE-LOCCOZ,Santiago,1,HUERFANOS 1055 LOCAL 328,324,4,130,SA,324_SA_4,28800,2,0.591398608,inf,50000,324_SA_4,4,1,50000,130
PARIS CORREDORES DE SEGUROS LTDA.,Providencia,2,RICARDO LYON 222 P9 OF 901,325,4,180,PR,325_PR_4,28800,4,0.633100309,0.215555938,4656,325_PR_4,4,2,4656,180
PATINO SABAG EDUARDO,Santiago,1,COMPA?IA 1390 OF. 909,386,5,90,SA,386_SA_5,28800,1,0.540585176,inf,50000,386_SA_5,5,1,50000,90
PATRONATO NAC. DE LA INFANCIA,Providencia,2,PEDRO DE VALDIVIA 844,179,2,100,PR,179_PR_2,28800,1,0.712227051,inf,50000,179_PR_2,2,2,50000,100
PCS-CORP,Providencia,2,"11 DE SEPTIEMBRE 2155 OF. 903, TORRE A",251,3,60,PR,251_PR_3,28800,2,0.360202024,0.232458776,5021,251_PR_3,3,2,5021,60
PIRELLI NEUMATICOS,Las Condes,3,AV. NVA TAJAMAR 555  OF 302,180,2,60,LC,180_LC_2,28800,3,0.729776853,inf,50000,180_LC_2,2,3,50000,60
PONTIFICIA UNIVERSIDAD CATOLICA,Santiago,1,LIRA 41 DPTO 5    (130),326,4,1,SA,326_SA_4,28800,4,0.492243662,0.045614439,985,326_SA_4,4,1,985,1
PONTIFICIA UNIVERSIDAD CATOLICA,Santiago,1,EL COMENDADOR 1946 ADM.CAMPUS LO CONTADO,78,1,60,SA,78_SA_1,28800,4,0.492243662,0.045614439,985,78_SA_1,1,1,985,60
PONTIFICIA UNIVERSIDAD CATOLICA,Santiago,1,MARCOLETA 345 P 2 B. SANGRE (320),79,1,100,SA,79_SA_1,28800,4,0.492243662,0.045614439,985,79_SA_1,1,1,985,100
PONTIFICIA UNIVERSIDAD CATOLICA,Las Condes,3,MALL ALTO LAS CONDES LOCAL 1106,181,2,120,LC,181_LC_2,28800,4,0.492243662,0.045614439,985,181_LC_2,2,3,985,120
PONTIFICIA UNIVERSIDAD CATOLICA,Santiago,1,MARCOLETA 352  SALUD PUBLICA P1(670),252,3,55,SA,252_SA_3,28800,4,0.492243662,0.045614439,985,252_SA_3,3,1,985,55
PORTA SYSTEMS CHILE,Santiago,1,LIVINGSTONE 72,387,5,90,SA,387_SA_5,28800,3,0.743160566,inf,50000,387_SA_5,5,1,50000,90
PRECISION HISPANA,Santiago,1,EJERCITO 521 PISO 2,80,1,90,SA,80_SA_1,28800,3,0.683630129,inf,50000,80_SA_1,1,1,50000,90
PREFECTURA CARABINEROS SANTIAGO CENTRO,Santiago,1,STO DOMINGO 714 1 COMIS STGO,81,1,60,SA,81_SA_1,28800,4,0.695612997,0.640896173,13843,81_SA_1,1,1,13843,60
PRESIDENCIA DE LA REPUBLICA,Santiago,1,NUEVA YORK 9 PISO 17,388,5,60,SA,388_SA_5,28800,4,0.560327517,0.09077666,1961,388_SA_5,5,1,1961,60
PROCESOS INTEGRALES VIVACOOP S.A.,Santiago,1,AHUMADA 341 PISO 6,389,5,90,SA,389_SA_5,28800,1,0.615187659,inf,50000,389_SA_5,5,1,50000,90
PROCESOS INTEGRALES VIVACOOP S.A.,Santiago,1,AHUMADA 341 PISO 6,253,3,60,SA,253_SA_3,28800,1,0.615187659,inf,50000,253_SA_3,3,1,50000,60
PROSPECTA S.A.,Vitacura,4,VITACURA 2736 P-18,82,1,30,VI,82_VI_1,28800,4,0.679640444,0.455606659,9841,82_VI_1,1,4,9841,30
PUBLICITARIA SUTIL Y ASOCIADOS S.A,Las Condes,3,SAN SEBASTIAN 2909 OF 101,390,5,180,LC,390_LC_5,28800,2,0.343796393,0.190679102,4119,390_LC_5,5,3,4119,180
RED DE TELEVISION CHILEVISION S. A.,Providencia,2,INES MATTE URREJOLA 0825,255,3,150,PR,255_PR_3,28800,1,0.732844636,inf,50000,255_PR_3,3,2,50000,150
RED DE TELEVISION CHILEVISION S. A.,Providencia,2,INES MATTE URREJOLA 0825,254,3,60,PR,254_PR_3,28800,1,0.732844636,inf,50000,254_PR_3,3,2,50000,60
RENE WIEGAND KOCH Y CIA LTDA,Providencia,2,PIO NONO 1  PISO 4 FAC.DERECHO,256,3,90,PR,256_PR_3,28800,3,0.367774586,0.039636043,856,256_PR_3,3,2,856,90
ROENSA S.A.,Santiago,1,NATANIEL COX 1481,257,3,5,SA,257_SA_3,28800,3,0.419101193,0.065416485,1413,257_SA_3,3,1,1413,5
RUIZ RUIZ ANGEL GASPAR,Santiago,1,MIRAFLORES 211,258,3,120,SA,258_SA_3,28800,3,0.459610755,0.097833793,2113,258_SA_3,3,1,2113,120
RUIZ RUIZ ANGEL GASPAR,Santiago,1,MIRAFLORES 211,83,1,240,SA,83_SA_1,28800,3,0.459610755,0.097833793,2113,83_SA_1,1,1,2113,240
S.A.C.I. FALABELLA,Santiago,1,ROSAS 1665 P.2 GCIA. ADM. Y FINANZAS,327,4,120,SA,327_SA_4,28800,2,0.436048962,0.735385347,15884,327_SA_4,4,1,15884,120
SAC  CHILE S.A.,Las Condes,3,SAN SEBASTIAN 2839,84,1,15,LC,84_LC_1,28800,1,0.658537163,inf,50000,84_LC_1,1,3,50000,15
SALCOBRAND S.A.,Providencia,2,COYANCURA  2283  OF. 1502,85,1,70,PR,85_PR_1,28800,4,0.297917521,0.005984152,129,85_PR_1,1,2,129,70
SALVI HERMANOS LTDA.,Providencia,2,MANUEL MONTT 844,86,1,90,PR,86_PR_1,28800,1,0.745483552,inf,50000,86_PR_1,1,2,50000,90
SANHUEZA VALLADARES CARLOS,Santiago,1,HUERFANOS 1294 OF 21,259,3,110,SA,259_SA_3,28800,4,0.324927609,0.008259434,178,259_SA_3,3,1,178,110
SANTANDER GESTION DE RECAUD. Y COB. LTDA,Santiago,1,MONEDA 856 PISO 5 OF. 502,260,3,120,SA,260_SA_3,28800,4,0.326054867,0.008367279,181,260_SA_3,3,1,181,120
SEC.REG.M.DE BIENES NAC.P.S.TIT.,Santiago,1,JUAN ANTONIO RIOS 6 P.5 DECRET,261,3,90,SA,261_SA_3,28800,4,0.64950175,0.272861412,5894,261_SA_3,3,1,5894,90
SEC.REG.MINST.DE TRASP.Y TELECOM,Santiago,1,AMUNATEGUI 139 PISO 9,87,1,60,SA,87_SA_1,28800,3,0.437714745,0.078560222,1697,87_SA_1,1,1,1697,60
SEC.REG.MINST.DE TRASP.Y TELECOM,Santiago,1,AMUNATEGUI 139 PISO 2 BIBLIOTECA,262,3,120,SA,262_SA_3,28800,3,0.437714745,0.078560222,1697,262_SA_3,3,1,1697,120
SEGURIDAD Y  TELECOMUNICACIONES S.A.,Las Condes,3,LAS CONDES 7300,88,1,120,LC,88_LC_1,28800,1,0.695102885,inf,50000,88_LC_1,1,3,50000,120
SEGUROS SECURITY PREVISION GENERALES S.A,Las Condes,3,HENDAYA 60 PISO 6 OF.601,328,4,120,LC,328_LC_4,28800,1,0.537001353,inf,50000,328_LC_4,4,3,50000,120
SEGUROS SECURITY PREVISION GENERALES S.A,Las Condes,3,HENDAYA 60 P7,329,4,90,LC,329_LC_4,28800,1,0.537001353,inf,50000,329_LC_4,4,3,50000,90
SEGUROS VIDA SECURITY PREVISION S.A.,Las Condes,3,HENDAYA 60 PISO 7 CASA MATRIZ,182,2,60,LC,182_LC_2,28800,2,0.697074724,inf,50000,182_LC_2,2,3,50000,60
SEGURY CORP S.A.,—uÒoa,5,SUCRE 1828,183,2,20,NU,183_NU_2,28800,4,0.409385942,0.020279556,438,183_NU_2,2,5,438,20
SENADO DE LA REPUBLICA,Santiago,1,SAN MARTIN 32 P.2,263,3,60,SA,263_SA_3,28800,2,0.737197383,inf,50000,263_SA_3,3,1,50000,60
SENADO DE LA REPUBLICA,Santiago,1,SAN MARTIN 32 P.2,184,2,15,SA,184_SA_2,28800,2,0.737197383,inf,50000,184_SA_2,2,1,50000,15
SER.DE RG.CIVIL E IDENTIFICACION,Santiago,1,CATEDRAL 1772 PISO 6 PRESUPUESTO,185,2,35,SA,185_SA_2,28800,3,0.703215079,inf,50000,185_SA_2,2,1,50000,35
SER.DE RG.CIVIL E IDENTIFICACION,Santiago,1,CATEDRAL 1772 P.4,331,4,160,SA,331_SA_4,28800,3,0.703215079,inf,50000,331_SA_4,4,1,50000,160
SER.DE RG.CIVIL E IDENTIFICACION,Santiago,1,HUERFANOS 1570 P3 DIR REGIONAL,330,4,120,SA,330_SA_4,28800,3,0.703215079,inf,50000,330_SA_4,4,1,50000,120
SERV. INTEGRALES DE COMERCIO EXTERIOR LT,Santiago,1,MONJITAS 392 P 11 OF 1103,264,3,65,SA,264_SA_3,28800,1,0.498090658,inf,50000,264_SA_3,3,1,50000,65
SERV.DE CORRESPONDENCIA ENVIA LTDA,Providencia,2,CALLE BARROS ERRAZURIZ 1954 OF.1602,186,2,120,PR,186_PR_2,28800,4,0.318086342,0.007628255,165,186_PR_2,2,2,165,120
SERVICIO DE IMPUESTOS INTERNOS,Santiago,1,TEATINOS 120 SUBTERRANEO,187,2,210,SA,187_SA_2,28800,1,0.304169121,inf,50000,187_SA_2,2,1,50000,210
SERVICIOS DE ADMIN. PREVISIONALES S.A.,Providencia,2,MARCHANT PEREIRA 10  P.16,89,1,70,PR,89_PR_1,28800,1,0.62589368,inf,50000,89_PR_1,1,2,50000,70
SERVICIOS DE CONTROL DE CREDITOS S.A.,Santiago,1,MONJITAS 550 P2 OF 7,90,1,90,SA,90_SA_1,28800,4,0.25177644,0.003235821,70,90_SA_1,1,1,70,90
SERVICIOS DE INGENIERIA LTDA.,Las Condes,3,AV VITACURA  2771 OF 1101 B,391,5,75,LC,391_LC_5,28800,2,0.554089893,inf,50000,391_LC_5,5,3,50000,75
SERVICIOS GENERALES LTDA.,Providencia,2,AV. RICARDO LYON 1177 CENTRAL,393,5,150,PR,393_PR_5,28800,1,0.286914584,inf,50000,393_PR_5,5,2,50000,150
SERVICIOS GENERALES LTDA.,Providencia,2,LADISLAO ERRAZURIZ 2121,91,1,120,PR,91_PR_1,28800,1,0.286914584,inf,50000,91_PR_1,1,2,50000,120
SERVICIOS GENERALES LTDA.,Providencia,2,AV. RICARDO LYON 1177 CENTRO D.,392,5,35,PR,392_PR_5,28800,1,0.286914584,inf,50000,392_PR_5,5,2,50000,35
SERVICIOS GRAFICOS JCV S.A.,Vitacura,4,VITACURA 2653 B,188,2,100,VI,188_VI_2,28800,4,0.254103037,0.00334576,72,188_VI_2,2,4,72,100
SHELL CHILE S.A.C.E.I.,Providencia,2,CARLOS ANTUNEZ 2490,332,4,120,PR,332_PR_4,28800,4,0.533492133,0.068708962,1484,332_PR_4,4,2,1484,120
SIEMENS S.A.,Providencia,2,AV HOLANDA 64,265,3,100,PR,265_PR_3,28800,2,0.594693172,inf,50000,265_PR_3,3,2,50000,100
SOC FORESTAL LOS ESTEROS LTDA,Santiago,1,COMPANIA 1068  OF 607,92,1,60,SA,92_SA_1,28800,3,0.713053172,inf,50000,92_SA_1,1,1,50000,60
SOC.AGRIC.ABOUGHAZALEH HNOS.LTDA.,Vitacura,4,AV LUIS  PASTEUR  5842  OF. 400,333,4,90,VI,333_VI_4,28800,3,0.701102329,inf,50000,333_VI_4,4,4,50000,90
SOC.INMOBILIARIA SAN CRISTOBAL,Providencia,2,AV.STA. MARIA 1742 INGENIERIA,394,5,75,PR,394_PR_5,28800,3,0.730532188,inf,50000,394_PR_5,5,2,50000,75
SOCIEDAD CONSTRUCTORA ELECTRICA LTDA.,Santiago,1,HUERFANOS  1178 OF 509,93,1,90,SA,93_SA_1,28800,4,0.575884136,0.107435564,2321,93_SA_1,1,1,2321,90
SODEXHO CHILE S.A.,—uÒoa,5,WILLIAMS REBOLLEDO 1799  P.2.EDIF NUEVO,94,1,160,NU,94_NU_1,28800,1,0.71289294,inf,50000,94_NU_1,1,5,50000,160
SONDA S.A.,Santiago,1,TEATINOS 500 P.8,95,1,140,SA,95_SA_1,28800,3,0.291381378,0.018086564,391,95_SA_1,1,1,391,140
SOUTH EXPRESS CARGO S.A.,Santiago,1,SOTERO DEL RIO 508 OF 1027,334,4,30,SA,334_SA_4,28800,4,0.460374458,0.033454659,723,334_SA_4,4,1,723,30
STECK Y CIA. LTDA.,Vitacura,4,BUENAVENTURA 1770 L.6,96,1,50,VI,96_VI_1,28800,1,0.730792551,inf,50000,96_VI_1,1,4,50000,50
STUEDEMANN S.A.,Providencia,2,CONDELL 303 STUDIO PRINT,98,1,10,PR,98_PR_1,28800,2,0.517067656,inf,50000,98_PR_1,1,2,50000,10
STUEDEMANN S.A.,Providencia,2,CONDELL 303 STUDIOPRINT,97,1,20,PR,97_PR_1,28800,2,0.517067656,inf,50000,97_PR_1,1,2,50000,20
SUP.DE ADMNST.FDOS.DE PENSIONES,Santiago,1,HUERFANOS 1273 P.14,335,4,30,SA,335_SA_4,28800,3,0.6030075,0.644744205,13926,335_SA_4,4,1,13926,30
SUPERINT DE INSTIT DE SALUD PREVISIONAL,Santiago,1,MAC IVER 225 P 3,266,3,80,SA,266_SA_3,28800,2,0.354331996,0.216320046,4673,266_SA_3,3,1,4673,80
SUPERINTENDENCIA DE ELECTRICIDAD Y COMBU,Santiago,1,AMUNATEGUI 58 P.5,99,1,75,SA,99_SA_1,28800,4,0.257088424,0.003490838,75,99_SA_1,1,1,75,75
SUPERMERCADO VESPUCIO SUR LTDA.,—uÒoa,5,A.VESPUCIO SUR 881 OF. DE COMPRAS,267,3,50,NU,267_NU_3,28800,4,0.667340901,0.363794748,7858,267_NU_3,3,5,7858,50
SUPERMERCADOS UNIMARC S.A.,Vitacura,4,AV SANTA MARIA 6940 LIBRERIA,336,4,240,VI,336_VI_4,28800,3,0.29832775,0.019502482,421,336_VI_4,4,4,421,240
TECNA-VAL,Providencia,2,BARROS BORGONO 255,337,4,1,PR,337_PR_4,28800,4,0.590488791,0.126644836,2736,337_PR_4,4,2,2736,1
TRANSBANK S.A.,Santiago,1,HUERFANOS 770 P8,395,5,90,SA,395_SA_5,28800,4,0.305433179,0.006560876,142,395_SA_5,5,1,142,90
TRANSBANK S.A.,Santiago,1,HUERFANOS 770 P 11 GCIA.GRAL.,338,4,60,SA,338_SA_4,28800,4,0.305433179,0.006560876,142,338_SA_4,4,1,142,60
TUR BUS LTDA.,Santiago,1,RUIZ TAGLE 220 P.1 AT CLIENTES,396,5,60,SA,396_SA_5,28800,1,0.381232724,inf,50000,396_SA_5,5,1,50000,60
TUR BUS LTDA.,Santiago,1,DOLORES 800  OPERACIONES P.2,397,5,10,SA,397_SA_5,28800,1,0.381232724,inf,50000,397_SA_5,5,1,50000,10
UNIVERSIDAD CENTRAL,Santiago,1,TOESCA 1783 METRO TOESCA P 1,268,3,90,SA,268_SA_3,28800,3,0.380868312,0.045060697,973,268_SA_3,3,1,973,90
UNIVERSIDAD DE CHILE,—uÒoa,5,IGNACIO CARRERA PINTO 1045 CENTRAL APUNT,398,5,150,NU,398_NU_5,28800,2,0.383653622,0.31476955,6799,398_NU_5,5,5,6799,150
UNIVERSIDAD DE CHILE,Santiago,1,PLAZA ERCILLA 883 OF.PARTES,340,4,60,SA,340_SA_4,28800,2,0.383653622,0.31476955,6799,340_SA_4,4,1,6799,60
UNIVERSIDAD DE CHILE,Santiago,1,DIAGONAL PARAGUAY 257-PISO 1,339,4,140,SA,339_SA_4,28800,2,0.383653622,0.31476955,6799,339_SA_4,4,1,6799,140
UNIVERSIDAD DE CHILE,Providencia,2,PIO NONO NRO.1,189,2,80,PR,189_PR_2,28800,2,0.383653622,0.31476955,6799,189_PR_2,2,2,6799,80
UNIVERSIDAD DE LA REPUBLICA,Santiago,1,AGUSTINAS 1831 -CENTRAL DE APUNTES,399,5,60,SA,399_SA_5,28800,1,0.250888165,inf,50000,399_SA_5,5,1,50000,60
UNIVERSIDAD DE LA REPUBLICA,Santiago,1,AGUSTINAS 1831,190,2,30,SA,190_SA_2,28800,1,0.250888165,inf,50000,190_SA_2,2,1,50000,30
UNIVERSIDAD FINIS TERRAE,Providencia,2,AV. PEDRO DE VALDIVIA 1543,100,1,60,PR,100_PR_1,28800,4,0.6363247,0.225386307,4868,100_PR_1,1,2,4868,60
UNIVERSIDAD TECNICA METROPOLITANA,Santiago,1,VIDAURRE 1550 P/4 COMPUTACION,269,3,40,SA,269_SA_3,28800,2,0.495536729,13.73459255,296667,269_SA_3,3,1,296667,40
VM.ICA SISTEMAS Y TECNOLOGIA LTDA.,Providencia,2,FIDEL OTEIZA 1916 OF.1001,400,5,45,PR,400_PR_5,28800,1,0.577913484,inf,50000,400_PR_5,5,2,50000,45
WARNER MUSIC CHILE S.A.,Providencia,2,AV. POCURO 2262,270,3,75,PR,270_PR_3,28800,2,0.429913804,0.652286641,14089,270_PR_3,3,2,14089,75